$date
	Sun Oct 27 16:13:19 2024
$end
$version
	Icarus Verilog
$end
$timescale
	1ps
$end
$scope module and2_autocheck_top_tb $end
$var wire 1 ! __config_all_done__ $end
$var wire 1 " __op_clock__ $end
$var wire 1 # __prog_clock__ $end
$var wire 1 $ clk $end
$var wire 1 % config_enable $end
$var wire 64 & gfpga_pad_GPIO_PAD [0:63] $end
$var wire 1 ' pReset $end
$var wire 1 ( prog_clk $end
$var wire 1 ) reset $end
$var wire 1 * set $end
$var wire 1 + ccff_tail $end
$var wire 1 , c_fpga $end
$var wire 1 - c_benchmark $end
$var reg 1 . __config_done__ $end
$var reg 1 / __greset__ $end
$var reg 1 0 __gset__ $end
$var reg 1 1 __op_clock___reg__ $end
$var reg 1 2 __prog_clock___reg__ $end
$var reg 1 3 __prog_reset__ $end
$var reg 1 4 __prog_set_ $end
$var reg 1 5 a_shared_input $end
$var reg 1 6 b_shared_input $end
$var reg 14 7 bit_index [13:0] $end
$var reg 1 8 c_flag $end
$var reg 1 9 ccff_head $end
$var reg 14 : ibit [13:0] $end
$var reg 1 ; sim_start $end
$var reg 1 < skip_bits $end
$var integer 32 = nb_error [31:0] $end
$upscope $end
$enddefinitions $end
#0
$dumpvars
b1 =
0<
1;
b1011001101011 :
09
08
b0 7
06
15
14
13
02
01
00
1/
0.
0-
x,
x+
0*
1)
0(
1'
bx &
1%
0$
0#
0"
0!
$end
#1667
12
#3333
1(
1#
04
0'
03
#3334
b1 7
0(
0#
02
#5001
1(
1#
12
#6668
b10 7
0(
0#
02
#8335
1(
1#
12
#10002
b11 7
0(
0#
02
#11669
1(
1#
12
#13336
b100 7
0(
0#
02
#15003
1(
1#
12
#16670
b101 7
0(
0#
02
#18337
1(
1#
12
#20004
b110 7
0(
0#
02
#21671
1(
1#
12
#23338
b111 7
0(
0#
02
#25005
1(
1#
12
#26672
b1000 7
0(
0#
02
#28339
1(
1#
12
#30006
b1001 7
0(
0#
02
#31673
1(
1#
12
#33340
b1010 7
0(
0#
02
#35007
1(
1#
12
#36674
b1011 7
0(
0#
02
#38341
1(
1#
12
#40008
b1100 7
0(
0#
02
#41675
1(
1#
12
#43342
b1101 7
0(
0#
02
#45009
1(
1#
12
#46676
b1110 7
0(
0#
02
#48343
1(
1#
12
#50010
b1111 7
0(
0#
02
#51677
1(
1#
12
#53344
b10000 7
0(
0#
02
#55011
1(
1#
12
#56678
b10001 7
0(
0#
02
#58345
1(
1#
12
#60012
b10010 7
0(
0#
02
#61679
1(
1#
12
#63346
b10011 7
0(
0#
02
#65013
1(
1#
12
#66680
b10100 7
0(
0#
02
#68347
1(
1#
12
#70014
b10101 7
0(
0#
02
#71681
1(
1#
12
#73348
b10110 7
0(
0#
02
#75015
1(
1#
12
#76682
b10111 7
0(
0#
02
#78349
1(
1#
12
#80016
b11000 7
0(
0#
02
#81683
1(
1#
12
#83350
b11001 7
0(
0#
02
#85017
1(
1#
12
#86684
b11010 7
0(
0#
02
#88351
1(
1#
12
#90018
b11011 7
0(
0#
02
#91685
1(
1#
12
#93352
b11100 7
0(
0#
02
#95019
1(
1#
12
#96686
b11101 7
0(
0#
02
#98353
1(
1#
12
#100020
b11110 7
0(
0#
02
#101687
1(
1#
12
#103354
b11111 7
0(
0#
02
#105021
1(
1#
12
#106688
b100000 7
0(
0#
02
#108355
1(
1#
12
#110022
b100001 7
0(
0#
02
#111689
1(
1#
12
#113356
b100010 7
0(
0#
02
#115023
1(
1#
12
#116690
b100011 7
0(
0#
02
#118357
1(
1#
12
#120024
b100100 7
0(
0#
02
#121691
1(
1#
12
#123358
b100101 7
0(
0#
02
#125025
1(
1#
12
#126692
b100110 7
0(
0#
02
#128359
1(
1#
12
#130026
b100111 7
0(
0#
02
#131693
1(
1#
12
#133360
b101000 7
0(
0#
02
#135027
1(
1#
12
#136694
b101001 7
0(
0#
02
#138361
1(
1#
12
#140028
b101010 7
0(
0#
02
#141695
1(
1#
12
#143362
b101011 7
0(
0#
02
#145029
1(
1#
12
#146696
b101100 7
0(
0#
02
#148363
1(
1#
12
#150030
b101101 7
0(
0#
02
#151697
1(
1#
12
#153364
b101110 7
0(
0#
02
#155031
1(
1#
12
#156698
b101111 7
0(
0#
02
#158365
1(
1#
12
#160032
b110000 7
0(
0#
02
#161699
1(
1#
12
#163366
b110001 7
0(
0#
02
#165033
1(
1#
12
#166700
b110010 7
0(
0#
02
#168367
1(
1#
12
#170034
b110011 7
0(
0#
02
#171701
1(
1#
12
#173368
b110100 7
0(
0#
02
#175035
1(
1#
12
#176702
b110101 7
0(
0#
02
#178369
1(
1#
12
#180036
b110110 7
0(
0#
02
#181703
1(
1#
12
#183370
b110111 7
0(
0#
02
#185037
1(
1#
12
#186704
b111000 7
0(
0#
02
#188371
1(
1#
12
#190038
b111001 7
0(
0#
02
#191705
1(
1#
12
#193372
b111010 7
0(
0#
02
#195039
1(
1#
12
#196706
b111011 7
0(
0#
02
#198373
1(
1#
12
#200040
b111100 7
0(
0#
02
#201707
1(
1#
12
#203374
b111101 7
0(
0#
02
#205041
1(
1#
12
#206708
b111110 7
0(
0#
02
#208375
1(
1#
12
#210042
b111111 7
0(
0#
02
#211709
1(
1#
12
#213376
b1000000 7
0(
0#
02
#215043
1(
1#
12
#216710
b1000001 7
0(
0#
02
#218377
1(
1#
12
#220044
b1000010 7
0(
0#
02
#221711
1(
1#
12
#223378
b1000011 7
0(
0#
02
#225045
1(
1#
12
#226712
b1000100 7
0(
0#
02
#228379
1(
1#
12
#230046
b1000101 7
0(
0#
02
#231713
1(
1#
12
#233380
b1000110 7
0(
0#
02
#235047
1(
1#
12
#236714
b1000111 7
0(
0#
02
#238381
1(
1#
12
#240048
b1001000 7
0(
0#
02
#241715
1(
1#
12
#243382
b1001001 7
0(
0#
02
#245049
1(
1#
12
#246716
b1001010 7
0(
0#
02
#248383
1(
1#
12
#250050
b1001011 7
0(
0#
02
#251717
1(
1#
12
#253384
b1001100 7
0(
0#
02
#255051
1(
1#
12
#256718
b1001101 7
0(
0#
02
#258385
1(
1#
12
#260052
b1001110 7
0(
0#
02
#261719
1(
1#
12
#263386
b1001111 7
0(
0#
02
#265053
1(
1#
12
#266720
b1010000 7
0(
0#
02
#268387
1(
1#
12
#270054
b1010001 7
0(
0#
02
#271721
1(
1#
12
#273388
b1010010 7
0(
0#
02
#275055
1(
1#
12
#276722
b1010011 7
0(
0#
02
#278389
1(
1#
12
#280056
b1010100 7
0(
0#
02
#281723
1(
1#
12
#283390
b1010101 7
0(
0#
02
#285057
1(
1#
12
#286724
b1010110 7
0(
0#
02
#288391
1(
1#
12
#290058
b1010111 7
0(
0#
02
#291725
1(
1#
12
#293392
b1011000 7
0(
0#
02
#295059
1(
1#
12
#296726
b1011001 7
0(
0#
02
#298393
1(
1#
12
#300060
b1011010 7
0(
0#
02
#301727
1(
1#
12
#303394
b1011011 7
0(
0#
02
#305061
1(
1#
12
#306728
b1011100 7
0(
0#
02
#308395
1(
1#
12
#310062
b1011101 7
0(
0#
02
#311729
1(
1#
12
#313396
b1011110 7
0(
0#
02
#315063
1(
1#
12
#316730
b1011111 7
0(
0#
02
#318397
1(
1#
12
#320064
b1100000 7
0(
0#
02
#321731
1(
1#
12
#323398
b1100001 7
0(
0#
02
#325065
1(
1#
12
#326732
b1100010 7
0(
0#
02
#328399
1(
1#
12
#330066
b1100011 7
0(
0#
02
#331733
1(
1#
12
#333400
b1100100 7
0(
0#
02
#335067
1(
1#
12
#336734
b1100101 7
0(
0#
02
#338401
1(
1#
12
#340068
b1100110 7
0(
0#
02
#341735
1(
1#
12
#343402
b1100111 7
0(
0#
02
#345069
1(
1#
12
#346736
b1101000 7
0(
0#
02
#348403
1(
1#
12
#350070
b1101001 7
0(
0#
02
#351737
1(
1#
12
#353404
b1101010 7
0(
0#
02
#355071
1(
1#
12
#356738
b1101011 7
0(
0#
02
#358405
1(
1#
12
#360072
b1101100 7
0(
0#
02
#361739
1(
1#
12
#363406
b1101101 7
0(
0#
02
#365073
1(
1#
12
#366740
b1101110 7
0(
0#
02
#368407
1(
1#
12
#370074
b1101111 7
0(
0#
02
#371741
1(
1#
12
#373408
b1110000 7
0(
0#
02
#375075
1(
1#
12
#376742
b1110001 7
0(
0#
02
#378409
1(
1#
12
#380076
b1110010 7
0(
0#
02
#381743
1(
1#
12
#383410
b1110011 7
0(
0#
02
#385077
1(
1#
12
#386744
b1110100 7
0(
0#
02
#388411
1(
1#
12
#390078
b1110101 7
0(
0#
02
#391745
1(
1#
12
#393412
b1110110 7
0(
0#
02
#395079
1(
1#
12
#396746
b1110111 7
0(
0#
02
#398413
1(
1#
12
#400080
b1111000 7
0(
0#
02
#401747
1(
1#
12
#403414
b1111001 7
0(
0#
02
#405081
1(
1#
12
#406748
b1111010 7
0(
0#
02
#408415
1(
1#
12
#410082
b1111011 7
0(
0#
02
#411749
1(
1#
12
#413416
b1111100 7
0(
0#
02
#415083
1(
1#
12
#416750
b1111101 7
0(
0#
02
#418417
1(
1#
12
#420084
b1111110 7
0(
0#
02
#421751
1(
1#
12
#423418
b1111111 7
0(
0#
02
#425085
1(
1#
12
#426752
b10000000 7
0(
0#
02
#428419
1(
1#
12
#430086
b10000001 7
0(
0#
02
#431753
1(
1#
12
#433420
b10000010 7
0(
0#
02
#435087
1(
1#
12
#436754
b10000011 7
0(
0#
02
#438421
1(
1#
12
#440088
b10000100 7
0(
0#
02
#441755
1(
1#
12
#443422
b10000101 7
0(
0#
02
#445089
1(
1#
12
#446756
b10000110 7
0(
0#
02
#448423
1(
1#
12
#450090
b10000111 7
0(
0#
02
#451757
1(
1#
12
#453424
b10001000 7
0(
0#
02
#455091
1(
1#
12
#456758
b10001001 7
0(
0#
02
#458425
1(
1#
12
#460092
b10001010 7
0(
0#
02
#461759
1(
1#
12
#463426
b10001011 7
0(
0#
02
#465093
1(
1#
12
#466760
b10001100 7
0(
0#
02
#468427
1(
1#
12
#470094
b10001101 7
0(
0#
02
#471761
1(
1#
12
#473428
b10001110 7
0(
0#
02
#475095
1(
1#
12
#476762
b10001111 7
0(
0#
02
#478429
1(
1#
12
#480096
b10010000 7
0(
0#
02
#481763
1(
1#
12
#483430
b10010001 7
0(
0#
02
#485097
1(
1#
12
#486764
b10010010 7
0(
0#
02
#488431
1(
1#
12
#490098
b10010011 7
0(
0#
02
#491765
1(
1#
12
#493432
b10010100 7
0(
0#
02
#495099
1(
1#
12
#496766
b10010101 7
0(
0#
02
#498433
1(
1#
12
#500100
b10010110 7
0(
0#
02
#501767
1(
1#
12
#503434
b10010111 7
0(
0#
02
#505101
1(
1#
12
#506768
b10011000 7
0(
0#
02
#508435
1(
1#
12
#510102
b10011001 7
0(
0#
02
#511769
1(
1#
12
#513436
b10011010 7
0(
0#
02
#515103
1(
1#
12
#516770
b10011011 7
0(
0#
02
#518437
1(
1#
12
#520104
b10011100 7
0(
0#
02
#521771
1(
1#
12
#523438
b10011101 7
0(
0#
02
#525105
1(
1#
12
#526772
b10011110 7
0(
0#
02
#528439
1(
1#
12
#530106
b10011111 7
0(
0#
02
#531773
1(
1#
12
#533440
b10100000 7
0(
0#
02
#535107
1(
1#
12
#536774
b10100001 7
0(
0#
02
#538441
1(
1#
12
#540108
b10100010 7
0(
0#
02
#541775
1(
1#
12
#543442
b10100011 7
0(
0#
02
#545109
1(
1#
12
#546776
b10100100 7
0(
0#
02
#548443
1(
1#
12
#550110
b10100101 7
0(
0#
02
#551777
1(
1#
12
#553444
b10100110 7
0(
0#
02
#555111
1(
1#
12
#556778
b10100111 7
0(
0#
02
#558445
1(
1#
12
#560112
b10101000 7
0(
0#
02
#561779
1(
1#
12
#563446
b10101001 7
0(
0#
02
#565113
1(
1#
12
#566780
b10101010 7
0(
0#
02
#568447
1(
1#
12
#570114
b10101011 7
0(
0#
02
#571781
1(
1#
12
#573448
b10101100 7
0(
0#
02
#575115
1(
1#
12
#576782
b10101101 7
0(
0#
02
#578449
1(
1#
12
#580116
b10101110 7
0(
0#
02
#581783
1(
1#
12
#583450
b10101111 7
0(
0#
02
#585117
1(
1#
12
#586784
b10110000 7
0(
0#
02
#588451
1(
1#
12
#590118
b10110001 7
0(
0#
02
#591785
1(
1#
12
#593452
b10110010 7
0(
0#
02
#595119
1(
1#
12
#596786
b10110011 7
0(
0#
02
#598453
1(
1#
12
#600120
b10110100 7
0(
0#
02
#601787
1(
1#
12
#603454
b10110101 7
0(
0#
02
#605121
1(
1#
12
#606788
b10110110 7
0(
0#
02
#608455
1(
1#
12
#610122
b10110111 7
0(
0#
02
#611789
1(
1#
12
#613456
b10111000 7
0(
0#
02
#615123
1(
1#
12
#616790
b10111001 7
0(
0#
02
#618457
1(
1#
12
#620124
b10111010 7
0(
0#
02
#621791
1(
1#
12
#623458
b10111011 7
0(
0#
02
#625125
1(
1#
12
#626792
b10111100 7
0(
0#
02
#628459
1(
1#
12
#630126
b10111101 7
0(
0#
02
#631793
1(
1#
12
#633460
b10111110 7
0(
0#
02
#635127
1(
1#
12
#636794
b10111111 7
0(
0#
02
#638461
1(
1#
12
#640128
b11000000 7
0(
0#
02
#641795
1(
1#
12
#643462
b11000001 7
0(
0#
02
#645129
1(
1#
12
#646796
b11000010 7
0(
0#
02
#648463
1(
1#
12
#650130
b11000011 7
0(
0#
02
#651797
1(
1#
12
#653464
b11000100 7
0(
0#
02
#655131
1(
1#
12
#656798
b11000101 7
0(
0#
02
#658465
1(
1#
12
#660132
b11000110 7
0(
0#
02
#661799
1(
1#
12
#663466
b11000111 7
0(
0#
02
#665133
1(
1#
12
#666800
b11001000 7
0(
0#
02
#668467
1(
1#
12
#670134
b11001001 7
0(
0#
02
#671801
1(
1#
12
#673468
b11001010 7
0(
0#
02
#675135
1(
1#
12
#676802
b11001011 7
0(
0#
02
#678469
1(
1#
12
#680136
b11001100 7
0(
0#
02
#681803
1(
1#
12
#683470
b11001101 7
0(
0#
02
#685137
1(
1#
12
#686804
b11001110 7
0(
0#
02
#688471
1(
1#
12
#690138
b11001111 7
0(
0#
02
#691805
1(
1#
12
#693472
b11010000 7
0(
0#
02
#695139
1(
1#
12
#696806
b11010001 7
0(
0#
02
#698473
1(
1#
12
#700140
b11010010 7
0(
0#
02
#701807
1(
1#
12
#703474
b11010011 7
0(
0#
02
#705141
1(
1#
12
#706808
b11010100 7
0(
0#
02
#708475
1(
1#
12
#710142
b11010101 7
0(
0#
02
#711809
1(
1#
12
#713476
b11010110 7
0(
0#
02
#715143
1(
1#
12
#716810
b11010111 7
0(
0#
02
#718477
1(
1#
12
#720144
b11011000 7
0(
0#
02
#721811
1(
1#
12
#723478
b11011001 7
0(
0#
02
#725145
1(
1#
12
#726812
b11011010 7
0(
0#
02
#728479
1(
1#
12
#730146
b11011011 7
0(
0#
02
#731813
1(
1#
12
#733480
b11011100 7
0(
0#
02
#735147
1(
1#
12
#736814
b11011101 7
0(
0#
02
#738481
1(
1#
12
#740148
b11011110 7
0(
0#
02
#741815
1(
1#
12
#743482
b11011111 7
0(
0#
02
#745149
1(
1#
12
#746816
b11100000 7
0(
0#
02
#748483
1(
1#
12
#750150
b11100001 7
0(
0#
02
#751817
1(
1#
12
#753484
b11100010 7
0(
0#
02
#755151
1(
1#
12
#756818
b11100011 7
0(
0#
02
#758485
1(
1#
12
#760152
b11100100 7
0(
0#
02
#761819
1(
1#
12
#763486
b11100101 7
0(
0#
02
#765153
bx0xxxxxxxxxxxxxxxxxx &
1(
1#
12
#766820
b11100110 7
0(
0#
02
#768487
bx00xxxxxxxxxxxxxxxxx &
1(
1#
12
#770154
b11100111 7
0(
0#
02
#771821
bx000xxxxxxxxxxxxxxxx &
1(
1#
12
#773488
b11101000 7
0(
0#
02
#775155
1(
1#
12
#776822
b11101001 7
0(
0#
02
#778489
1(
1#
12
#780156
b11101010 7
0(
0#
02
#781823
1(
1#
12
#783490
b11101011 7
0(
0#
02
#785157
1(
1#
12
#786824
b11101100 7
0(
0#
02
#788491
1(
1#
12
#790158
b11101101 7
0(
0#
02
#791825
1(
1#
12
#793492
b11101110 7
0(
0#
02
#795159
1(
1#
12
#796826
b11101111 7
0(
0#
02
#798493
1(
1#
12
#800160
b11110000 7
0(
0#
02
#801827
1(
1#
12
#803494
b11110001 7
0(
0#
02
#805161
1(
1#
12
#806828
b11110010 7
0(
0#
02
#808495
1(
1#
12
#810162
b11110011 7
0(
0#
02
#811829
1(
1#
12
#813496
b11110100 7
0(
0#
02
#815163
1(
1#
12
#816830
b11110101 7
0(
0#
02
#818497
1(
1#
12
#820164
b11110110 7
0(
0#
02
#821831
1(
1#
12
#823498
b11110111 7
0(
0#
02
#825165
1(
1#
12
#826832
b11111000 7
0(
0#
02
#828499
1(
1#
12
#830166
b11111001 7
0(
0#
02
#831833
1(
1#
12
#833500
b11111010 7
0(
0#
02
#835167
1(
1#
12
#836834
b11111011 7
0(
0#
02
#838501
1(
1#
12
#840168
b11111100 7
0(
0#
02
#841835
1(
1#
12
#843502
b11111101 7
0(
0#
02
#845169
1(
1#
12
#846836
b11111110 7
0(
0#
02
#848503
1(
1#
12
#850170
b11111111 7
0(
0#
02
#851837
1(
1#
12
#853504
b100000000 7
0(
0#
02
#855171
1(
1#
12
#856838
b100000001 7
0(
0#
02
#858505
1(
1#
12
#860172
b100000010 7
0(
0#
02
#861839
1(
1#
12
#863506
b100000011 7
0(
0#
02
#865173
1(
1#
12
#866840
b100000100 7
0(
0#
02
#868507
1(
1#
12
#870174
b100000101 7
0(
0#
02
#871841
1(
1#
12
#873508
b100000110 7
0(
0#
02
#875175
1(
1#
12
#876842
b100000111 7
0(
0#
02
#878509
1(
1#
12
#880176
b100001000 7
0(
0#
02
#881843
1(
1#
12
#883510
b100001001 7
0(
0#
02
#885177
1(
1#
12
#886844
b100001010 7
0(
0#
02
#888511
1(
1#
12
#890178
b100001011 7
0(
0#
02
#891845
1(
1#
12
#893512
b100001100 7
0(
0#
02
#895179
1(
1#
12
#896846
b100001101 7
0(
0#
02
#898513
1(
1#
12
#900180
b100001110 7
0(
0#
02
#901847
1(
1#
12
#903514
b100001111 7
0(
0#
02
#905181
1(
1#
12
#906848
b100010000 7
0(
0#
02
#908515
1(
1#
12
#910182
b100010001 7
0(
0#
02
#911849
1(
1#
12
#913516
b100010010 7
0(
0#
02
#915183
1(
1#
12
#916850
b100010011 7
0(
0#
02
#918517
1(
1#
12
#920184
b100010100 7
0(
0#
02
#921851
1(
1#
12
#923518
b100010101 7
0(
0#
02
#925185
1(
1#
12
#926852
b100010110 7
0(
0#
02
#928519
1(
1#
12
#930186
b100010111 7
0(
0#
02
#931853
1(
1#
12
#933520
b100011000 7
0(
0#
02
#935187
1(
1#
12
#936854
b100011001 7
0(
0#
02
#938521
1(
1#
12
#940188
b100011010 7
0(
0#
02
#941855
1(
1#
12
#943522
b100011011 7
0(
0#
02
#945189
1(
1#
12
#946856
b100011100 7
0(
0#
02
#948523
1(
1#
12
#950190
b100011101 7
0(
0#
02
#951857
1(
1#
12
#953524
b100011110 7
0(
0#
02
#955191
1(
1#
12
#956858
b100011111 7
0(
0#
02
#958525
1(
1#
12
#960192
b100100000 7
0(
0#
02
#961859
1(
1#
12
#963526
b100100001 7
0(
0#
02
#965193
1(
1#
12
#966860
b100100010 7
0(
0#
02
#968527
1(
1#
12
#970194
b100100011 7
0(
0#
02
#971861
1(
1#
12
#973528
b100100100 7
0(
0#
02
#975195
1(
1#
12
#976862
b100100101 7
0(
0#
02
#978529
1(
1#
12
#980196
b100100110 7
0(
0#
02
#981863
1(
1#
12
#983530
b100100111 7
0(
0#
02
#985197
1(
1#
12
#986864
b100101000 7
0(
0#
02
#988531
1(
1#
12
#990198
b100101001 7
0(
0#
02
#991865
1(
1#
12
#993532
b100101010 7
0(
0#
02
#995199
1(
1#
12
#996866
b100101011 7
0(
0#
02
#998533
1(
1#
12
#1000200
b100101100 7
0(
0#
02
#1001867
1(
1#
12
#1003534
b100101101 7
0(
0#
02
#1005201
1(
1#
12
#1006868
b100101110 7
0(
0#
02
#1008535
1(
1#
12
#1010202
b100101111 7
0(
0#
02
#1011869
1(
1#
12
#1013536
b100110000 7
0(
0#
02
#1015203
1(
1#
12
#1016870
b100110001 7
0(
0#
02
#1018537
1(
1#
12
#1020204
b100110010 7
0(
0#
02
#1021871
1(
1#
12
#1023538
b100110011 7
0(
0#
02
#1025205
1(
1#
12
#1026872
b100110100 7
0(
0#
02
#1028539
1(
1#
12
#1030206
b100110101 7
0(
0#
02
#1031873
1(
1#
12
#1033540
b100110110 7
0(
0#
02
#1035207
1(
1#
12
#1036874
b100110111 7
0(
0#
02
#1038541
1(
1#
12
#1040208
b100111000 7
0(
0#
02
#1041875
1(
1#
12
#1043542
b100111001 7
0(
0#
02
#1045209
1(
1#
12
#1046876
b100111010 7
0(
0#
02
#1048543
1(
1#
12
#1050210
b100111011 7
0(
0#
02
#1051877
1(
1#
12
#1053544
b100111100 7
0(
0#
02
#1055211
1(
1#
12
#1056878
b100111101 7
0(
0#
02
#1058545
1(
1#
12
#1060212
b100111110 7
0(
0#
02
#1061879
1(
1#
12
#1063546
b100111111 7
0(
0#
02
#1065213
1(
1#
12
#1066880
b101000000 7
0(
0#
02
#1068547
1(
1#
12
#1070214
b101000001 7
0(
0#
02
#1071881
1(
1#
12
#1073548
b101000010 7
0(
0#
02
#1075215
1(
1#
12
#1076882
b101000011 7
0(
0#
02
#1078549
1(
1#
12
#1080216
b101000100 7
0(
0#
02
#1081883
1(
1#
12
#1083550
b101000101 7
0(
0#
02
#1085217
1(
1#
12
#1086884
b101000110 7
0(
0#
02
#1088551
1(
1#
12
#1090218
b101000111 7
0(
0#
02
#1091885
1(
1#
12
#1093552
b101001000 7
0(
0#
02
#1095219
1(
1#
12
#1096886
b101001001 7
0(
0#
02
#1098553
1(
1#
12
#1100220
b101001010 7
0(
0#
02
#1101887
1(
1#
12
#1103554
b101001011 7
0(
0#
02
#1105221
1(
1#
12
#1106888
b101001100 7
0(
0#
02
#1108555
1(
1#
12
#1110222
b101001101 7
0(
0#
02
#1111889
1(
1#
12
#1113556
b101001110 7
0(
0#
02
#1115223
1(
1#
12
#1116890
b101001111 7
0(
0#
02
#1118557
1(
1#
12
#1120224
b101010000 7
0(
0#
02
#1121891
1(
1#
12
#1123558
b101010001 7
0(
0#
02
#1125225
1(
1#
12
#1126892
b101010010 7
0(
0#
02
#1128559
1(
1#
12
#1130226
b101010011 7
0(
0#
02
#1131893
1(
1#
12
#1133560
b101010100 7
0(
0#
02
#1135227
1(
1#
12
#1136894
b101010101 7
0(
0#
02
#1138561
1(
1#
12
#1140228
b101010110 7
0(
0#
02
#1141895
1(
1#
12
#1143562
b101010111 7
0(
0#
02
#1145229
1(
1#
12
#1146896
b101011000 7
0(
0#
02
#1148563
1(
1#
12
#1150230
b101011001 7
0(
0#
02
#1151897
1(
1#
12
#1153564
b101011010 7
0(
0#
02
#1155231
1(
1#
12
#1156898
b101011011 7
0(
0#
02
#1158565
1(
1#
12
#1160232
b101011100 7
0(
0#
02
#1161899
1(
1#
12
#1163566
b101011101 7
0(
0#
02
#1165233
1(
1#
12
#1166900
b101011110 7
0(
0#
02
#1168567
1(
1#
12
#1170234
b101011111 7
0(
0#
02
#1171901
1(
1#
12
#1173568
b101100000 7
0(
0#
02
#1175235
1(
1#
12
#1176902
b101100001 7
0(
0#
02
#1178569
1(
1#
12
#1180236
b101100010 7
0(
0#
02
#1181903
1(
1#
12
#1183570
b101100011 7
0(
0#
02
#1185237
1(
1#
12
#1186904
b101100100 7
0(
0#
02
#1188571
1(
1#
12
#1190238
b101100101 7
0(
0#
02
#1191905
1(
1#
12
#1193572
b101100110 7
0(
0#
02
#1195239
1(
1#
12
#1196906
b101100111 7
0(
0#
02
#1198573
1(
1#
12
#1200240
b101101000 7
0(
0#
02
#1201907
1(
1#
12
#1203574
b101101001 7
0(
0#
02
#1205241
1(
1#
12
#1206908
b101101010 7
0(
0#
02
#1208575
1(
1#
12
#1210242
b101101011 7
0(
0#
02
#1211909
1(
1#
12
#1213576
b101101100 7
0(
0#
02
#1215243
1(
1#
12
#1216910
b101101101 7
0(
0#
02
#1218577
1(
1#
12
#1220244
b101101110 7
0(
0#
02
#1221911
1(
1#
12
#1223578
b101101111 7
0(
0#
02
#1225245
1(
1#
12
#1226912
b101110000 7
0(
0#
02
#1228579
1(
1#
12
#1230246
b101110001 7
0(
0#
02
#1231913
1(
1#
12
#1233580
b101110010 7
0(
0#
02
#1235247
1(
1#
12
#1236914
b101110011 7
0(
0#
02
#1238581
1(
1#
12
#1240248
b101110100 7
0(
0#
02
#1241915
1(
1#
12
#1243582
b101110101 7
0(
0#
02
#1245249
1(
1#
12
#1246916
b101110110 7
0(
0#
02
#1248583
1(
1#
12
#1250250
b101110111 7
0(
0#
02
#1251917
1(
1#
12
#1253584
b101111000 7
0(
0#
02
#1255251
1(
1#
12
#1256918
b101111001 7
0(
0#
02
#1258585
1(
1#
12
#1260252
b101111010 7
0(
0#
02
#1261919
1(
1#
12
#1263586
b101111011 7
0(
0#
02
#1265253
1(
1#
12
#1266920
b101111100 7
0(
0#
02
#1268587
1(
1#
12
#1270254
b101111101 7
0(
0#
02
#1271921
1(
1#
12
#1273588
b101111110 7
0(
0#
02
#1275255
1(
1#
12
#1276922
b101111111 7
0(
0#
02
#1278589
1(
1#
12
#1280256
b110000000 7
0(
0#
02
#1281923
bx0xxxxxxxxxxxx000xxxxxxxxxxxxxxxx &
1(
1#
12
#1283590
b110000001 7
0(
0#
02
#1285257
1(
1#
12
#1286924
b110000010 7
0(
0#
02
#1288591
bx0x0xxxxxxxxxx000xxxxxxxxxxxxxxxx &
1(
1#
12
#1290258
b110000011 7
0(
0#
02
#1291925
1(
1#
12
#1293592
b110000100 7
0(
0#
02
#1295259
bx0x0x0xxxxxxxx000xxxxxxxxxxxxxxxx &
1(
1#
12
#1296926
b110000101 7
0(
0#
02
#1298593
bx0x0x00xxxxxxx000xxxxxxxxxxxxxxxx &
1(
1#
12
#1300260
b110000110 7
0(
0#
02
#1301927
bx0x0x000xxxxxx000xxxxxxxxxxxxxxxx &
1(
1#
12
#1303594
b110000111 7
0(
0#
02
#1305261
bx0x0x0000xxxxx000xxxxxxxxxxxxxxxx &
1(
1#
12
#1306928
b110001000 7
0(
0#
02
#1308595
1(
1#
12
#1310262
b110001001 7
0(
0#
02
#1311929
1(
1#
12
#1313596
b110001010 7
0(
0#
02
#1315263
1(
1#
12
#1316930
b110001011 7
0(
0#
02
#1318597
1(
1#
12
#1320264
b110001100 7
0(
0#
02
#1321931
1(
1#
12
#1323598
b110001101 7
0(
0#
02
#1325265
1(
1#
12
#1326932
b110001110 7
0(
0#
02
#1328599
1(
1#
12
#1330266
b110001111 7
0(
0#
02
#1331933
1(
1#
12
#1333600
b110010000 7
0(
0#
02
#1335267
1(
1#
12
#1336934
b110010001 7
0(
0#
02
#1338601
1(
1#
12
#1340268
b110010010 7
0(
0#
02
#1341935
1(
1#
12
#1343602
b110010011 7
0(
0#
02
#1345269
1(
1#
12
#1346936
b110010100 7
0(
0#
02
#1348603
1(
1#
12
#1350270
b110010101 7
0(
0#
02
#1351937
1(
1#
12
#1353604
b110010110 7
0(
0#
02
#1355271
1(
1#
12
#1356938
b110010111 7
0(
0#
02
#1358605
1(
1#
12
#1360272
b110011000 7
0(
0#
02
#1361939
1(
1#
12
#1363606
b110011001 7
0(
0#
02
#1365273
1(
1#
12
#1366940
b110011010 7
0(
0#
02
#1368607
1(
1#
12
#1370274
b110011011 7
0(
0#
02
#1371941
1(
1#
12
#1373608
b110011100 7
0(
0#
02
#1375275
1(
1#
12
#1376942
b110011101 7
0(
0#
02
#1378609
1(
1#
12
#1380276
b110011110 7
0(
0#
02
#1381943
1(
1#
12
#1383610
b110011111 7
0(
0#
02
#1385277
1(
1#
12
#1386944
b110100000 7
0(
0#
02
#1388611
1(
1#
12
#1390278
b110100001 7
0(
0#
02
#1391945
1(
1#
12
#1393612
b110100010 7
0(
0#
02
#1395279
1(
1#
12
#1396946
b110100011 7
0(
0#
02
#1398613
1(
1#
12
#1400280
b110100100 7
0(
0#
02
#1401947
1(
1#
12
#1403614
b110100101 7
0(
0#
02
#1405281
1(
1#
12
#1406948
b110100110 7
0(
0#
02
#1408615
1(
1#
12
#1410282
b110100111 7
0(
0#
02
#1411949
1(
1#
12
#1413616
b110101000 7
0(
0#
02
#1415283
1(
1#
12
#1416950
b110101001 7
0(
0#
02
#1418617
1(
1#
12
#1420284
b110101010 7
0(
0#
02
#1421951
1(
1#
12
#1423618
b110101011 7
0(
0#
02
#1425285
1(
1#
12
#1426952
b110101100 7
0(
0#
02
#1428619
1(
1#
12
#1430286
b110101101 7
0(
0#
02
#1431953
1(
1#
12
#1433620
b110101110 7
0(
0#
02
#1435287
1(
1#
12
#1436954
b110101111 7
0(
0#
02
#1438621
1(
1#
12
#1440288
b110110000 7
0(
0#
02
#1441955
1(
1#
12
#1443622
b110110001 7
0(
0#
02
#1445289
1(
1#
12
#1446956
b110110010 7
0(
0#
02
#1448623
1(
1#
12
#1450290
b110110011 7
0(
0#
02
#1451957
1(
1#
12
#1453624
b110110100 7
0(
0#
02
#1455291
1(
1#
12
#1456958
b110110101 7
0(
0#
02
#1458625
1(
1#
12
#1460292
b110110110 7
0(
0#
02
#1461959
1(
1#
12
#1463626
b110110111 7
0(
0#
02
#1465293
1(
1#
12
#1466960
b110111000 7
0(
0#
02
#1468627
1(
1#
12
#1470294
b110111001 7
0(
0#
02
#1471961
1(
1#
12
#1473628
b110111010 7
0(
0#
02
#1475295
1(
1#
12
#1476962
b110111011 7
0(
0#
02
#1478629
1(
1#
12
#1480296
b110111100 7
0(
0#
02
#1481963
1(
1#
12
#1483630
b110111101 7
0(
0#
02
#1485297
1(
1#
12
#1486964
b110111110 7
0(
0#
02
#1488631
1(
1#
12
#1490298
b110111111 7
0(
0#
02
#1491965
1(
1#
12
#1493632
b111000000 7
0(
0#
02
#1495299
1(
1#
12
#1496966
b111000001 7
0(
0#
02
#1498633
1(
1#
12
#1500300
b111000010 7
0(
0#
02
#1501967
1(
1#
12
#1503634
b111000011 7
0(
0#
02
#1505301
1(
1#
12
#1506968
b111000100 7
0(
0#
02
#1508635
1(
1#
12
#1510302
b111000101 7
0(
0#
02
#1511969
1(
1#
12
#1513636
b111000110 7
0(
0#
02
#1515303
1(
1#
12
#1516970
b111000111 7
0(
0#
02
#1518637
1(
1#
12
#1520304
b111001000 7
0(
0#
02
#1521971
1(
1#
12
#1523638
b111001001 7
0(
0#
02
#1525305
1(
1#
12
#1526972
b111001010 7
0(
0#
02
#1528639
1(
1#
12
#1530306
b111001011 7
0(
0#
02
#1531973
1(
1#
12
#1533640
b111001100 7
0(
0#
02
#1535307
1(
1#
12
#1536974
b111001101 7
0(
0#
02
#1538641
1(
1#
12
#1540308
b111001110 7
0(
0#
02
#1541975
1(
1#
12
#1543642
b111001111 7
0(
0#
02
#1545309
1(
1#
12
#1546976
b111010000 7
0(
0#
02
#1548643
1(
1#
12
#1550310
b111010001 7
0(
0#
02
#1551977
1(
1#
12
#1553644
b111010010 7
0(
0#
02
#1555311
1(
1#
12
#1556978
b111010011 7
0(
0#
02
#1558645
1(
1#
12
#1560312
b111010100 7
0(
0#
02
#1561979
1(
1#
12
#1563646
b111010101 7
0(
0#
02
#1565313
1(
1#
12
#1566980
b111010110 7
0(
0#
02
#1568647
1(
1#
12
#1570314
b111010111 7
0(
0#
02
#1571981
1(
1#
12
#1573648
b111011000 7
0(
0#
02
#1575315
1(
1#
12
#1576982
b111011001 7
0(
0#
02
#1578649
1(
1#
12
#1580316
b111011010 7
0(
0#
02
#1581983
1(
1#
12
#1583650
b111011011 7
0(
0#
02
#1585317
1(
1#
12
#1586984
b111011100 7
0(
0#
02
#1588651
1(
1#
12
#1590318
b111011101 7
0(
0#
02
#1591985
1(
1#
12
#1593652
b111011110 7
0(
0#
02
#1595319
1(
1#
12
#1596986
b111011111 7
0(
0#
02
#1598653
1(
1#
12
#1600320
b111100000 7
0(
0#
02
#1601987
1(
1#
12
#1603654
b111100001 7
0(
0#
02
#1605321
1(
1#
12
#1606988
b111100010 7
0(
0#
02
#1608655
1(
1#
12
#1610322
b111100011 7
0(
0#
02
#1611989
1(
1#
12
#1613656
b111100100 7
0(
0#
02
#1615323
1(
1#
12
#1616990
b111100101 7
0(
0#
02
#1618657
1(
1#
12
#1620324
b111100110 7
0(
0#
02
#1621991
1(
1#
12
#1623658
b111100111 7
0(
0#
02
#1625325
1(
1#
12
#1626992
b111101000 7
0(
0#
02
#1628659
1(
1#
12
#1630326
b111101001 7
0(
0#
02
#1631993
1(
1#
12
#1633660
b111101010 7
0(
0#
02
#1635327
1(
1#
12
#1636994
b111101011 7
0(
0#
02
#1638661
1(
1#
12
#1640328
b111101100 7
0(
0#
02
#1641995
1(
1#
12
#1643662
b111101101 7
0(
0#
02
#1645329
1(
1#
12
#1646996
b111101110 7
0(
0#
02
#1648663
1(
1#
12
#1650330
b111101111 7
0(
0#
02
#1651997
1(
1#
12
#1653664
b111110000 7
0(
0#
02
#1655331
1(
1#
12
#1656998
b111110001 7
0(
0#
02
#1658665
1(
1#
12
#1660332
b111110010 7
0(
0#
02
#1661999
1(
1#
12
#1663666
b111110011 7
0(
0#
02
#1665333
1(
1#
12
#1667000
b111110100 7
0(
0#
02
#1668667
1(
1#
12
#1670334
b111110101 7
0(
0#
02
#1672001
1(
1#
12
#1673668
b111110110 7
0(
0#
02
#1675335
1(
1#
12
#1677002
b111110111 7
0(
0#
02
#1678669
1(
1#
12
#1680336
b111111000 7
0(
0#
02
#1682003
1(
1#
12
#1683670
b111111001 7
0(
0#
02
#1685337
1(
1#
12
#1687004
b111111010 7
0(
0#
02
#1688671
1(
1#
12
#1690338
b111111011 7
0(
0#
02
#1692005
1(
1#
12
#1693672
b111111100 7
0(
0#
02
#1695339
1(
1#
12
#1697006
b111111101 7
0(
0#
02
#1698673
1(
1#
12
#1700340
b111111110 7
0(
0#
02
#1702007
1(
1#
12
#1703674
b111111111 7
0(
0#
02
#1705341
1(
1#
12
#1707008
b1000000000 7
0(
0#
02
#1708675
1(
1#
12
#1710342
b1000000001 7
0(
0#
02
#1712009
1(
1#
12
#1713676
b1000000010 7
0(
0#
02
#1715343
1(
1#
12
#1717010
b1000000011 7
0(
0#
02
#1718677
1(
1#
12
#1720344
b1000000100 7
0(
0#
02
#1722011
1(
1#
12
#1723678
b1000000101 7
0(
0#
02
#1725345
1(
1#
12
#1727012
b1000000110 7
0(
0#
02
#1728679
1(
1#
12
#1730346
b1000000111 7
0(
0#
02
#1732013
1(
1#
12
#1733680
b1000001000 7
0(
0#
02
#1735347
1(
1#
12
#1737014
b1000001001 7
0(
0#
02
#1738681
1(
1#
12
#1740348
b1000001010 7
0(
0#
02
#1742015
1(
1#
12
#1743682
b1000001011 7
0(
0#
02
#1745349
1(
1#
12
#1747016
b1000001100 7
0(
0#
02
#1748683
1(
1#
12
#1750350
b1000001101 7
0(
0#
02
#1752017
1(
1#
12
#1753684
b1000001110 7
0(
0#
02
#1755351
1(
1#
12
#1757018
b1000001111 7
0(
0#
02
#1758685
1(
1#
12
#1760352
b1000010000 7
0(
0#
02
#1762019
1(
1#
12
#1763686
b1000010001 7
0(
0#
02
#1765353
1(
1#
12
#1767020
b1000010010 7
0(
0#
02
#1768687
1(
1#
12
#1770354
b1000010011 7
0(
0#
02
#1772021
1(
1#
12
#1773688
b1000010100 7
0(
0#
02
#1775355
1(
1#
12
#1777022
b1000010101 7
0(
0#
02
#1778689
1(
1#
12
#1780356
b1000010110 7
0(
0#
02
#1782023
1(
1#
12
#1783690
b1000010111 7
0(
0#
02
#1785357
1(
1#
12
#1787024
b1000011000 7
0(
0#
02
#1788691
1(
1#
12
#1790358
b1000011001 7
0(
0#
02
#1792025
1(
1#
12
#1793692
b1000011010 7
0(
0#
02
#1795359
1(
1#
12
#1797026
b1000011011 7
0(
0#
02
#1798693
1(
1#
12
#1800360
b1000011100 7
0(
0#
02
#1802027
1(
1#
12
#1803694
b1000011101 7
0(
0#
02
#1805361
1(
1#
12
#1807028
b1000011110 7
0(
0#
02
#1808695
1(
1#
12
#1810362
b1000011111 7
0(
0#
02
#1812029
1(
1#
12
#1813696
b1000100000 7
0(
0#
02
#1815363
1(
1#
12
#1817030
b1000100001 7
0(
0#
02
#1818697
1(
1#
12
#1820364
b1000100010 7
0(
0#
02
#1822031
1(
1#
12
#1823698
b1000100011 7
0(
0#
02
#1825365
1(
1#
12
#1827032
b1000100100 7
0(
0#
02
#1828699
1(
1#
12
#1830366
b1000100101 7
0(
0#
02
#1832033
1(
1#
12
#1833700
b1000100110 7
0(
0#
02
#1835367
1(
1#
12
#1837034
b1000100111 7
0(
0#
02
#1838701
1(
1#
12
#1840368
b1000101000 7
0(
0#
02
#1842035
1(
1#
12
#1843702
b1000101001 7
0(
0#
02
#1845369
1(
1#
12
#1847036
b1000101010 7
0(
0#
02
#1848703
1(
1#
12
#1850370
b1000101011 7
0(
0#
02
#1852037
1(
1#
12
#1853704
b1000101100 7
0(
0#
02
#1855371
1(
1#
12
#1857038
b1000101101 7
0(
0#
02
#1858705
1(
1#
12
#1860372
b1000101110 7
0(
0#
02
#1862039
1(
1#
12
#1863706
b1000101111 7
0(
0#
02
#1865373
1(
1#
12
#1867040
b1000110000 7
0(
0#
02
#1868707
1(
1#
12
#1870374
b1000110001 7
0(
0#
02
#1872041
1(
1#
12
#1873708
b1000110010 7
0(
0#
02
#1875375
1(
1#
12
#1877042
b1000110011 7
0(
0#
02
#1878709
1(
1#
12
#1880376
b1000110100 7
0(
0#
02
#1882043
1(
1#
12
#1883710
b1000110101 7
0(
0#
02
#1885377
1(
1#
12
#1887044
b1000110110 7
0(
0#
02
#1888711
1(
1#
12
#1890378
b1000110111 7
0(
0#
02
#1892045
1(
1#
12
#1893712
b1000111000 7
0(
0#
02
#1895379
1(
1#
12
#1897046
b1000111001 7
0(
0#
02
#1898713
1(
1#
12
#1900380
b1000111010 7
0(
0#
02
#1902047
1(
1#
12
#1903714
b1000111011 7
0(
0#
02
#1905381
1(
1#
12
#1907048
b1000111100 7
0(
0#
02
#1908715
1(
1#
12
#1910382
b1000111101 7
0(
0#
02
#1912049
1(
1#
12
#1913716
b1000111110 7
0(
0#
02
#1915383
1(
1#
12
#1917050
b1000111111 7
0(
0#
02
#1918717
1(
1#
12
#1920384
b1001000000 7
0(
0#
02
#1922051
bx0x0x0000xxxxx000xxxxxxxx0xxxxxxx &
1(
1#
12
#1923718
b1001000001 7
0(
0#
02
#1925385
1(
1#
12
#1927052
b1001000010 7
0(
0#
02
#1928719
bx0x0x0000xxxxx000xxxxxxxx0x0xxxxx &
1(
1#
12
#1930386
b1001000011 7
0(
0#
02
#1932053
bx0x0x0000xxxxx000xxxxxxxx0x00xxxx &
1(
1#
12
#1933720
b1001000100 7
0(
0#
02
#1935387
bx0x0x0000xxxxx000xxxxxxxx0x000xxx &
1(
1#
12
#1937054
b1001000101 7
0(
0#
02
#1938721
bx0x0x0000xxxxx000xxxxxxxx0x0000xx &
1(
1#
12
#1940388
b1001000110 7
0(
0#
02
#1942055
1(
1#
12
#1943722
b1001000111 7
0(
0#
02
#1945389
1(
1#
12
#1947056
b1001001000 7
0(
0#
02
#1948723
1(
1#
12
#1950390
b1001001001 7
0(
0#
02
#1952057
1(
1#
12
#1953724
b1001001010 7
0(
0#
02
#1955391
1(
1#
12
#1957058
b1001001011 7
0(
0#
02
#1958725
1(
1#
12
#1960392
b1001001100 7
0(
0#
02
#1962059
1(
1#
12
#1963726
b1001001101 7
0(
0#
02
#1965393
1(
1#
12
#1967060
b1001001110 7
0(
0#
02
#1968727
1(
1#
12
#1970394
b1001001111 7
0(
0#
02
#1972061
1(
1#
12
#1973728
b1001010000 7
0(
0#
02
#1975395
1(
1#
12
#1977062
b1001010001 7
0(
0#
02
#1978729
1(
1#
12
#1980396
b1001010010 7
0(
0#
02
#1982063
1(
1#
12
#1983730
b1001010011 7
0(
0#
02
#1985397
1(
1#
12
#1987064
b1001010100 7
0(
0#
02
#1988731
1(
1#
12
#1990398
b1001010101 7
0(
0#
02
#1992065
1(
1#
12
#1993732
b1001010110 7
0(
0#
02
#1995399
1(
1#
12
#1997066
b1001010111 7
0(
0#
02
#1998733
1(
1#
12
#2000400
b1001011000 7
0(
0#
02
#2002067
1(
1#
12
#2003734
b1001011001 7
0(
0#
02
#2005401
1(
1#
12
#2007068
b1001011010 7
0(
0#
02
#2008735
1(
1#
12
#2010402
b1001011011 7
0(
0#
02
#2012069
1(
1#
12
#2013736
b1001011100 7
0(
0#
02
#2015403
1(
1#
12
#2017070
b1001011101 7
0(
0#
02
#2018737
1(
1#
12
#2020404
b1001011110 7
0(
0#
02
#2022071
1(
1#
12
#2023738
b1001011111 7
0(
0#
02
#2025405
1(
1#
12
#2027072
b1001100000 7
0(
0#
02
#2028739
1(
1#
12
#2030406
b1001100001 7
0(
0#
02
#2032073
1(
1#
12
#2033740
b1001100010 7
0(
0#
02
#2035407
1(
1#
12
#2037074
b1001100011 7
0(
0#
02
#2038741
1(
1#
12
#2040408
b1001100100 7
0(
0#
02
#2042075
1(
1#
12
#2043742
b1001100101 7
0(
0#
02
#2045409
1(
1#
12
#2047076
b1001100110 7
0(
0#
02
#2048743
1(
1#
12
#2050410
b1001100111 7
0(
0#
02
#2052077
1(
1#
12
#2053744
b1001101000 7
0(
0#
02
#2055411
1(
1#
12
#2057078
b1001101001 7
0(
0#
02
#2058745
1(
1#
12
#2060412
b1001101010 7
0(
0#
02
#2062079
1(
1#
12
#2063746
b1001101011 7
0(
0#
02
#2065413
1(
1#
12
#2067080
b1001101100 7
0(
0#
02
#2068747
1(
1#
12
#2070414
b1001101101 7
0(
0#
02
#2072081
1(
1#
12
#2073748
b1001101110 7
0(
0#
02
#2075415
1(
1#
12
#2077082
b1001101111 7
0(
0#
02
#2078749
1(
1#
12
#2080416
b1001110000 7
0(
0#
02
#2082083
1(
1#
12
#2083750
b1001110001 7
0(
0#
02
#2085417
1(
1#
12
#2087084
b1001110010 7
0(
0#
02
#2088751
1(
1#
12
#2090418
b1001110011 7
0(
0#
02
#2092085
1(
1#
12
#2093752
b1001110100 7
0(
0#
02
#2095419
1(
1#
12
#2097086
b1001110101 7
0(
0#
02
#2098753
1(
1#
12
#2100420
b1001110110 7
0(
0#
02
#2102087
1(
1#
12
#2103754
b1001110111 7
0(
0#
02
#2105421
1(
1#
12
#2107088
b1001111000 7
0(
0#
02
#2108755
1(
1#
12
#2110422
b1001111001 7
0(
0#
02
#2112089
1(
1#
12
#2113756
b1001111010 7
0(
0#
02
#2115423
1(
1#
12
#2117090
b1001111011 7
0(
0#
02
#2118757
1(
1#
12
#2120424
b1001111100 7
0(
0#
02
#2122091
1(
1#
12
#2123758
b1001111101 7
0(
0#
02
#2125425
1(
1#
12
#2127092
b1001111110 7
0(
0#
02
#2128759
1(
1#
12
#2130426
b1001111111 7
0(
0#
02
#2132093
1(
1#
12
#2133760
b1010000000 7
0(
0#
02
#2135427
1(
1#
12
#2137094
b1010000001 7
0(
0#
02
#2138761
1(
1#
12
#2140428
b1010000010 7
0(
0#
02
#2142095
1(
1#
12
#2143762
b1010000011 7
0(
0#
02
#2145429
1(
1#
12
#2147096
b1010000100 7
0(
0#
02
#2148763
1(
1#
12
#2150430
b1010000101 7
0(
0#
02
#2152097
1(
1#
12
#2153764
b1010000110 7
0(
0#
02
#2155431
1(
1#
12
#2157098
b1010000111 7
0(
0#
02
#2158765
1(
1#
12
#2160432
b1010001000 7
0(
0#
02
#2162099
1(
1#
12
#2163766
b1010001001 7
0(
0#
02
#2165433
1(
1#
12
#2167100
b1010001010 7
0(
0#
02
#2168767
1(
1#
12
#2170434
b1010001011 7
0(
0#
02
#2172101
1(
1#
12
#2173768
b1010001100 7
0(
0#
02
#2175435
1(
1#
12
#2177102
b1010001101 7
0(
0#
02
#2178769
1(
1#
12
#2180436
b1010001110 7
0(
0#
02
#2182103
1(
1#
12
#2183770
b1010001111 7
0(
0#
02
#2185437
1(
1#
12
#2187104
b1010010000 7
0(
0#
02
#2188771
1(
1#
12
#2190438
b1010010001 7
0(
0#
02
#2192105
1(
1#
12
#2193772
b1010010010 7
0(
0#
02
#2195439
1(
1#
12
#2197106
b1010010011 7
0(
0#
02
#2198773
1(
1#
12
#2200440
b1010010100 7
0(
0#
02
#2202107
1(
1#
12
#2203774
b1010010101 7
0(
0#
02
#2205441
1(
1#
12
#2207108
b1010010110 7
0(
0#
02
#2208775
1(
1#
12
#2210442
b1010010111 7
0(
0#
02
#2212109
1(
1#
12
#2213776
b1010011000 7
0(
0#
02
#2215443
1(
1#
12
#2217110
b1010011001 7
0(
0#
02
#2218777
1(
1#
12
#2220444
b1010011010 7
0(
0#
02
#2222111
1(
1#
12
#2223778
b1010011011 7
0(
0#
02
#2225445
1(
1#
12
#2227112
b1010011100 7
0(
0#
02
#2228779
1(
1#
12
#2230446
b1010011101 7
0(
0#
02
#2232113
1(
1#
12
#2233780
b1010011110 7
0(
0#
02
#2235447
1(
1#
12
#2237114
b1010011111 7
0(
0#
02
#2238781
1(
1#
12
#2240448
b1010100000 7
0(
0#
02
#2242115
1(
1#
12
#2243782
b1010100001 7
0(
0#
02
#2245449
1(
1#
12
#2247116
b1010100010 7
0(
0#
02
#2248783
1(
1#
12
#2250450
b1010100011 7
0(
0#
02
#2252117
1(
1#
12
#2253784
b1010100100 7
0(
0#
02
#2255451
1(
1#
12
#2257118
b1010100101 7
0(
0#
02
#2258785
1(
1#
12
#2260452
b1010100110 7
0(
0#
02
#2262119
1(
1#
12
#2263786
b1010100111 7
0(
0#
02
#2265453
1(
1#
12
#2267120
b1010101000 7
0(
0#
02
#2268787
1(
1#
12
#2270454
b1010101001 7
0(
0#
02
#2272121
1(
1#
12
#2273788
b1010101010 7
0(
0#
02
#2275455
1(
1#
12
#2277122
b1010101011 7
0(
0#
02
#2278789
1(
1#
12
#2280456
b1010101100 7
0(
0#
02
#2282123
1(
1#
12
#2283790
b1010101101 7
0(
0#
02
#2285457
1(
1#
12
#2287124
b1010101110 7
0(
0#
02
#2288791
1(
1#
12
#2290458
b1010101111 7
0(
0#
02
#2292125
1(
1#
12
#2293792
b1010110000 7
0(
0#
02
#2295459
1(
1#
12
#2297126
b1010110001 7
0(
0#
02
#2298793
1(
1#
12
#2300460
b1010110010 7
0(
0#
02
#2302127
1(
1#
12
#2303794
b1010110011 7
0(
0#
02
#2305461
1(
1#
12
#2307128
b1010110100 7
0(
0#
02
#2308795
1(
1#
12
#2310462
b1010110101 7
0(
0#
02
#2312129
1(
1#
12
#2313796
b1010110110 7
0(
0#
02
#2315463
1(
1#
12
#2317130
b1010110111 7
0(
0#
02
#2318797
1(
1#
12
#2320464
b1010111000 7
0(
0#
02
#2322131
1(
1#
12
#2323798
b1010111001 7
0(
0#
02
#2325465
1(
1#
12
#2327132
b1010111010 7
0(
0#
02
#2328799
1(
1#
12
#2330466
b1010111011 7
0(
0#
02
#2332133
1(
1#
12
#2333800
b1010111100 7
0(
0#
02
#2335467
1(
1#
12
#2337134
b1010111101 7
0(
0#
02
#2338801
1(
1#
12
#2340468
b1010111110 7
0(
0#
02
#2342135
1(
1#
12
#2343802
b1010111111 7
0(
0#
02
#2345469
1(
1#
12
#2347136
b1011000000 7
0(
0#
02
#2348803
1(
1#
12
#2350470
b1011000001 7
0(
0#
02
#2352137
1(
1#
12
#2353804
b1011000010 7
0(
0#
02
#2355471
1(
1#
12
#2357138
b1011000011 7
0(
0#
02
#2358805
1(
1#
12
#2360472
b1011000100 7
0(
0#
02
#2362139
1(
1#
12
#2363806
b1011000101 7
0(
0#
02
#2365473
1(
1#
12
#2367140
b1011000110 7
0(
0#
02
#2368807
1(
1#
12
#2370474
b1011000111 7
0(
0#
02
#2372141
1(
1#
12
#2373808
b1011001000 7
0(
0#
02
#2375475
1(
1#
12
#2377142
b1011001001 7
0(
0#
02
#2378809
1(
1#
12
#2380476
b1011001010 7
0(
0#
02
#2382143
1(
1#
12
#2383810
b1011001011 7
0(
0#
02
#2385477
1(
1#
12
#2387144
b1011001100 7
0(
0#
02
#2388811
1(
1#
12
#2390478
b1011001101 7
0(
0#
02
#2392145
1(
1#
12
#2393812
b1011001110 7
0(
0#
02
#2395479
1(
1#
12
#2397146
b1011001111 7
0(
0#
02
#2398813
1(
1#
12
#2400480
b1011010000 7
0(
0#
02
#2402147
1(
1#
12
#2403814
b1011010001 7
0(
0#
02
#2405481
1(
1#
12
#2407148
b1011010010 7
0(
0#
02
#2408815
1(
1#
12
#2410482
b1011010011 7
0(
0#
02
#2412149
1(
1#
12
#2413816
b1011010100 7
0(
0#
02
#2415483
1(
1#
12
#2417150
b1011010101 7
0(
0#
02
#2418817
1(
1#
12
#2420484
b1011010110 7
0(
0#
02
#2422151
bx0x0x0000xxxxx0000xxxxxxx0x0000xx &
1(
1#
12
#2423818
b1011010111 7
0(
0#
02
#2425485
bx0x0x0000xxxxx00000xxxxxx0x0000xx &
1(
1#
12
#2427152
b1011011000 7
0(
0#
02
#2428819
1(
1#
12
#2430486
b1011011001 7
0(
0#
02
#2432153
1(
1#
12
#2433820
b1011011010 7
0(
0#
02
#2435487
1(
1#
12
#2437154
b1011011011 7
0(
0#
02
#2438821
1(
1#
12
#2440488
b1011011100 7
0(
0#
02
#2442155
1(
1#
12
#2443822
b1011011101 7
0(
0#
02
#2445489
1(
1#
12
#2447156
b1011011110 7
0(
0#
02
#2448823
1(
1#
12
#2450490
b1011011111 7
0(
0#
02
#2452157
1(
1#
12
#2453824
b1011100000 7
0(
0#
02
#2455491
1(
1#
12
#2457158
b1011100001 7
0(
0#
02
#2458825
1(
1#
12
#2460492
b1011100010 7
0(
0#
02
#2462159
1(
1#
12
#2463826
b1011100011 7
0(
0#
02
#2465493
1(
1#
12
#2467160
b1011100100 7
0(
0#
02
#2468827
1(
1#
12
#2470494
b1011100101 7
0(
0#
02
#2472161
1(
1#
12
#2473828
b1011100110 7
0(
0#
02
#2475495
1(
1#
12
#2477162
b1011100111 7
0(
0#
02
#2478829
1(
1#
12
#2480496
b1011101000 7
0(
0#
02
#2482163
1(
1#
12
#2483830
b1011101001 7
0(
0#
02
#2485497
1(
1#
12
#2487164
b1011101010 7
0(
0#
02
#2488831
1(
1#
12
#2490498
b1011101011 7
0(
0#
02
#2492165
1(
1#
12
#2493832
b1011101100 7
0(
0#
02
#2495499
1(
1#
12
#2497166
b1011101101 7
0(
0#
02
#2498833
1(
1#
12
#2500500
b1011101110 7
0(
0#
02
#2502167
1(
1#
12
#2503834
b1011101111 7
0(
0#
02
#2505501
1(
1#
12
#2507168
b1011110000 7
0(
0#
02
#2508835
1(
1#
12
#2510502
b1011110001 7
0(
0#
02
#2512169
1(
1#
12
#2513836
b1011110010 7
0(
0#
02
#2515503
1(
1#
12
#2517170
b1011110011 7
0(
0#
02
#2518837
1(
1#
12
#2520504
b1011110100 7
0(
0#
02
#2522171
1(
1#
12
#2523838
b1011110101 7
0(
0#
02
#2525505
1(
1#
12
#2527172
b1011110110 7
0(
0#
02
#2528839
1(
1#
12
#2530506
b1011110111 7
0(
0#
02
#2532173
1(
1#
12
#2533840
b1011111000 7
0(
0#
02
#2535507
1(
1#
12
#2537174
b1011111001 7
0(
0#
02
#2538841
1(
1#
12
#2540508
b1011111010 7
0(
0#
02
#2542175
1(
1#
12
#2543842
b1011111011 7
0(
0#
02
#2545509
1(
1#
12
#2547176
b1011111100 7
0(
0#
02
#2548843
1(
1#
12
#2550510
b1011111101 7
0(
0#
02
#2552177
1(
1#
12
#2553844
b1011111110 7
0(
0#
02
#2555511
1(
1#
12
#2557178
b1011111111 7
0(
0#
02
#2558845
1(
1#
12
#2560512
b1100000000 7
0(
0#
02
#2562179
1(
1#
12
#2563846
b1100000001 7
0(
0#
02
#2565513
1(
1#
12
#2567180
b1100000010 7
0(
0#
02
#2568847
1(
1#
12
#2570514
b1100000011 7
0(
0#
02
#2572181
1(
1#
12
#2573848
b1100000100 7
0(
0#
02
#2575515
1(
1#
12
#2577182
b1100000101 7
0(
0#
02
#2578849
1(
1#
12
#2580516
b1100000110 7
0(
0#
02
#2582183
1(
1#
12
#2583850
b1100000111 7
0(
0#
02
#2585517
1(
1#
12
#2587184
b1100001000 7
0(
0#
02
#2588851
1(
1#
12
#2590518
b1100001001 7
0(
0#
02
#2592185
1(
1#
12
#2593852
b1100001010 7
0(
0#
02
#2595519
1(
1#
12
#2597186
b1100001011 7
0(
0#
02
#2598853
1(
1#
12
#2600520
b1100001100 7
0(
0#
02
#2602187
1(
1#
12
#2603854
b1100001101 7
0(
0#
02
#2605521
1(
1#
12
#2607188
b1100001110 7
0(
0#
02
#2608855
1(
1#
12
#2610522
b1100001111 7
0(
0#
02
#2612189
1(
1#
12
#2613856
b1100010000 7
0(
0#
02
#2615523
1(
1#
12
#2617190
b1100010001 7
0(
0#
02
#2618857
1(
1#
12
#2620524
b1100010010 7
0(
0#
02
#2622191
1(
1#
12
#2623858
b1100010011 7
0(
0#
02
#2625525
1(
1#
12
#2627192
b1100010100 7
0(
0#
02
#2628859
1(
1#
12
#2630526
b1100010101 7
0(
0#
02
#2632193
1(
1#
12
#2633860
b1100010110 7
0(
0#
02
#2635527
1(
1#
12
#2637194
b1100010111 7
0(
0#
02
#2638861
1(
1#
12
#2640528
b1100011000 7
0(
0#
02
#2642195
1(
1#
12
#2643862
b1100011001 7
0(
0#
02
#2645529
1(
1#
12
#2647196
b1100011010 7
0(
0#
02
#2648863
1(
1#
12
#2650530
b1100011011 7
0(
0#
02
#2652197
1(
1#
12
#2653864
b1100011100 7
0(
0#
02
#2655531
1(
1#
12
#2657198
b1100011101 7
0(
0#
02
#2658865
1(
1#
12
#2660532
b1100011110 7
0(
0#
02
#2662199
1(
1#
12
#2663866
b1100011111 7
0(
0#
02
#2665533
1(
1#
12
#2667200
b1100100000 7
0(
0#
02
#2668867
1(
1#
12
#2670534
b1100100001 7
0(
0#
02
#2672201
1(
1#
12
#2673868
b1100100010 7
0(
0#
02
#2675535
1(
1#
12
#2677202
b1100100011 7
0(
0#
02
#2678869
1(
1#
12
#2680536
b1100100100 7
0(
0#
02
#2682203
1(
1#
12
#2683870
b1100100101 7
0(
0#
02
#2685537
1(
1#
12
#2687204
b1100100110 7
0(
0#
02
#2688871
1(
1#
12
#2690538
b1100100111 7
0(
0#
02
#2692205
1(
1#
12
#2693872
b1100101000 7
0(
0#
02
#2695539
1(
1#
12
#2697206
b1100101001 7
0(
0#
02
#2698873
1(
1#
12
#2700540
b1100101010 7
0(
0#
02
#2702207
1(
1#
12
#2703874
b1100101011 7
0(
0#
02
#2705541
1(
1#
12
#2707208
b1100101100 7
0(
0#
02
#2708875
1(
1#
12
#2710542
b1100101101 7
0(
0#
02
#2712209
1(
1#
12
#2713876
b1100101110 7
0(
0#
02
#2715543
1(
1#
12
#2717210
b1100101111 7
0(
0#
02
#2718877
1(
1#
12
#2720544
b1100110000 7
0(
0#
02
#2722211
1(
1#
12
#2723878
b1100110001 7
0(
0#
02
#2725545
1(
1#
12
#2727212
b1100110010 7
0(
0#
02
#2728879
1(
1#
12
#2730546
b1100110011 7
0(
0#
02
#2732213
1(
1#
12
#2733880
b1100110100 7
0(
0#
02
#2735547
1(
1#
12
#2737214
b1100110101 7
0(
0#
02
#2738881
1(
1#
12
#2740548
b1100110110 7
0(
0#
02
#2742215
1(
1#
12
#2743882
b1100110111 7
0(
0#
02
#2745549
1(
1#
12
#2747216
b1100111000 7
0(
0#
02
#2748883
1(
1#
12
#2750550
b1100111001 7
0(
0#
02
#2752217
1(
1#
12
#2753884
b1100111010 7
0(
0#
02
#2755551
1(
1#
12
#2757218
b1100111011 7
0(
0#
02
#2758885
1(
1#
12
#2760552
b1100111100 7
0(
0#
02
#2762219
1(
1#
12
#2763886
b1100111101 7
0(
0#
02
#2765553
1(
1#
12
#2767220
b1100111110 7
0(
0#
02
#2768887
1(
1#
12
#2770554
b1100111111 7
0(
0#
02
#2772221
1(
1#
12
#2773888
b1101000000 7
0(
0#
02
#2775555
1(
1#
12
#2777222
b1101000001 7
0(
0#
02
#2778889
1(
1#
12
#2780556
b1101000010 7
0(
0#
02
#2782223
1(
1#
12
#2783890
b1101000011 7
0(
0#
02
#2785557
1(
1#
12
#2787224
b1101000100 7
0(
0#
02
#2788891
1(
1#
12
#2790558
b1101000101 7
0(
0#
02
#2792225
1(
1#
12
#2793892
b1101000110 7
0(
0#
02
#2795559
1(
1#
12
#2797226
b1101000111 7
0(
0#
02
#2798893
1(
1#
12
#2800560
b1101001000 7
0(
0#
02
#2802227
1(
1#
12
#2803894
b1101001001 7
0(
0#
02
#2805561
1(
1#
12
#2807228
b1101001010 7
0(
0#
02
#2808895
1(
1#
12
#2810562
b1101001011 7
0(
0#
02
#2812229
1(
1#
12
#2813896
b1101001100 7
0(
0#
02
#2815563
1(
1#
12
#2817230
b1101001101 7
0(
0#
02
#2818897
1(
1#
12
#2820564
b1101001110 7
0(
0#
02
#2822231
1(
1#
12
#2823898
b1101001111 7
0(
0#
02
#2825565
1(
1#
12
#2827232
b1101010000 7
0(
0#
02
#2828899
1(
1#
12
#2830566
b1101010001 7
0(
0#
02
#2832233
1(
1#
12
#2833900
b1101010010 7
0(
0#
02
#2835567
1(
1#
12
#2837234
b1101010011 7
0(
0#
02
#2838901
1(
1#
12
#2840568
b1101010100 7
0(
0#
02
#2842235
1(
1#
12
#2843902
b1101010101 7
0(
0#
02
#2845569
1(
1#
12
#2847236
b1101010110 7
0(
0#
02
#2848903
1(
1#
12
#2850570
b1101010111 7
0(
0#
02
#2852237
1(
1#
12
#2853904
b1101011000 7
0(
0#
02
#2855571
1(
1#
12
#2857238
b1101011001 7
0(
0#
02
#2858905
1(
1#
12
#2860572
b1101011010 7
0(
0#
02
#2862239
1(
1#
12
#2863906
b1101011011 7
0(
0#
02
#2865573
1(
1#
12
#2867240
b1101011100 7
0(
0#
02
#2868907
1(
1#
12
#2870574
b1101011101 7
0(
0#
02
#2872241
1(
1#
12
#2873908
b1101011110 7
0(
0#
02
#2875575
1(
1#
12
#2877242
b1101011111 7
0(
0#
02
#2878909
1(
1#
12
#2880576
b1101100000 7
0(
0#
02
#2882243
1(
1#
12
#2883910
b1101100001 7
0(
0#
02
#2885577
1(
1#
12
#2887244
b1101100010 7
0(
0#
02
#2888911
1(
1#
12
#2890578
b1101100011 7
0(
0#
02
#2892245
1(
1#
12
#2893912
b1101100100 7
0(
0#
02
#2895579
1(
1#
12
#2897246
b1101100101 7
0(
0#
02
#2898913
1(
1#
12
#2900580
b1101100110 7
0(
0#
02
#2902247
1(
1#
12
#2903914
b1101100111 7
0(
0#
02
#2905581
1(
1#
12
#2907248
b1101101000 7
0(
0#
02
#2908915
1(
1#
12
#2910582
b1101101001 7
0(
0#
02
#2912249
1(
1#
12
#2913916
b1101101010 7
0(
0#
02
#2915583
1(
1#
12
#2917250
b1101101011 7
0(
0#
02
#2918917
1(
1#
12
#2920584
b1101101100 7
0(
0#
02
#2922251
1(
1#
12
#2923918
b1101101101 7
0(
0#
02
#2925585
1(
1#
12
#2927252
b1101101110 7
0(
0#
02
#2928919
1(
1#
12
#2930586
b1101101111 7
0(
0#
02
#2932253
1(
1#
12
#2933920
b1101110000 7
0(
0#
02
#2935587
1(
1#
12
#2937254
b1101110001 7
0(
0#
02
#2938921
1(
1#
12
#2940588
b1101110010 7
0(
0#
02
#2942255
1(
1#
12
#2943922
b1101110011 7
0(
0#
02
#2945589
1(
1#
12
#2947256
b1101110100 7
0(
0#
02
#2948923
1(
1#
12
#2950590
b1101110101 7
0(
0#
02
#2952257
1(
1#
12
#2953924
b1101110110 7
0(
0#
02
#2955591
1(
1#
12
#2957258
b1101110111 7
0(
0#
02
#2958925
1(
1#
12
#2960592
b1101111000 7
0(
0#
02
#2962259
1(
1#
12
#2963926
b1101111001 7
0(
0#
02
#2965593
1(
1#
12
#2967260
b1101111010 7
0(
0#
02
#2968927
1(
1#
12
#2970594
b1101111011 7
0(
0#
02
#2972261
1(
1#
12
#2973928
b1101111100 7
0(
0#
02
#2975595
1(
1#
12
#2977262
b1101111101 7
0(
0#
02
#2978929
1(
1#
12
#2980596
b1101111110 7
0(
0#
02
#2982263
1(
1#
12
#2983930
b1101111111 7
0(
0#
02
#2985597
1(
1#
12
#2987264
b1110000000 7
0(
0#
02
#2988931
1(
1#
12
#2990598
b1110000001 7
0(
0#
02
#2992265
1(
1#
12
#2993932
b1110000010 7
0(
0#
02
#2995599
1(
1#
12
#2997266
b1110000011 7
0(
0#
02
#2998933
1(
1#
12
#3000600
b1110000100 7
0(
0#
02
#3002267
1(
1#
12
#3003934
b1110000101 7
0(
0#
02
#3005601
1(
1#
12
#3007268
b1110000110 7
0(
0#
02
#3008935
1(
1#
12
#3010602
b1110000111 7
0(
0#
02
#3012269
1(
1#
12
#3013936
b1110001000 7
0(
0#
02
#3015603
1(
1#
12
#3017270
b1110001001 7
0(
0#
02
#3018937
1(
1#
12
#3020604
b1110001010 7
0(
0#
02
#3022271
1(
1#
12
#3023938
b1110001011 7
0(
0#
02
#3025605
1(
1#
12
#3027272
b1110001100 7
0(
0#
02
#3028939
1(
1#
12
#3030606
b1110001101 7
0(
0#
02
#3032273
1(
1#
12
#3033940
b1110001110 7
0(
0#
02
#3035607
1(
1#
12
#3037274
b1110001111 7
0(
0#
02
#3038941
1(
1#
12
#3040608
b1110010000 7
0(
0#
02
#3042275
1(
1#
12
#3043942
b1110010001 7
0(
0#
02
#3045609
1(
1#
12
#3047276
b1110010010 7
0(
0#
02
#3048943
1(
1#
12
#3050610
b1110010011 7
0(
0#
02
#3052277
1(
1#
12
#3053944
b1110010100 7
0(
0#
02
#3055611
1(
1#
12
#3057278
b1110010101 7
0(
0#
02
#3058945
1(
1#
12
#3060612
b1110010110 7
0(
0#
02
#3062279
1(
1#
12
#3063946
b1110010111 7
0(
0#
02
#3065613
1(
1#
12
#3067280
b1110011000 7
0(
0#
02
#3068947
1(
1#
12
#3070614
b1110011001 7
0(
0#
02
#3072281
1(
1#
12
#3073948
b1110011010 7
0(
0#
02
#3075615
1(
1#
12
#3077282
b1110011011 7
0(
0#
02
#3078949
1(
1#
12
#3080616
b1110011100 7
0(
0#
02
#3082283
1(
1#
12
#3083950
b1110011101 7
0(
0#
02
#3085617
1(
1#
12
#3087284
b1110011110 7
0(
0#
02
#3088951
1(
1#
12
#3090618
b1110011111 7
0(
0#
02
#3092285
1(
1#
12
#3093952
b1110100000 7
0(
0#
02
#3095619
1(
1#
12
#3097286
b1110100001 7
0(
0#
02
#3098953
1(
1#
12
#3100620
b1110100010 7
0(
0#
02
#3102287
1(
1#
12
#3103954
b1110100011 7
0(
0#
02
#3105621
1(
1#
12
#3107288
b1110100100 7
0(
0#
02
#3108955
1(
1#
12
#3110622
b1110100101 7
0(
0#
02
#3112289
1(
1#
12
#3113956
b1110100110 7
0(
0#
02
#3115623
1(
1#
12
#3117290
b1110100111 7
0(
0#
02
#3118957
1(
1#
12
#3120624
b1110101000 7
0(
0#
02
#3122291
1(
1#
12
#3123958
b1110101001 7
0(
0#
02
#3125625
1(
1#
12
#3127292
b1110101010 7
0(
0#
02
#3128959
1(
1#
12
#3130626
b1110101011 7
0(
0#
02
#3132293
1(
1#
12
#3133960
b1110101100 7
0(
0#
02
#3135627
1(
1#
12
#3137294
b1110101101 7
0(
0#
02
#3138961
1(
1#
12
#3140628
b1110101110 7
0(
0#
02
#3142295
1(
1#
12
#3143962
b1110101111 7
0(
0#
02
#3145629
1(
1#
12
#3147296
b1110110000 7
0(
0#
02
#3148963
1(
1#
12
#3150630
b1110110001 7
0(
0#
02
#3152297
1(
1#
12
#3153964
b1110110010 7
0(
0#
02
#3155631
1(
1#
12
#3157298
b1110110011 7
0(
0#
02
#3158965
1(
1#
12
#3160632
b1110110100 7
0(
0#
02
#3162299
1(
1#
12
#3163966
b1110110101 7
0(
0#
02
#3165633
1(
1#
12
#3167300
b1110110110 7
0(
0#
02
#3168967
1(
1#
12
#3170634
b1110110111 7
0(
0#
02
#3172301
1(
1#
12
#3173968
b1110111000 7
0(
0#
02
#3175635
1(
1#
12
#3177302
b1110111001 7
0(
0#
02
#3178969
1(
1#
12
#3180636
b1110111010 7
0(
0#
02
#3182303
1(
1#
12
#3183970
b1110111011 7
0(
0#
02
#3185637
1(
1#
12
#3187304
b1110111100 7
0(
0#
02
#3188971
1(
1#
12
#3190638
b1110111101 7
0(
0#
02
#3192305
1(
1#
12
#3193972
b1110111110 7
0(
0#
02
#3195639
1(
1#
12
#3197306
b1110111111 7
0(
0#
02
#3198973
1(
1#
12
#3200640
b1111000000 7
0(
0#
02
#3202307
1(
1#
12
#3203974
b1111000001 7
0(
0#
02
#3205641
1(
1#
12
#3207308
b1111000010 7
0(
0#
02
#3208975
1(
1#
12
#3210642
b1111000011 7
0(
0#
02
#3212309
1(
1#
12
#3213976
b1111000100 7
0(
0#
02
#3215643
1(
1#
12
#3217310
b1111000101 7
0(
0#
02
#3218977
1(
1#
12
#3220644
b1111000110 7
0(
0#
02
#3222311
1(
1#
12
#3223978
b1111000111 7
0(
0#
02
#3225645
1(
1#
12
#3227312
b1111001000 7
0(
0#
02
#3228979
1(
1#
12
#3230646
b1111001001 7
0(
0#
02
#3232313
1(
1#
12
#3233980
b1111001010 7
0(
0#
02
#3235647
1(
1#
12
#3237314
b1111001011 7
0(
0#
02
#3238981
1(
1#
12
#3240648
b1111001100 7
0(
0#
02
#3242315
1(
1#
12
#3243982
b1111001101 7
0(
0#
02
#3245649
1(
1#
12
#3247316
b1111001110 7
0(
0#
02
#3248983
1(
1#
12
#3250650
b1111001111 7
0(
0#
02
#3252317
1(
1#
12
#3253984
b1111010000 7
0(
0#
02
#3255651
1(
1#
12
#3257318
b1111010001 7
0(
0#
02
#3258985
1(
1#
12
#3260652
b1111010010 7
0(
0#
02
#3262319
1(
1#
12
#3263986
b1111010011 7
0(
0#
02
#3265653
1(
1#
12
#3267320
b1111010100 7
0(
0#
02
#3268987
1(
1#
12
#3270654
b1111010101 7
0(
0#
02
#3272321
1(
1#
12
#3273988
b1111010110 7
0(
0#
02
#3275655
1(
1#
12
#3277322
b1111010111 7
0(
0#
02
#3278989
1(
1#
12
#3280656
b1111011000 7
0(
0#
02
#3282323
1(
1#
12
#3283990
b1111011001 7
0(
0#
02
#3285657
1(
1#
12
#3287324
b1111011010 7
0(
0#
02
#3288991
1(
1#
12
#3290658
b1111011011 7
0(
0#
02
#3292325
1(
1#
12
#3293992
b1111011100 7
0(
0#
02
#3295659
1(
1#
12
#3297326
b1111011101 7
0(
0#
02
#3298993
1(
1#
12
#3300660
b1111011110 7
0(
0#
02
#3302327
1(
1#
12
#3303994
b1111011111 7
0(
0#
02
#3305661
1(
1#
12
#3307328
b1111100000 7
0(
0#
02
#3308995
1(
1#
12
#3310662
b1111100001 7
0(
0#
02
#3312329
1(
1#
12
#3313996
b1111100010 7
0(
0#
02
#3315663
1(
1#
12
#3317330
b1111100011 7
0(
0#
02
#3318997
1(
1#
12
#3320664
b1111100100 7
0(
0#
02
#3322331
1(
1#
12
#3323998
b1111100101 7
0(
0#
02
#3325665
1(
1#
12
#3327332
b1111100110 7
0(
0#
02
#3328999
1(
1#
12
#3330666
b1111100111 7
0(
0#
02
#3332333
1(
1#
12
#3334000
b1111101000 7
0(
0#
02
#3335667
1(
1#
12
#3337334
b1111101001 7
0(
0#
02
#3339001
1(
1#
12
#3340668
b1111101010 7
0(
0#
02
#3342335
1(
1#
12
#3344002
b1111101011 7
0(
0#
02
#3345669
1(
1#
12
#3347336
b1111101100 7
0(
0#
02
#3349003
1(
1#
12
#3350670
b1111101101 7
0(
0#
02
#3352337
1(
1#
12
#3354004
b1111101110 7
0(
0#
02
#3355671
1(
1#
12
#3357338
b1111101111 7
0(
0#
02
#3359005
1(
1#
12
#3360672
b1111110000 7
0(
0#
02
#3362339
1(
1#
12
#3364006
b1111110001 7
0(
0#
02
#3365673
1(
1#
12
#3367340
b1111110010 7
0(
0#
02
#3369007
1(
1#
12
#3370674
b1111110011 7
0(
0#
02
#3372341
1(
1#
12
#3374008
b1111110100 7
0(
0#
02
#3375675
1(
1#
12
#3377342
b1111110101 7
0(
0#
02
#3379009
1(
1#
12
#3380676
b1111110110 7
0(
0#
02
#3382343
1(
1#
12
#3384010
b1111110111 7
0(
0#
02
#3385677
1(
1#
12
#3387344
b1111111000 7
0(
0#
02
#3389011
1(
1#
12
#3390678
b1111111001 7
0(
0#
02
#3392345
1(
1#
12
#3394012
b1111111010 7
0(
0#
02
#3395679
1(
1#
12
#3397346
b1111111011 7
0(
0#
02
#3399013
1(
1#
12
#3400680
b1111111100 7
0(
0#
02
#3402347
1(
1#
12
#3404014
b1111111101 7
0(
0#
02
#3405681
1(
1#
12
#3407348
b1111111110 7
0(
0#
02
#3409015
1(
1#
12
#3410682
b1111111111 7
0(
0#
02
#3412349
1(
1#
12
#3414016
b10000000000 7
0(
0#
02
#3415683
1(
1#
12
#3417350
b10000000001 7
0(
0#
02
#3419017
1(
1#
12
#3420684
b10000000010 7
0(
0#
02
#3422351
1(
1#
12
#3424018
b10000000011 7
0(
0#
02
#3425685
1(
1#
12
#3427352
b10000000100 7
0(
0#
02
#3429019
1(
1#
12
#3430686
b10000000101 7
0(
0#
02
#3432353
1(
1#
12
#3434020
b10000000110 7
0(
0#
02
#3435687
1(
1#
12
#3437354
b10000000111 7
0(
0#
02
#3439021
1(
1#
12
#3440688
b10000001000 7
0(
0#
02
#3442355
1(
1#
12
#3444022
b10000001001 7
0(
0#
02
#3445689
1(
1#
12
#3447356
b10000001010 7
0(
0#
02
#3449023
1(
1#
12
#3450690
b10000001011 7
0(
0#
02
#3452357
1(
1#
12
#3454024
b10000001100 7
0(
0#
02
#3455691
1(
1#
12
#3457358
b10000001101 7
0(
0#
02
#3459025
1(
1#
12
#3460692
b10000001110 7
0(
0#
02
#3462359
1(
1#
12
#3464026
b10000001111 7
0(
0#
02
#3465693
1(
1#
12
#3467360
b10000010000 7
0(
0#
02
#3469027
1(
1#
12
#3470694
b10000010001 7
0(
0#
02
#3472361
1(
1#
12
#3474028
b10000010010 7
0(
0#
02
#3475695
1(
1#
12
#3477362
b10000010011 7
0(
0#
02
#3479029
1(
1#
12
#3480696
b10000010100 7
0(
0#
02
#3482363
1(
1#
12
#3484030
b10000010101 7
0(
0#
02
#3485697
1(
1#
12
#3487364
b10000010110 7
0(
0#
02
#3489031
1(
1#
12
#3490698
b10000010111 7
0(
0#
02
#3492365
1(
1#
12
#3494032
b10000011000 7
0(
0#
02
#3495699
1(
1#
12
#3497366
b10000011001 7
0(
0#
02
#3499033
1(
1#
12
#3500700
b10000011010 7
0(
0#
02
#3502367
1(
1#
12
#3504034
b10000011011 7
0(
0#
02
#3505701
1(
1#
12
#3507368
b10000011100 7
0(
0#
02
#3509035
1(
1#
12
#3510702
b10000011101 7
0(
0#
02
#3512369
1(
1#
12
#3514036
b10000011110 7
0(
0#
02
#3515703
1(
1#
12
#3517370
b10000011111 7
0(
0#
02
#3519037
1(
1#
12
#3520704
b10000100000 7
0(
0#
02
#3522371
1(
1#
12
#3524038
b10000100001 7
0(
0#
02
#3525705
1(
1#
12
#3527372
b10000100010 7
0(
0#
02
#3529039
1(
1#
12
#3530706
b10000100011 7
0(
0#
02
#3532373
1(
1#
12
#3534040
b10000100100 7
0(
0#
02
#3535707
1(
1#
12
#3537374
b10000100101 7
0(
0#
02
#3539041
1(
1#
12
#3540708
b10000100110 7
0(
0#
02
#3542375
1(
1#
12
#3544042
b10000100111 7
0(
0#
02
#3545709
1(
1#
12
#3547376
b10000101000 7
0(
0#
02
#3549043
1(
1#
12
#3550710
b10000101001 7
0(
0#
02
#3552377
1(
1#
12
#3554044
b10000101010 7
0(
0#
02
#3555711
1(
1#
12
#3557378
b10000101011 7
0(
0#
02
#3559045
1(
1#
12
#3560712
b10000101100 7
0(
0#
02
#3562379
1(
1#
12
#3564046
b10000101101 7
0(
0#
02
#3565713
1(
1#
12
#3567380
b10000101110 7
0(
0#
02
#3569047
1(
1#
12
#3570714
b10000101111 7
0(
0#
02
#3572381
1(
1#
12
#3574048
b10000110000 7
0(
0#
02
#3575715
1(
1#
12
#3577382
b10000110001 7
0(
0#
02
#3579049
1(
1#
12
#3580716
b10000110010 7
0(
0#
02
#3582383
1(
1#
12
#3584050
b10000110011 7
0(
0#
02
#3585717
1(
1#
12
#3587384
b10000110100 7
0(
0#
02
#3589051
1(
1#
12
#3590718
b10000110101 7
0(
0#
02
#3592385
1(
1#
12
#3594052
b10000110110 7
0(
0#
02
#3595719
1(
1#
12
#3597386
b10000110111 7
0(
0#
02
#3599053
1(
1#
12
#3600720
b10000111000 7
0(
0#
02
#3602387
1(
1#
12
#3604054
b10000111001 7
0(
0#
02
#3605721
1(
1#
12
#3607388
b10000111010 7
0(
0#
02
#3609055
1(
1#
12
#3610722
b10000111011 7
0(
0#
02
#3612389
1(
1#
12
#3614056
b10000111100 7
0(
0#
02
#3615723
1(
1#
12
#3617390
b10000111101 7
0(
0#
02
#3619057
1(
1#
12
#3620724
b10000111110 7
0(
0#
02
#3622391
1(
1#
12
#3624058
b10000111111 7
0(
0#
02
#3625725
1(
1#
12
#3627392
b10001000000 7
0(
0#
02
#3629059
1(
1#
12
#3630726
b10001000001 7
0(
0#
02
#3632393
1(
1#
12
#3634060
b10001000010 7
0(
0#
02
#3635727
1(
1#
12
#3637394
b10001000011 7
0(
0#
02
#3639061
1(
1#
12
#3640728
b10001000100 7
0(
0#
02
#3642395
1(
1#
12
#3644062
b10001000101 7
0(
0#
02
#3645729
1(
1#
12
#3647396
b10001000110 7
0(
0#
02
#3649063
1(
1#
12
#3650730
b10001000111 7
0(
0#
02
#3652397
1(
1#
12
#3654064
b10001001000 7
0(
0#
02
#3655731
1(
1#
12
#3657398
b10001001001 7
0(
0#
02
#3659065
1(
1#
12
#3660732
b10001001010 7
0(
0#
02
#3662399
1(
1#
12
#3664066
b10001001011 7
0(
0#
02
#3665733
1(
1#
12
#3667400
b10001001100 7
0(
0#
02
#3669067
1(
1#
12
#3670734
b10001001101 7
0(
0#
02
#3672401
1(
1#
12
#3674068
b10001001110 7
0(
0#
02
#3675735
1(
1#
12
#3677402
b10001001111 7
0(
0#
02
#3679069
1(
1#
12
#3680736
b10001010000 7
0(
0#
02
#3682403
1(
1#
12
#3684070
b10001010001 7
0(
0#
02
#3685737
1(
1#
12
#3687404
b10001010010 7
0(
0#
02
#3689071
1(
1#
12
#3690738
b10001010011 7
0(
0#
02
#3692405
1(
1#
12
#3694072
b10001010100 7
0(
0#
02
#3695739
1(
1#
12
#3697406
b10001010101 7
0(
0#
02
#3699073
1(
1#
12
#3700740
b10001010110 7
0(
0#
02
#3702407
1(
1#
12
#3704074
b10001010111 7
0(
0#
02
#3705741
1(
1#
12
#3707408
b10001011000 7
0(
0#
02
#3709075
1(
1#
12
#3710742
b10001011001 7
0(
0#
02
#3712409
1(
1#
12
#3714076
b10001011010 7
0(
0#
02
#3715743
1(
1#
12
#3717410
b10001011011 7
0(
0#
02
#3719077
1(
1#
12
#3720744
b10001011100 7
0(
0#
02
#3722411
1(
1#
12
#3724078
b10001011101 7
0(
0#
02
#3725745
1(
1#
12
#3727412
b10001011110 7
0(
0#
02
#3729079
1(
1#
12
#3730746
b10001011111 7
0(
0#
02
#3732413
1(
1#
12
#3734080
b10001100000 7
0(
0#
02
#3735747
1(
1#
12
#3737414
b10001100001 7
0(
0#
02
#3739081
1(
1#
12
#3740748
b10001100010 7
0(
0#
02
#3742415
1(
1#
12
#3744082
b10001100011 7
0(
0#
02
#3745749
1(
1#
12
#3747416
b10001100100 7
0(
0#
02
#3749083
1(
1#
12
#3750750
b10001100101 7
0(
0#
02
#3752417
1(
1#
12
#3754084
b10001100110 7
0(
0#
02
#3755751
1(
1#
12
#3757418
b10001100111 7
0(
0#
02
#3759085
1(
1#
12
#3760752
b10001101000 7
0(
0#
02
#3762419
1(
1#
12
#3764086
b10001101001 7
0(
0#
02
#3765753
1(
1#
12
#3767420
b10001101010 7
0(
0#
02
#3769087
1(
1#
12
#3770754
b10001101011 7
0(
0#
02
#3772421
1(
1#
12
#3774088
b10001101100 7
0(
0#
02
#3775755
1(
1#
12
#3777422
b10001101101 7
0(
0#
02
#3779089
1(
1#
12
#3780756
b10001101110 7
0(
0#
02
#3782423
1(
1#
12
#3784090
b10001101111 7
0(
0#
02
#3785757
1(
1#
12
#3787424
b10001110000 7
0(
0#
02
#3789091
1(
1#
12
#3790758
b10001110001 7
0(
0#
02
#3792425
1(
1#
12
#3794092
b10001110010 7
0(
0#
02
#3795759
1(
1#
12
#3797426
b10001110011 7
0(
0#
02
#3799093
1(
1#
12
#3800760
b10001110100 7
0(
0#
02
#3802427
1(
1#
12
#3804094
b10001110101 7
0(
0#
02
#3805761
1(
1#
12
#3807428
b10001110110 7
0(
0#
02
#3809095
1(
1#
12
#3810762
b10001110111 7
0(
0#
02
#3812429
1(
1#
12
#3814096
b10001111000 7
0(
0#
02
#3815763
1(
1#
12
#3817430
b10001111001 7
0(
0#
02
#3819097
1(
1#
12
#3820764
b10001111010 7
0(
0#
02
#3822431
1(
1#
12
#3824098
b10001111011 7
0(
0#
02
#3825765
1(
1#
12
#3827432
b10001111100 7
0(
0#
02
#3829099
1(
1#
12
#3830766
b10001111101 7
0(
0#
02
#3832433
1(
1#
12
#3834100
b10001111110 7
0(
0#
02
#3835767
1(
1#
12
#3837434
b10001111111 7
0(
0#
02
#3839101
1(
1#
12
#3840768
b10010000000 7
0(
0#
02
#3842435
1(
1#
12
#3844102
b10010000001 7
0(
0#
02
#3845769
1(
1#
12
#3847436
b10010000010 7
0(
0#
02
#3849103
1(
1#
12
#3850770
b10010000011 7
0(
0#
02
#3852437
1(
1#
12
#3854104
b10010000100 7
0(
0#
02
#3855771
1(
1#
12
#3857438
b10010000101 7
0(
0#
02
#3859105
1(
1#
12
#3860772
b10010000110 7
0(
0#
02
#3862439
1(
1#
12
#3864106
b10010000111 7
0(
0#
02
#3865773
1(
1#
12
#3867440
b10010001000 7
0(
0#
02
#3869107
1(
1#
12
#3870774
b10010001001 7
0(
0#
02
#3872441
1(
1#
12
#3874108
b10010001010 7
0(
0#
02
#3875775
1(
1#
12
#3877442
b10010001011 7
0(
0#
02
#3879109
1(
1#
12
#3880776
b10010001100 7
0(
0#
02
#3882443
1(
1#
12
#3884110
b10010001101 7
0(
0#
02
#3885777
1(
1#
12
#3887444
b10010001110 7
0(
0#
02
#3889111
1(
1#
12
#3890778
b10010001111 7
0(
0#
02
#3892445
1(
1#
12
#3894112
b10010010000 7
0(
0#
02
#3895779
1(
1#
12
#3897446
b10010010001 7
0(
0#
02
#3899113
1(
1#
12
#3900780
b10010010010 7
0(
0#
02
#3902447
1(
1#
12
#3904114
b10010010011 7
0(
0#
02
#3905781
1(
1#
12
#3907448
b10010010100 7
0(
0#
02
#3909115
1(
1#
12
#3910782
b10010010101 7
0(
0#
02
#3912449
1(
1#
12
#3914116
b10010010110 7
0(
0#
02
#3915783
1(
1#
12
#3917450
b10010010111 7
0(
0#
02
#3919117
1(
1#
12
#3920784
b10010011000 7
0(
0#
02
#3922451
1(
1#
12
#3924118
b10010011001 7
0(
0#
02
#3925785
1(
1#
12
#3927452
b10010011010 7
0(
0#
02
#3929119
1(
1#
12
#3930786
b10010011011 7
0(
0#
02
#3932453
1(
1#
12
#3934120
b10010011100 7
0(
0#
02
#3935787
1(
1#
12
#3937454
b10010011101 7
0(
0#
02
#3939121
1(
1#
12
#3940788
b10010011110 7
0(
0#
02
#3942455
1(
1#
12
#3944122
b10010011111 7
0(
0#
02
#3945789
1(
1#
12
#3947456
b10010100000 7
0(
0#
02
#3949123
1(
1#
12
#3950790
b10010100001 7
0(
0#
02
#3952457
1(
1#
12
#3954124
b10010100010 7
0(
0#
02
#3955791
1(
1#
12
#3957458
b10010100011 7
0(
0#
02
#3959125
1(
1#
12
#3960792
b10010100100 7
0(
0#
02
#3962459
1(
1#
12
#3964126
b10010100101 7
0(
0#
02
#3965793
1(
1#
12
#3967460
b10010100110 7
0(
0#
02
#3969127
1(
1#
12
#3970794
b10010100111 7
0(
0#
02
#3972461
1(
1#
12
#3974128
b10010101000 7
0(
0#
02
#3975795
1(
1#
12
#3977462
b10010101001 7
0(
0#
02
#3979129
1(
1#
12
#3980796
b10010101010 7
0(
0#
02
#3982463
1(
1#
12
#3984130
b10010101011 7
0(
0#
02
#3985797
1(
1#
12
#3987464
b10010101100 7
0(
0#
02
#3989131
1(
1#
12
#3990798
b10010101101 7
0(
0#
02
#3992465
1(
1#
12
#3994132
b10010101110 7
0(
0#
02
#3995799
1(
1#
12
#3997466
b10010101111 7
0(
0#
02
#3999133
1(
1#
12
#4000800
b10010110000 7
0(
0#
02
#4002467
1(
1#
12
#4004134
b10010110001 7
0(
0#
02
#4005801
1(
1#
12
#4007468
b10010110010 7
0(
0#
02
#4009135
1(
1#
12
#4010802
b10010110011 7
0(
0#
02
#4012469
1(
1#
12
#4014136
b10010110100 7
0(
0#
02
#4015803
1(
1#
12
#4017470
b10010110101 7
0(
0#
02
#4019137
1(
1#
12
#4020804
b10010110110 7
0(
0#
02
#4022471
1(
1#
12
#4024138
b10010110111 7
0(
0#
02
#4025805
1(
1#
12
#4027472
b10010111000 7
0(
0#
02
#4029139
1(
1#
12
#4030806
b10010111001 7
0(
0#
02
#4032473
1(
1#
12
#4034140
b10010111010 7
0(
0#
02
#4035807
1(
1#
12
#4037474
b10010111011 7
0(
0#
02
#4039141
1(
1#
12
#4040808
b10010111100 7
0(
0#
02
#4042475
1(
1#
12
#4044142
b10010111101 7
0(
0#
02
#4045809
1(
1#
12
#4047476
b10010111110 7
0(
0#
02
#4049143
1(
1#
12
#4050810
b10010111111 7
0(
0#
02
#4052477
1(
1#
12
#4054144
b10011000000 7
0(
0#
02
#4055811
1(
1#
12
#4057478
b10011000001 7
0(
0#
02
#4059145
1(
1#
12
#4060812
b10011000010 7
0(
0#
02
#4062479
1(
1#
12
#4064146
b10011000011 7
0(
0#
02
#4065813
1(
1#
12
#4067480
b10011000100 7
0(
0#
02
#4069147
1(
1#
12
#4070814
b10011000101 7
0(
0#
02
#4072481
1(
1#
12
#4074148
b10011000110 7
0(
0#
02
#4075815
1(
1#
12
#4077482
b10011000111 7
0(
0#
02
#4079149
1(
1#
12
#4080816
b10011001000 7
0(
0#
02
#4082483
1(
1#
12
#4084150
b10011001001 7
0(
0#
02
#4085817
1(
1#
12
#4087484
b10011001010 7
0(
0#
02
#4089151
1(
1#
12
#4090818
b10011001011 7
0(
0#
02
#4092485
1(
1#
12
#4094152
b10011001100 7
0(
0#
02
#4095819
1(
1#
12
#4097486
b10011001101 7
0(
0#
02
#4099153
1(
1#
12
#4100820
b10011001110 7
0(
0#
02
#4102487
1(
1#
12
#4104154
b10011001111 7
0(
0#
02
#4105821
1(
1#
12
#4107488
b10011010000 7
0(
0#
02
#4109155
1(
1#
12
#4110822
b10011010001 7
0(
0#
02
#4112489
1(
1#
12
#4114156
b10011010010 7
0(
0#
02
#4115823
1(
1#
12
#4117490
b10011010011 7
0(
0#
02
#4119157
1(
1#
12
#4120824
b10011010100 7
0(
0#
02
#4122491
1(
1#
12
#4124158
b10011010101 7
0(
0#
02
#4125825
1(
1#
12
#4127492
b10011010110 7
0(
0#
02
#4129159
1(
1#
12
#4130826
b10011010111 7
0(
0#
02
#4132493
1(
1#
12
#4134160
b10011011000 7
0(
0#
02
#4135827
1(
1#
12
#4137494
b10011011001 7
0(
0#
02
#4139161
1(
1#
12
#4140828
b10011011010 7
0(
0#
02
#4142495
1(
1#
12
#4144162
b10011011011 7
0(
0#
02
#4145829
1(
1#
12
#4147496
b10011011100 7
0(
0#
02
#4149163
1(
1#
12
#4150830
b10011011101 7
0(
0#
02
#4152497
1(
1#
12
#4154164
b10011011110 7
0(
0#
02
#4155831
1(
1#
12
#4157498
b10011011111 7
19
0(
0#
02
#4159165
1(
1#
12
#4160832
b10011100000 7
09
0(
0#
02
#4162499
1(
1#
12
#4164166
b10011100001 7
19
0(
0#
02
#4165833
1(
1#
12
#4167500
b10011100010 7
0(
0#
02
#4169167
1(
1#
12
#4170834
b10011100011 7
0(
0#
02
#4172501
1(
1#
12
#4174168
b10011100100 7
09
0(
0#
02
#4175835
1(
1#
12
#4177502
b10011100101 7
0(
0#
02
#4179169
1(
1#
12
#4180836
b10011100110 7
0(
0#
02
#4182503
1(
1#
12
#4184170
b10011100111 7
0(
0#
02
#4185837
1(
1#
12
#4187504
b10011101000 7
0(
0#
02
#4189171
1(
1#
12
#4190838
b10011101001 7
0(
0#
02
#4192505
1(
1#
12
#4194172
b10011101010 7
0(
0#
02
#4195839
1(
1#
12
#4197506
b10011101011 7
19
0(
0#
02
#4199173
1(
1#
12
#4200840
b10011101100 7
0(
0#
02
#4202507
1(
1#
12
#4204174
b10011101101 7
09
0(
0#
02
#4205841
1(
1#
12
#4207508
b10011101110 7
19
0(
0#
02
#4209175
1(
1#
12
#4210842
b10011101111 7
0(
0#
02
#4212509
1(
1#
12
#4214176
b10011110000 7
09
0(
0#
02
#4215843
1(
1#
12
#4217510
b10011110001 7
0(
0#
02
#4219177
1(
1#
12
#4220844
b10011110010 7
0(
0#
02
#4222511
1(
1#
12
#4224178
b10011110011 7
0(
0#
02
#4225845
1(
1#
12
#4227512
b10011110100 7
0(
0#
02
#4229179
1(
1#
12
#4230846
b10011110101 7
0(
0#
02
#4232513
1(
1#
12
#4234180
b10011110110 7
0(
0#
02
#4235847
1(
1#
12
#4237514
b10011110111 7
0(
0#
02
#4239181
1(
1#
12
#4240848
b10011111000 7
0(
0#
02
#4242515
1(
1#
12
#4244182
b10011111001 7
0(
0#
02
#4245849
1(
1#
12
#4247516
b10011111010 7
0(
0#
02
#4249183
1(
1#
12
#4250850
b10011111011 7
0(
0#
02
#4252517
1(
1#
12
#4254184
b10011111100 7
0(
0#
02
#4255851
1(
1#
12
#4257518
b10011111101 7
0(
0#
02
#4259185
1(
1#
12
#4260852
b10011111110 7
0(
0#
02
#4262519
1(
1#
12
#4264186
b10011111111 7
0(
0#
02
#4265853
1(
1#
12
#4267520
b10100000000 7
0(
0#
02
#4269187
1(
1#
12
#4270854
b10100000001 7
0(
0#
02
#4272521
1(
1#
12
#4274188
b10100000010 7
0(
0#
02
#4275855
1(
1#
12
#4277522
b10100000011 7
0(
0#
02
#4279189
1(
1#
12
#4280856
b10100000100 7
0(
0#
02
#4282523
1(
1#
12
#4284190
b10100000101 7
0(
0#
02
#4285857
1(
1#
12
#4287524
b10100000110 7
0(
0#
02
#4289191
1(
1#
12
#4290858
b10100000111 7
0(
0#
02
#4292525
1(
1#
12
#4294192
b10100001000 7
0(
0#
02
#4295859
1(
1#
12
#4297526
b10100001001 7
0(
0#
02
#4299193
1(
1#
12
#4300860
b10100001010 7
0(
0#
02
#4302527
1(
1#
12
#4304194
b10100001011 7
0(
0#
02
#4305861
1(
1#
12
#4307528
b10100001100 7
0(
0#
02
#4309195
1(
1#
12
#4310862
b10100001101 7
0(
0#
02
#4312529
1(
1#
12
#4314196
b10100001110 7
0(
0#
02
#4315863
1(
1#
12
#4317530
b10100001111 7
0(
0#
02
#4319197
1(
1#
12
#4320864
b10100010000 7
0(
0#
02
#4322531
1(
1#
12
#4324198
b10100010001 7
0(
0#
02
#4325865
1(
1#
12
#4327532
b10100010010 7
0(
0#
02
#4329199
1(
1#
12
#4330866
b10100010011 7
0(
0#
02
#4332533
1(
1#
12
#4334200
b10100010100 7
0(
0#
02
#4335867
1(
1#
12
#4337534
b10100010101 7
0(
0#
02
#4339201
1(
1#
12
#4340868
b10100010110 7
0(
0#
02
#4342535
1(
1#
12
#4344202
b10100010111 7
0(
0#
02
#4345869
1(
1#
12
#4347536
b10100011000 7
0(
0#
02
#4349203
1(
1#
12
#4350870
b10100011001 7
0(
0#
02
#4352537
1(
1#
12
#4354204
b10100011010 7
0(
0#
02
#4355871
1(
1#
12
#4357538
b10100011011 7
0(
0#
02
#4359205
1(
1#
12
#4360872
b10100011100 7
0(
0#
02
#4362539
1(
1#
12
#4364206
b10100011101 7
0(
0#
02
#4365873
1(
1#
12
#4367540
b10100011110 7
0(
0#
02
#4369207
1(
1#
12
#4370874
b10100011111 7
0(
0#
02
#4372541
1(
1#
12
#4374208
b10100100000 7
0(
0#
02
#4375875
1(
1#
12
#4377542
b10100100001 7
0(
0#
02
#4379209
1(
1#
12
#4380876
b10100100010 7
0(
0#
02
#4382543
1(
1#
12
#4384210
b10100100011 7
0(
0#
02
#4385877
1(
1#
12
#4387544
b10100100100 7
0(
0#
02
#4389211
1(
1#
12
#4390878
b10100100101 7
0(
0#
02
#4392545
1(
1#
12
#4394212
b10100100110 7
0(
0#
02
#4395879
1(
1#
12
#4397546
b10100100111 7
0(
0#
02
#4399213
1(
1#
12
#4400880
b10100101000 7
0(
0#
02
#4402547
1(
1#
12
#4404214
b10100101001 7
0(
0#
02
#4405881
1(
1#
12
#4407548
b10100101010 7
0(
0#
02
#4409215
1(
1#
12
#4410882
b10100101011 7
0(
0#
02
#4412549
1(
1#
12
#4414216
b10100101100 7
0(
0#
02
#4415883
1(
1#
12
#4417550
b10100101101 7
0(
0#
02
#4419217
1(
1#
12
#4420884
b10100101110 7
0(
0#
02
#4422551
1(
1#
12
#4424218
b10100101111 7
0(
0#
02
#4425885
1(
1#
12
#4427552
b10100110000 7
0(
0#
02
#4429219
1(
1#
12
#4430886
b10100110001 7
0(
0#
02
#4432553
1(
1#
12
#4434220
b10100110010 7
0(
0#
02
#4435887
1(
1#
12
#4437554
b10100110011 7
0(
0#
02
#4439221
1(
1#
12
#4440888
b10100110100 7
0(
0#
02
#4442555
1(
1#
12
#4444222
b10100110101 7
0(
0#
02
#4445889
1(
1#
12
#4447556
b10100110110 7
0(
0#
02
#4449223
1(
1#
12
#4450890
b10100110111 7
0(
0#
02
#4452557
1(
1#
12
#4454224
b10100111000 7
0(
0#
02
#4455891
1(
1#
12
#4457558
b10100111001 7
0(
0#
02
#4459225
1(
1#
12
#4460892
b10100111010 7
0(
0#
02
#4462559
1(
1#
12
#4464226
b10100111011 7
0(
0#
02
#4465893
1(
1#
12
#4467560
b10100111100 7
0(
0#
02
#4469227
1(
1#
12
#4470894
b10100111101 7
0(
0#
02
#4472561
1(
1#
12
#4474228
b10100111110 7
0(
0#
02
#4475895
1(
1#
12
#4477562
b10100111111 7
0(
0#
02
#4479229
1(
1#
12
#4480896
b10101000000 7
0(
0#
02
#4482563
1(
1#
12
#4484230
b10101000001 7
0(
0#
02
#4485897
1(
1#
12
#4487564
b10101000010 7
0(
0#
02
#4489231
1(
1#
12
#4490898
b10101000011 7
0(
0#
02
#4492565
1(
1#
12
#4494232
b10101000100 7
0(
0#
02
#4495899
1(
1#
12
#4497566
b10101000101 7
0(
0#
02
#4499233
1(
1#
12
#4500900
b10101000110 7
0(
0#
02
#4502567
1(
1#
12
#4504234
b10101000111 7
0(
0#
02
#4505901
1(
1#
12
#4507568
b10101001000 7
0(
0#
02
#4509235
1(
1#
12
#4510902
b10101001001 7
0(
0#
02
#4512569
1(
1#
12
#4514236
b10101001010 7
0(
0#
02
#4515903
1(
1#
12
#4517570
b10101001011 7
0(
0#
02
#4519237
1(
1#
12
#4520904
b10101001100 7
0(
0#
02
#4522571
1(
1#
12
#4524238
b10101001101 7
0(
0#
02
#4525905
1(
1#
12
#4527572
b10101001110 7
0(
0#
02
#4529239
1(
1#
12
#4530906
b10101001111 7
0(
0#
02
#4532573
1(
1#
12
#4534240
b10101010000 7
0(
0#
02
#4535907
1(
1#
12
#4537574
b10101010001 7
0(
0#
02
#4539241
1(
1#
12
#4540908
b10101010010 7
0(
0#
02
#4542575
1(
1#
12
#4544242
b10101010011 7
0(
0#
02
#4545909
1(
1#
12
#4547576
b10101010100 7
0(
0#
02
#4549243
1(
1#
12
#4550910
b10101010101 7
0(
0#
02
#4552577
1(
1#
12
#4554244
b10101010110 7
0(
0#
02
#4555911
1(
1#
12
#4557578
b10101010111 7
0(
0#
02
#4559245
1(
1#
12
#4560912
b10101011000 7
0(
0#
02
#4562579
1(
1#
12
#4564246
b10101011001 7
0(
0#
02
#4565913
1(
1#
12
#4567580
b10101011010 7
0(
0#
02
#4569247
1(
1#
12
#4570914
b10101011011 7
0(
0#
02
#4572581
1(
1#
12
#4574248
b10101011100 7
0(
0#
02
#4575915
1(
1#
12
#4577582
b10101011101 7
0(
0#
02
#4579249
1(
1#
12
#4580916
b10101011110 7
0(
0#
02
#4582583
1(
1#
12
#4584250
b10101011111 7
0(
0#
02
#4585917
1(
1#
12
#4587584
b10101100000 7
0(
0#
02
#4589251
1(
1#
12
#4590918
b10101100001 7
0(
0#
02
#4592585
1(
1#
12
#4594252
b10101100010 7
0(
0#
02
#4595919
1(
1#
12
#4597586
b10101100011 7
0(
0#
02
#4599253
1(
1#
12
#4600920
b10101100100 7
0(
0#
02
#4602587
1(
1#
12
#4604254
b10101100101 7
0(
0#
02
#4605921
1(
1#
12
#4607588
b10101100110 7
0(
0#
02
#4609255
1(
1#
12
#4610922
b10101100111 7
0(
0#
02
#4612589
1(
1#
12
#4614256
b10101101000 7
0(
0#
02
#4615923
1(
1#
12
#4617590
b10101101001 7
0(
0#
02
#4619257
1(
1#
12
#4620924
b10101101010 7
0(
0#
02
#4622591
1(
1#
12
#4624258
b10101101011 7
0(
0#
02
#4625925
1(
1#
12
#4627592
b10101101100 7
0(
0#
02
#4629259
1(
1#
12
#4630926
b10101101101 7
0(
0#
02
#4632593
1(
1#
12
#4634260
b10101101110 7
0(
0#
02
#4635927
1(
1#
12
#4637594
b10101101111 7
0(
0#
02
#4639261
1(
1#
12
#4640928
b10101110000 7
0(
0#
02
#4642595
1(
1#
12
#4644262
b10101110001 7
0(
0#
02
#4645929
1(
1#
12
#4647596
b10101110010 7
0(
0#
02
#4649263
1(
1#
12
#4650930
b10101110011 7
0(
0#
02
#4652597
1(
1#
12
#4654264
b10101110100 7
0(
0#
02
#4655931
1(
1#
12
#4657598
b10101110101 7
0(
0#
02
#4659265
1(
1#
12
#4660932
b10101110110 7
0(
0#
02
#4662599
1(
1#
12
#4664266
b10101110111 7
0(
0#
02
#4665933
1(
1#
12
#4667600
b10101111000 7
0(
0#
02
#4669267
1(
1#
12
#4670934
b10101111001 7
0(
0#
02
#4672601
1(
1#
12
#4674268
b10101111010 7
0(
0#
02
#4675935
1(
1#
12
#4677602
b10101111011 7
0(
0#
02
#4679269
1(
1#
12
#4680936
b10101111100 7
0(
0#
02
#4682603
1(
1#
12
#4684270
b10101111101 7
0(
0#
02
#4685937
1(
1#
12
#4687604
b10101111110 7
0(
0#
02
#4689271
1(
1#
12
#4690938
b10101111111 7
0(
0#
02
#4692605
1(
1#
12
#4694272
b10110000000 7
0(
0#
02
#4695939
1(
1#
12
#4697606
b10110000001 7
0(
0#
02
#4699273
1(
1#
12
#4700940
b10110000010 7
0(
0#
02
#4702607
1(
1#
12
#4704274
b10110000011 7
0(
0#
02
#4705941
1(
1#
12
#4707608
b10110000100 7
0(
0#
02
#4709275
1(
1#
12
#4710942
b10110000101 7
0(
0#
02
#4712609
1(
1#
12
#4714276
b10110000110 7
0(
0#
02
#4715943
1(
1#
12
#4717610
b10110000111 7
0(
0#
02
#4719277
1(
1#
12
#4720944
b10110001000 7
0(
0#
02
#4722611
1(
1#
12
#4724278
b10110001001 7
0(
0#
02
#4725945
1(
1#
12
#4727612
b10110001010 7
0(
0#
02
#4729279
1(
1#
12
#4730946
b10110001011 7
0(
0#
02
#4732613
1(
1#
12
#4734280
b10110001100 7
0(
0#
02
#4735947
1(
1#
12
#4737614
b10110001101 7
0(
0#
02
#4739281
1(
1#
12
#4740948
b10110001110 7
0(
0#
02
#4742615
1(
1#
12
#4744282
b10110001111 7
0(
0#
02
#4745949
1(
1#
12
#4747616
b10110010000 7
0(
0#
02
#4749283
1(
1#
12
#4750950
b10110010001 7
0(
0#
02
#4752617
1(
1#
12
#4754284
b10110010010 7
0(
0#
02
#4755951
1(
1#
12
#4757618
b10110010011 7
0(
0#
02
#4759285
1(
1#
12
#4760952
b10110010100 7
0(
0#
02
#4762619
1(
1#
12
#4764286
b10110010101 7
0(
0#
02
#4765953
1(
1#
12
#4767620
b10110010110 7
0(
0#
02
#4769287
1(
1#
12
#4770954
b10110010111 7
0(
0#
02
#4772621
1(
1#
12
#4774288
b10110011000 7
0(
0#
02
#4775955
1(
1#
12
#4777622
b10110011001 7
0(
0#
02
#4779289
1(
1#
12
#4780956
b10110011010 7
0(
0#
02
#4782623
1(
1#
12
#4784290
b10110011011 7
0(
0#
02
#4785957
1(
1#
12
#4787624
b10110011100 7
0(
0#
02
#4789291
1(
1#
12
#4790958
b10110011101 7
0(
0#
02
#4792625
1(
1#
12
#4794292
b10110011110 7
0(
0#
02
#4795959
1(
1#
12
#4797626
b10110011111 7
0(
0#
02
#4799293
1(
1#
12
#4800960
b10110100000 7
0(
0#
02
#4802627
1(
1#
12
#4804294
b10110100001 7
0(
0#
02
#4805961
bx0x0x00000xxxx00000xxxxxx0x0000xx &
1(
1#
12
#4807628
b10110100010 7
0(
0#
02
#4809295
bx0x0x0000xxxxx00000xxxxxx0x0000xx &
1(
1#
12
#4810962
b10110100011 7
0(
0#
02
#4812629
bx0x0x00000xxxx00000xxxxxx0x0000xx &
1(
1#
12
#4814296
b10110100100 7
0(
0#
02
#4815963
bx0x0x00000xxxx00000xxxxxx0x0000xx &
1(
1#
12
#4817630
b10110100101 7
0(
0#
02
#4819297
bx0x0x000000xxx00000xxxxxx0x0000xx &
1(
1#
12
#4820964
b10110100110 7
0(
0#
02
#4822631
bx0x0x0000x0xxx00000xxxxxx0x0000xx &
1(
1#
12
#4824298
b10110100111 7
0(
0#
02
#4825965
bx0x0x0000x0xxx00000xxxxxx0x0000xx &
1(
1#
12
#4827632
b10110101000 7
0(
0#
02
#4829299
bx0x0x0000x0xxx00000xxxxxx0x0000xx &
1(
1#
12
#4830966
b10110101001 7
0(
0#
02
#4832633
bx0x0x0000xxxxx00000xxxxxx0x0000xx &
1(
1#
12
#4834300
b10110101010 7
0(
0#
02
#4835967
bx0x0x0000xx0xx00000xxxxxx0x0000xx &
1(
1#
12
#4837634
b10110101011 7
0(
0#
02
#4839301
bx0x0x0000xx0xx00000xxxxxx0x0000xx &
1(
1#
12
#4840968
b10110101100 7
0(
0#
02
#4842635
bx0x0x0000xxx0x00000xxxxxx0x0000xx &
1(
1#
12
#4844302
b10110101101 7
0(
0#
02
#4845969
bx0x0x00000xxxx00000xxxxxx0x0000xx &
1(
1#
12
#4847636
b10110101110 7
0(
0#
02
#4849303
bx0x0x00000xx0x00000xxxxxx0x0000xx &
1(
1#
12
#4850970
b10110101111 7
0(
0#
02
#4852637
bx0x0x0000xxx0x00000xxxxxx0x0000xx &
1(
1#
12
#4854304
b10110110000 7
0(
0#
02
#4855971
bx0x0x00000xx0x00000xxxxxx0x0000xx &
1(
1#
12
#4857638
b10110110001 7
0(
0#
02
#4859305
bx0x0x000000xx000000xxxxxx0x0000xx &
1(
1#
12
#4860972
b10110110010 7
0(
0#
02
#4862639
bx0x0x0000xxxxx00000xxxxxx0x0000xx &
1(
1#
12
#4864306
b10110110011 7
0(
0#
02
#4865973
bx0x0x0000x0xx000000xxxxxx0x0000xx &
1(
1#
12
#4867640
b10110110100 7
0(
0#
02
#4869307
1(
1#
12
#4870974
b10110110101 7
0(
0#
02
#4872641
bx0x0x0000xx0xx00000xxxxxx0x0000xx &
1(
1#
12
#4874308
b10110110110 7
0(
0#
02
#4875975
bx0x0x0000xxxxxx0000xxxxxx0x0000xx &
1(
1#
12
#4877642
b10110110111 7
0(
0#
02
#4879309
bx0x0x0000xx0xx00000xxxxxx0x0000xx &
1(
1#
12
#4880976
b10110111000 7
0(
0#
02
#4882643
bx0x0x0000xx00x0x000xxxxxx0x0000xx &
1(
1#
12
#4884310
b10110111001 7
0(
0#
02
#4885977
bx0x0x0000xxx0xx0000xxxxxx0x0000xx &
1(
1#
12
#4887644
b10110111010 7
0(
0#
02
#4889311
bx0x0x0000xxxxxxx000xxxxxx0x0000xx &
1(
1#
12
#4890978
b10110111011 7
0(
0#
02
#4892645
bx0x0x0000xxx0x0x000xxxxxx0x0000xx &
1(
1#
12
#4894312
b10110111100 7
0(
0#
02
#4895979
bx0x0x0000xxx0x00x00xxxxxx0x0000xx &
1(
1#
12
#4897646
b10110111101 7
0(
0#
02
#4899313
bx0x0x0000xxxx000000xxxxxx0x0000xx &
1(
1#
12
#4900980
b10110111110 7
0(
0#
02
#4902647
bx0x0x0000xxxxx00000xxxxxx0x0000xx &
1(
1#
12
#4904314
b10110111111 7
0(
0#
02
#4905981
bx0x0x00000xxxx00000xxxxxx0x0000xx &
1(
1#
12
#4907648
b10111000000 7
0(
0#
02
#4909315
bx0x0x0000x0xx000000xxxxxx0x0000xx &
1(
1#
12
#4910982
b10111000001 7
0(
0#
02
#4912649
bx0x0x00000x0xx00x00xxxxxx0x0000xx &
1(
1#
12
#4914316
b10111000010 7
0(
0#
02
#4915983
bx0x0x000000x0xx0000xxxxxx0x0000xx &
1(
1#
12
#4917650
b10111000011 7
0(
0#
02
#4919317
bx0x0x0000000x0x0000xxxxxx0x0000xx &
1(
1#
12
#4920984
b10111000100 7
0(
0#
02
#4922651
bx0x0x0000x000x0x000xxxxxx0x0000xx &
1(
1#
12
#4924318
b10111000101 7
0(
0#
02
#4925985
bx0x0x0000xx000x0000xxxxxx0x0000xx &
1(
1#
12
#4927652
b10111000110 7
0(
0#
02
#4929319
bx0x0x0000xxx0000000xxxxxx0x0000xx &
1(
1#
12
#4930986
b10111000111 7
0(
0#
02
#4932653
bx0x0x0000xxxx000000xxxxxx0x0000xx &
1(
1#
12
#4934320
b10111001000 7
0(
0#
02
#4935987
bx0x0x0000xxxxx00000xxxxxx0x0000xx &
1(
1#
12
#4937654
b10111001001 7
0(
0#
02
#4939321
1(
1#
12
#4940988
b10111001010 7
0(
0#
02
#4942655
1(
1#
12
#4944322
b10111001011 7
0(
0#
02
#4945989
bx0x0x00000xxxx00000xxxxxx0x0000xx &
1(
1#
12
#4947656
b10111001100 7
0(
0#
02
#4949323
bx0x0x000000xxx00000xxxxxx0x0000xx &
1(
1#
12
#4950990
b10111001101 7
0(
0#
02
#4952657
bx0x0x0000x00xx00x00xxxxxx0x0000xx &
1(
1#
12
#4954324
b10111001110 7
0(
0#
02
#4955991
bx0x0x00000x00x00000xxxxxx0x0000xx &
1(
1#
12
#4957658
b10111001111 7
0(
0#
02
#4959325
bx0x0x000000x0000000xxxxxx0x0000xx &
1(
1#
12
#4960992
b10111010000 7
0(
0#
02
#4962659
bx0x0x0000x00x000000xxxxxx0x0000xx &
1(
1#
12
#4964326
b10111010001 7
0(
0#
02
#4965993
bx0x0x0000xx00x00000xxxxxx0x0000xx &
1(
1#
12
#4967660
b10111010010 7
0(
0#
02
#4969327
bx0x0x0000xxx0000000xxxxxx0x0000xx &
1(
1#
12
#4970994
b10111010011 7
0(
0#
02
#4972661
bx0x0x0000xxxx000000xxxxxx0x0000xx &
1(
1#
12
#4974328
b10111010100 7
0(
0#
02
#4975995
bx0x0x0000xxxxx00000xxxxxx0x0000xx &
1(
1#
12
#4977662
b10111010101 7
0(
0#
02
#4979329
1(
1#
12
#4980996
b10111010110 7
0(
0#
02
#4982663
1(
1#
12
#4984330
b10111010111 7
0(
0#
02
#4985997
1(
1#
12
#4987664
b10111011000 7
0(
0#
02
#4989331
1(
1#
12
#4990998
b10111011001 7
0(
0#
02
#4992665
1(
1#
12
#4994332
b10111011010 7
0(
0#
02
#4995999
1(
1#
12
#4997666
b10111011011 7
0(
0#
02
#4999333
1(
1#
12
#5001000
b10111011100 7
0(
0#
02
#5002667
1(
1#
12
#5004334
b10111011101 7
0(
0#
02
#5006001
1(
1#
12
#5007668
b10111011110 7
0(
0#
02
#5009335
1(
1#
12
#5011002
b10111011111 7
0(
0#
02
#5012669
1(
1#
12
#5014336
b10111100000 7
0(
0#
02
#5016003
1(
1#
12
#5017670
b10111100001 7
0(
0#
02
#5019337
1(
1#
12
#5021004
b10111100010 7
0(
0#
02
#5022671
1(
1#
12
#5024338
b10111100011 7
0(
0#
02
#5026005
1(
1#
12
#5027672
b10111100100 7
0(
0#
02
#5029339
1(
1#
12
#5031006
b10111100101 7
0(
0#
02
#5032673
1(
1#
12
#5034340
b10111100110 7
0(
0#
02
#5036007
1(
1#
12
#5037674
b10111100111 7
0(
0#
02
#5039341
1(
1#
12
#5041008
b10111101000 7
0(
0#
02
#5042675
1(
1#
12
#5044342
b10111101001 7
0(
0#
02
#5046009
1(
1#
12
#5047676
b10111101010 7
0(
0#
02
#5049343
1(
1#
12
#5051010
b10111101011 7
0(
0#
02
#5052677
1(
1#
12
#5054344
b10111101100 7
0(
0#
02
#5056011
1(
1#
12
#5057678
b10111101101 7
0(
0#
02
#5059345
1(
1#
12
#5061012
b10111101110 7
0(
0#
02
#5062679
1(
1#
12
#5064346
b10111101111 7
0(
0#
02
#5066013
1(
1#
12
#5067680
b10111110000 7
0(
0#
02
#5069347
1(
1#
12
#5071014
b10111110001 7
0(
0#
02
#5072681
1(
1#
12
#5074348
b10111110010 7
0(
0#
02
#5076015
1(
1#
12
#5077682
b10111110011 7
0(
0#
02
#5079349
1(
1#
12
#5081016
b10111110100 7
0(
0#
02
#5082683
1(
1#
12
#5084350
b10111110101 7
0(
0#
02
#5086017
1(
1#
12
#5087684
b10111110110 7
0(
0#
02
#5089351
1(
1#
12
#5091018
b10111110111 7
0(
0#
02
#5092685
1(
1#
12
#5094352
b10111111000 7
0(
0#
02
#5096019
1(
1#
12
#5097686
b10111111001 7
0(
0#
02
#5099353
1(
1#
12
#5101020
b10111111010 7
0(
0#
02
#5102687
1(
1#
12
#5104354
b10111111011 7
0(
0#
02
#5106021
1(
1#
12
#5107688
b10111111100 7
0(
0#
02
#5109355
1(
1#
12
#5111022
b10111111101 7
0(
0#
02
#5112689
1(
1#
12
#5114356
b10111111110 7
0(
0#
02
#5116023
1(
1#
12
#5117690
b10111111111 7
0(
0#
02
#5119357
1(
1#
12
#5121024
b11000000000 7
0(
0#
02
#5122691
1(
1#
12
#5124358
b11000000001 7
0(
0#
02
#5126025
1(
1#
12
#5127692
b11000000010 7
0(
0#
02
#5129359
1(
1#
12
#5131026
b11000000011 7
0(
0#
02
#5132693
1(
1#
12
#5134360
b11000000100 7
0(
0#
02
#5136027
1(
1#
12
#5137694
b11000000101 7
0(
0#
02
#5139361
1(
1#
12
#5141028
b11000000110 7
0(
0#
02
#5142695
1(
1#
12
#5144362
b11000000111 7
0(
0#
02
#5146029
1(
1#
12
#5147696
b11000001000 7
0(
0#
02
#5149363
1(
1#
12
#5151030
b11000001001 7
0(
0#
02
#5152697
1(
1#
12
#5154364
b11000001010 7
0(
0#
02
#5156031
1(
1#
12
#5157698
b11000001011 7
0(
0#
02
#5159365
1(
1#
12
#5161032
b11000001100 7
0(
0#
02
#5162699
1(
1#
12
#5164366
b11000001101 7
0(
0#
02
#5166033
1(
1#
12
#5167700
b11000001110 7
0(
0#
02
#5169367
1(
1#
12
#5171034
b11000001111 7
0(
0#
02
#5172701
1(
1#
12
#5174368
b11000010000 7
0(
0#
02
#5176035
1(
1#
12
#5177702
b11000010001 7
0(
0#
02
#5179369
1(
1#
12
#5181036
b11000010010 7
0(
0#
02
#5182703
1(
1#
12
#5184370
b11000010011 7
0(
0#
02
#5186037
1(
1#
12
#5187704
b11000010100 7
0(
0#
02
#5189371
1(
1#
12
#5191038
b11000010101 7
0(
0#
02
#5192705
1(
1#
12
#5194372
b11000010110 7
0(
0#
02
#5196039
1(
1#
12
#5197706
b11000010111 7
0(
0#
02
#5199373
1(
1#
12
#5201040
b11000011000 7
0(
0#
02
#5202707
1(
1#
12
#5204374
b11000011001 7
0(
0#
02
#5206041
1(
1#
12
#5207708
b11000011010 7
0(
0#
02
#5209375
1(
1#
12
#5211042
b11000011011 7
0(
0#
02
#5212709
1(
1#
12
#5214376
b11000011100 7
0(
0#
02
#5216043
1(
1#
12
#5217710
b11000011101 7
0(
0#
02
#5219377
1(
1#
12
#5221044
b11000011110 7
0(
0#
02
#5222711
1(
1#
12
#5224378
b11000011111 7
0(
0#
02
#5226045
1(
1#
12
#5227712
b11000100000 7
0(
0#
02
#5229379
1(
1#
12
#5231046
b11000100001 7
0(
0#
02
#5232713
1(
1#
12
#5234380
b11000100010 7
0(
0#
02
#5236047
1(
1#
12
#5237714
b11000100011 7
0(
0#
02
#5239381
1(
1#
12
#5241048
b11000100100 7
0(
0#
02
#5242715
1(
1#
12
#5244382
b11000100101 7
0(
0#
02
#5246049
1(
1#
12
#5247716
b11000100110 7
0(
0#
02
#5249383
1(
1#
12
#5251050
b11000100111 7
0(
0#
02
#5252717
1(
1#
12
#5254384
b11000101000 7
0(
0#
02
#5256051
1(
1#
12
#5257718
b11000101001 7
0(
0#
02
#5259385
1(
1#
12
#5261052
b11000101010 7
0(
0#
02
#5262719
1(
1#
12
#5264386
b11000101011 7
0(
0#
02
#5266053
1(
1#
12
#5267720
b11000101100 7
0(
0#
02
#5269387
1(
1#
12
#5271054
b11000101101 7
0(
0#
02
#5272721
1(
1#
12
#5274388
b11000101110 7
0(
0#
02
#5276055
1(
1#
12
#5277722
b11000101111 7
0(
0#
02
#5279389
1(
1#
12
#5281056
b11000110000 7
0(
0#
02
#5282723
1(
1#
12
#5284390
b11000110001 7
0(
0#
02
#5286057
1(
1#
12
#5287724
b11000110010 7
0(
0#
02
#5289391
1(
1#
12
#5291058
b11000110011 7
0(
0#
02
#5292725
1(
1#
12
#5294392
b11000110100 7
0(
0#
02
#5296059
1(
1#
12
#5297726
b11000110101 7
0(
0#
02
#5299393
1(
1#
12
#5301060
b11000110110 7
0(
0#
02
#5302727
1(
1#
12
#5304394
b11000110111 7
0(
0#
02
#5306061
1(
1#
12
#5307728
b11000111000 7
0(
0#
02
#5309395
1(
1#
12
#5311062
b11000111001 7
0(
0#
02
#5312729
1(
1#
12
#5314396
b11000111010 7
0(
0#
02
#5316063
1(
1#
12
#5317730
b11000111011 7
0(
0#
02
#5319397
1(
1#
12
#5321064
b11000111100 7
0(
0#
02
#5322731
1(
1#
12
#5324398
b11000111101 7
0(
0#
02
#5326065
1(
1#
12
#5327732
b11000111110 7
0(
0#
02
#5329399
1(
1#
12
#5331066
b11000111111 7
0(
0#
02
#5332733
1(
1#
12
#5334400
b11001000000 7
0(
0#
02
#5336067
bx0x0000xxxxx00000xxxxxx0x0000xx &
1(
1#
12
#5337734
b11001000001 7
0(
0#
02
#5339401
bx0x0x0000xxxxx00000xxxxxx0x0000xx &
1(
1#
12
#5341068
b11001000010 7
0(
0#
02
#5342735
1(
1#
12
#5344402
b11001000011 7
0(
0#
02
#5346069
bx0x0x0000xxxxx00000xxxxxx0x0000xx &
1(
1#
12
#5347736
b11001000100 7
0(
0#
02
#5349403
bx0x0x0000xxxxx00000xxxxxx0x0000xx &
1(
1#
12
#5351070
b11001000101 7
0(
0#
02
#5352737
bx00x0000xxxxx00000xxxxxx0x0000xx &
1(
1#
12
#5354404
b11001000110 7
0(
0#
02
#5356071
1(
1#
12
#5357738
b11001000111 7
19
0(
0#
02
#5359405
bx000x0000xxxxx00000xxxxxx0x0000xx &
1(
1#
12
#5361072
b11001001000 7
09
0(
0#
02
#5362739
bx000x0000xxxxx00000xxxxxx0x0000xx &
1(
1#
12
#5364406
b11001001001 7
0(
0#
02
#5366073
1(
1#
12
#5367740
b11001001010 7
0(
0#
02
#5369407
bx0x0x0000xxxxx00000xxxxxx0x0000xx &
1(
1#
12
#5371074
b11001001011 7
0(
0#
02
#5372741
1(
1#
12
#5374408
b11001001100 7
0(
0#
02
#5376075
bx000000xxxxx00000xxxxxx0x0000xx &
1(
1#
12
#5377742
b11001001101 7
0(
0#
02
#5379409
bx0xxx0000xxxxx00000xxxxxx0x0000xx &
1(
1#
12
#5381076
b11001001110 7
0(
0#
02
#5382743
bx000000xxxxx00000xxxxxx0x0000xx &
1(
1#
12
#5384410
b11001001111 7
0(
0#
02
#5386077
bx0x0x0000xxxxx00000xxxxxx0x0000xx &
1(
1#
12
#5387744
b11001010000 7
0(
0#
02
#5389411
bx0x0x0000xxxxx00000xxxxxx0x0000xx &
1(
1#
12
#5391078
b11001010001 7
0(
0#
02
#5392745
bx00xx000xxxxx00000xxxxxx0x0000xx &
1(
1#
12
#5394412
b11001010010 7
0(
0#
02
#5396079
1(
1#
12
#5397746
b11001010011 7
0(
0#
02
#5399413
bx000x0000xxxxx00000xxxxxx0x0000xx &
1(
1#
12
#5401080
b11001010100 7
0(
0#
02
#5402747
bx000x0000xxxxx00000xxxxxx0x0000xx &
1(
1#
12
#5404414
b11001010101 7
0(
0#
02
#5406081
bx000xx000xxxxx00000xxxxxx0x0000xx &
1(
1#
12
#5407748
b11001010110 7
0(
0#
02
#5409415
bx0xxx0000xxxxx00000xxxxxx0x0000xx &
1(
1#
12
#5411082
b11001010111 7
0(
0#
02
#5412749
bx0x0x0x00xxxxx00000xxxxxx0x0000xx &
1(
1#
12
#5414416
b11001011000 7
0(
0#
02
#5416083
bx0x0000x0xxxxx00000xxxxxx0x0000xx &
1(
1#
12
#5417750
b11001011001 7
0(
0#
02
#5419417
bx0xxx0x00xxxxx00000xxxxxx0x0000xx &
1(
1#
12
#5421084
b11001011010 7
0(
0#
02
#5422751
bx0x0x0x00xxxxx00000xxxxxx0x0000xx &
1(
1#
12
#5424418
b11001011011 7
0(
0#
02
#5426085
bx0x000000xxxxx00000xxxxxx0x0000xx &
1(
1#
12
#5427752
b11001011100 7
0(
0#
02
#5429419
bx0x0x000xxxxxx00000xxxxxx0x0000xx &
1(
1#
12
#5431086
b11001011101 7
0(
0#
02
#5432753
bx0x0x00x0xxxxx00000xxxxxx0x0000xx &
1(
1#
12
#5434420
b11001011110 7
0(
0#
02
#5436087
bx0x0xx0x0xxxxx00000xxxxxx0x0000xx &
1(
1#
12
#5437754
b11001011111 7
0(
0#
02
#5439421
bx0x0xx000xxxxx00000xxxxxx0x0000xx &
1(
1#
12
#5441088
b11001100000 7
0(
0#
02
#5442755
bx000x0000xxxxx00000xxxxxx0x0000xx &
1(
1#
12
#5444422
b11001100001 7
0(
0#
02
#5446089
bx0x0xxx00xxxxx00000xxxxxx0x0000xx &
1(
1#
12
#5447756
b11001100010 7
0(
0#
02
#5449423
bx00000x00xxxxx00000xxxxxx0x0000xx &
1(
1#
12
#5451090
b11001100011 7
0(
0#
02
#5452757
bx000x0000xxxxx00000xxxxxx0x0000xx &
1(
1#
12
#5454424
b11001100100 7
0(
0#
02
#5456091
bx000000x0xxxxx00000xxxxxx0x0000xx &
1(
1#
12
#5457758
b11001100101 7
0(
0#
02
#5459425
bx0x000x00xxxxx00000xxxxxx0x0000xx &
1(
1#
12
#5461092
b11001100110 7
0(
0#
02
#5462759
bx0x0000x0xxxxx00000xxxxxx0x0000xx &
1(
1#
12
#5464426
b11001100111 7
0(
0#
02
#5466093
bx0xxxxxxx0x0x0000xxxxx00000xxxxxx0x0000xx &
1(
1#
12
#5467760
b11001101000 7
0(
0#
02
#5469427
bx0xxxxxx0x0x0000xxxxx00000xxxxxx0x0000xx &
1(
1#
12
#5471094
b11001101001 7
0(
0#
02
#5472761
bx0x0xxxxx0x0x0000xxxxx00000xxxxxx0x0000xx &
1(
1#
12
#5474428
b11001101010 7
0(
0#
02
#5476095
bx00x0xxxx0x0x00x0xxxxx00000xxxxxx0x0000xx &
1(
1#
12
#5477762
b11001101011 7
0(
0#
02
#5479429
bx000x0xxx0x0x0000xxxxx00000xxxxxx0x0000xx &
1(
1#
12
#5481096
b11001101100 7
0(
0#
02
#5482763
bx000x0xx000x0000xxxxx00000xxxxxx0x0000xx &
1(
1#
12
#5484430
b11001101101 7
0(
0#
02
#5486097
bx000x0x000x0000xxxxx00000xxxxxx0x0000xx &
1(
1#
12
#5487764
b11001101110 7
0(
0#
02
#5489431
bx000x00x000000xxxxx00000xxxxxx0x0000xx &
1(
1#
12
#5491098
b11001101111 7
0(
0#
02
#5492765
bx0xxxxxxxxxxx000x00000000xxxxx00000xxxxxx0x0000xx &
1(
1#
12
#5494432
b11001110000 7
0(
0#
02
#5496099
bx0xxxxxxxxxxx000000x0000xxxxx00000xxxxxx0x0000xx &
1(
1#
12
#5497766
b11001110001 7
19
0(
0#
02
#5499433
bx0x0xxxxxxxxxxx000x000000xxxxx00000xxxxxx0x0000xx &
1(
1#
12
#5501100
b11001110010 7
0(
0#
02
#5502767
bx00x0xxxxxxxxxxx00x000000xxxxx00000xxxxxx0x0000xx &
1(
1#
12
#5504434
b11001110011 7
0(
0#
02
#5506101
bx000x0xxx0xxxxxxx0x0x0000xxxxx00000xxxxxx0x0000xx &
1(
1#
12
#5507768
b11001110100 7
0(
0#
02
#5509435
bx000x0xx00xxxxxx0x0x0000xxxxx00000xxxxxx0x0000xx &
1(
1#
12
#5511102
b11001110101 7
0(
0#
02
#5512769
bx000x1xx00xxxxx0x0x0000xxxxx00000xxxxxx0x0000xx &
1(
1#
12
#5514436
b11001110110 7
0(
0#
02
#5516103
bx000x00x00xxxx0x0x0000xxxxx00000xxxxxx0x0000xx &
1(
1#
12
#5517770
b11001110111 7
0(
0#
02
#5519437
bx0xxxxxxxxxxx001x00x00xxx0x0x0000xxxxx00000xxxxxx0x0000xx &
1(
1#
12
#5521104
b11001111000 7
0(
0#
02
#5522771
z,
bxzxxxxxxxxxxx010x00x00xx0x0x0000xxxxx00000xxxxxx0x0000xx &
1(
1#
12
#5524438
b11001111001 7
09
0(
0#
02
#5526105
x,
bx0x0xxxxxxxxxxx10xx00x00x0x0x0000xxxxx00000xxxxxx0x0000xx &
1(
1#
12
#5527772
b11001111010 7
0(
0#
02
#5529439
z,
bx0zx0xxxxxxxxxxx0xxx00x000x0x0000xxxxx00000xxxxxx0x0000xx &
1(
1#
12
#5531106
b11001111011 7
0(
0#
02
#5532773
bx0z0x0xxx0xxxxxxxxxxx00x00x0x0000xxxxx00000xxxxxx0x0000xx &
1(
1#
12
#5534440
b11001111100 7
0(
0#
02
#5536107
bxz00x0xx00xxxxxxxxxxx00x0x0x0000xxxxx00000xxxxxx0x0000xx &
1(
1#
12
#5537774
b11001111101 7
0(
0#
02
#5539441
x,
bx000x0xx00xxxxxxxxxxx000x0x0000xxxxx00000xxxxxx0x0000xx &
1(
1#
12
#5541108
b11001111110 7
0(
0#
02
#5542775
bx000x00x00xxxxxxxxxxx00x0x0000xxxxx00000xxxxxx0x0000xx &
1(
1#
12
#5544442
b11001111111 7
0(
0#
02
#5546109
b0xxxxxxxxxxx000x00x00xxxxxxxxxxx0x0x0000xxxxx00000xxxxxx0x0000xx &
1(
1#
12
#5547776
b11010000000 7
0(
0#
02
#5549443
bx0xxxxxxxxxxx000x00x00xxxxxxxxxx0x0x0000xxxxx00000xxxxxx0x0000xx &
1(
1#
12
#5551110
b11010000001 7
19
0(
0#
02
#5552777
b0x0xxxxxxxxxxx00xx00x01xxxxxxxxx0x0x0000xxxxx00000xxxxxx0x0000xx &
1(
1#
12
#5554444
b11010000010 7
0(
0#
02
#5556111
b0x0xxxxxxxxxxx0xxx00x10xxxxxxxx0x0x0000xxxxx00000xxxxxx0x0000xx &
1(
1#
12
#5557778
b11010000011 7
0(
0#
02
#5559445
b0x0xxx0xxxxxxxxxxx00x0xxxxxxxx0x0x0000xxxxx00000xxxxxx0x0000xx &
1(
1#
12
#5561112
b11010000100 7
0(
0#
02
#5562779
z,
bx000x0xx0zxxxxxxxxxxx01xxxxxxxxx0x0x0000xxxxx00000xxxxxx0x0000xx &
1(
1#
12
#5564446
b11010000101 7
0(
0#
02
#5566113
bx000x0xxz0xxxxxxxxxxx10xxxxxxxx0x0x0000xxxxx00000xxxxxx0x0000xx &
1(
1#
12
#5567780
b11010000110 7
0(
0#
02
#5569447
x,
bx000x00x00xxxxxxxxxxx0xxxxxxxx0x0x0000xxxxx00000xxxxxx0x0000xx &
1(
1#
12
#5571114
b11010000111 7
0(
0#
02
#5572781
z,
bx000x0zx00xxxxxxxxxxxxxxxxxxx0x0x0000xxxxx00000xxxxxx0x0000xx &
1(
1#
12
#5574448
b11010001000 7
0(
0#
02
#5576115
bx000xz0x00xxxxxxxxxxxxxxxxxx0x0x0000xxxxx00000xxxxxx0x0000xx &
1(
1#
12
#5577782
b11010001001 7
09
0(
0#
02
#5579449
x,
bx00xx00x00xxxxxxxxxxxxxxxxx0x0x0000xxxxx00000xxxxxx0x0000xx &
1(
1#
12
#5581116
b11010001010 7
0(
0#
02
#5582783
bx0xxx00x00xxxxxxxxxxxxxxxx0x0x0000xxxxx00000xxxxxx0x0000xx &
1(
1#
12
#5584450
b11010001011 7
0(
0#
02
#5586117
b0xxxxxxxxxxx00x0xxxxxxxxxxxxxxxx0x0x0000xxxxx00000xxxxxx0x0000xx &
1(
1#
12
#5587784
b11010001100 7
0(
0#
02
#5589451
b0xxxxxxxxxxx00xxxxxxxxxxxxxxxxx0x0x0000xxxxx00000xxxxxx0x0000xx &
1(
1#
12
#5591118
b11010001101 7
0(
0#
02
#5592785
bx00xxxxxxxxxxx00xxxxxxxxxxxxxxxx0x0x0000xxxxx00000xxxxxx0x0000xx &
1(
1#
12
#5594452
b11010001110 7
0(
0#
02
#5596119
b0x00xxxxxxxxxxx0xxxxxxxxxxxxxxxx0x0x0000xxxxx00000xxxxxx0x0000xx &
1(
1#
12
#5597786
b11010001111 7
0(
0#
02
#5599453
b0x00xxxxxxxxxxxxxxxxxxxxxxxxxxx0x0x0000xxxxx00000xxxxxx0x0000xx &
1(
1#
12
#5601120
b11010010000 7
0(
0#
02
#5602787
bx00x00xxxxxxxxxxxxxxxxxxxxxxxxxx0x0x0000xxxxx00000xxxxxx0x0000xx &
1(
1#
12
#5604454
b11010010001 7
0(
0#
02
#5606121
bx00x00xxxxxxxxxxxxxxxxxxxxxxxxx0x0x0000xxxxx00000xxxxxx0x0000xx &
1(
1#
12
#5607788
b11010010010 7
0(
0#
02
#5609455
bx00x00xxxxxxxxxxxxxxxxxxxxxxxx0x0x0000xxxxx00000xxxxxx0x0000xx &
1(
1#
12
#5611122
b11010010011 7
0(
0#
02
#5612789
bx00x0xxxxxxxxxxxxxxxxxxxxxxxx0x0x0000xxxxx00000xxxxxx0x0000xx &
1(
1#
12
#5614456
b11010010100 7
0(
0#
02
#5616123
bx00xxxxxxxxxxxxxxxxxxxxxxxxx0x0x0000xxxxx00000xxxxxx0x0000xx &
1(
1#
12
#5617790
b11010010101 7
0(
0#
02
#5619457
bx00xxxxxxxxxxxxxxxxxxxxxxxx0x0x0000xxxxx00000xxxxxx0x0000xx &
1(
1#
12
#5621124
b11010010110 7
0(
0#
02
#5622791
bx0xxxxxxxxxxxxxxxxxxxxxxxx0x0x0000xxxxx00000xxxxxx0x0000xx &
1(
1#
12
#5624458
b11010010111 7
0(
0#
02
#5626125
bx0x0x0000xxxxx00000xxxxxx0x0000xx &
1(
1#
12
#5627792
b11010011000 7
0(
0#
02
#5629459
1(
1#
12
#5631126
b11010011001 7
0(
0#
02
#5632793
1(
1#
12
#5634460
b11010011010 7
0(
0#
02
#5636127
1(
1#
12
#5637794
b11010011011 7
0(
0#
02
#5639461
1(
1#
12
#5641128
b11010011100 7
0(
0#
02
#5642795
1(
1#
12
#5644462
b11010011101 7
0(
0#
02
#5646129
1(
1#
12
#5647796
b11010011110 7
0(
0#
02
#5649463
1(
1#
12
#5651130
b11010011111 7
0(
0#
02
#5652797
1(
1#
12
#5654464
b11010100000 7
0(
0#
02
#5656131
1(
1#
12
#5657798
b11010100001 7
0(
0#
02
#5659465
1(
1#
12
#5661132
b11010100010 7
0(
0#
02
#5662799
1(
1#
12
#5664466
b11010100011 7
0(
0#
02
#5666133
1(
1#
12
#5667800
b11010100100 7
0(
0#
02
#5669467
1(
1#
12
#5671134
b11010100101 7
0(
0#
02
#5672801
1(
1#
12
#5674468
b11010100110 7
0(
0#
02
#5676135
1(
1#
12
#5677802
b11010100111 7
0(
0#
02
#5679469
1(
1#
12
#5681136
b11010101000 7
0(
0#
02
#5682803
1(
1#
12
#5684470
b11010101001 7
0(
0#
02
#5686137
1(
1#
12
#5687804
b11010101010 7
0(
0#
02
#5689471
1(
1#
12
#5691138
b11010101011 7
0(
0#
02
#5692805
1(
1#
12
#5694472
b11010101100 7
0(
0#
02
#5696139
1(
1#
12
#5697806
b11010101101 7
0(
0#
02
#5699473
1(
1#
12
#5701140
b11010101110 7
0(
0#
02
#5702807
1(
1#
12
#5704474
b11010101111 7
0(
0#
02
#5706141
1(
1#
12
#5707808
b11010110000 7
0(
0#
02
#5709475
1(
1#
12
#5711142
b11010110001 7
0(
0#
02
#5712809
1(
1#
12
#5714476
b11010110010 7
0(
0#
02
#5716143
1(
1#
12
#5717810
b11010110011 7
0(
0#
02
#5719477
1(
1#
12
#5721144
b11010110100 7
0(
0#
02
#5722811
1(
1#
12
#5724478
b11010110101 7
0(
0#
02
#5726145
1(
1#
12
#5727812
b11010110110 7
0(
0#
02
#5729479
1(
1#
12
#5731146
b11010110111 7
0(
0#
02
#5732813
1(
1#
12
#5734480
b11010111000 7
0(
0#
02
#5736147
1(
1#
12
#5737814
b11010111001 7
0(
0#
02
#5739481
1(
1#
12
#5741148
b11010111010 7
0(
0#
02
#5742815
1(
1#
12
#5744482
b11010111011 7
0(
0#
02
#5746149
1(
1#
12
#5747816
b11010111100 7
0(
0#
02
#5749483
1(
1#
12
#5751150
b11010111101 7
0(
0#
02
#5752817
1(
1#
12
#5754484
b11010111110 7
0(
0#
02
#5756151
1(
1#
12
#5757818
b11010111111 7
0(
0#
02
#5759485
1(
1#
12
#5761152
b11011000000 7
0(
0#
02
#5762819
1(
1#
12
#5764486
b11011000001 7
0(
0#
02
#5766153
1(
1#
12
#5767820
b11011000010 7
0(
0#
02
#5769487
1(
1#
12
#5771154
b11011000011 7
0(
0#
02
#5772821
1(
1#
12
#5774488
b11011000100 7
0(
0#
02
#5776155
1(
1#
12
#5777822
b11011000101 7
0(
0#
02
#5779489
1(
1#
12
#5781156
b11011000110 7
0(
0#
02
#5782823
1(
1#
12
#5784490
b11011000111 7
0(
0#
02
#5786157
1(
1#
12
#5787824
b11011001000 7
0(
0#
02
#5789491
1(
1#
12
#5791158
b11011001001 7
0(
0#
02
#5792825
1(
1#
12
#5794492
b11011001010 7
0(
0#
02
#5796159
1(
1#
12
#5797826
b11011001011 7
0(
0#
02
#5799493
1(
1#
12
#5801160
b11011001100 7
0(
0#
02
#5802827
1(
1#
12
#5804494
b11011001101 7
0(
0#
02
#5806161
1(
1#
12
#5807828
b11011001110 7
0(
0#
02
#5809495
1(
1#
12
#5811162
b11011001111 7
0(
0#
02
#5812829
1(
1#
12
#5814496
b11011010000 7
0(
0#
02
#5816163
1(
1#
12
#5817830
b11011010001 7
0(
0#
02
#5819497
1(
1#
12
#5821164
b11011010010 7
0(
0#
02
#5822831
1(
1#
12
#5824498
b11011010011 7
0(
0#
02
#5826165
1(
1#
12
#5827832
b11011010100 7
0(
0#
02
#5829499
1(
1#
12
#5831166
b11011010101 7
0(
0#
02
#5832833
1(
1#
12
#5834500
b11011010110 7
0(
0#
02
#5836167
1(
1#
12
#5837834
b11011010111 7
0(
0#
02
#5839501
1(
1#
12
#5841168
b11011011000 7
0(
0#
02
#5842835
1(
1#
12
#5844502
b11011011001 7
0(
0#
02
#5846169
1(
1#
12
#5847836
b11011011010 7
0(
0#
02
#5849503
1(
1#
12
#5851170
b11011011011 7
0(
0#
02
#5852837
1(
1#
12
#5854504
b11011011100 7
0(
0#
02
#5856171
1(
1#
12
#5857838
b11011011101 7
0(
0#
02
#5859505
1(
1#
12
#5861172
b11011011110 7
0(
0#
02
#5862839
1(
1#
12
#5864506
b11011011111 7
0(
0#
02
#5866173
1(
1#
12
#5867840
b11011100000 7
0(
0#
02
#5869507
1(
1#
12
#5871174
b11011100001 7
0(
0#
02
#5872841
1(
1#
12
#5874508
b11011100010 7
0(
0#
02
#5876175
1(
1#
12
#5877842
b11011100011 7
0(
0#
02
#5879509
1(
1#
12
#5881176
b11011100100 7
0(
0#
02
#5882843
1(
1#
12
#5884510
b11011100101 7
0(
0#
02
#5886177
1(
1#
12
#5887844
b11011100110 7
0(
0#
02
#5889511
1(
1#
12
#5891178
b11011100111 7
0(
0#
02
#5892845
1(
1#
12
#5894512
b11011101000 7
0(
0#
02
#5896179
1(
1#
12
#5897846
b11011101001 7
0(
0#
02
#5899513
1(
1#
12
#5901180
b11011101010 7
0(
0#
02
#5902847
1(
1#
12
#5904514
b11011101011 7
0(
0#
02
#5906181
1(
1#
12
#5907848
b11011101100 7
0(
0#
02
#5909515
1(
1#
12
#5911182
b11011101101 7
0(
0#
02
#5912849
1(
1#
12
#5914516
b11011101110 7
0(
0#
02
#5916183
1(
1#
12
#5917850
b11011101111 7
0(
0#
02
#5919517
1(
1#
12
#5921184
b11011110000 7
0(
0#
02
#5922851
1(
1#
12
#5924518
b11011110001 7
0(
0#
02
#5926185
1(
1#
12
#5927852
b11011110010 7
0(
0#
02
#5929519
1(
1#
12
#5931186
b11011110011 7
0(
0#
02
#5932853
1(
1#
12
#5934520
b11011110100 7
0(
0#
02
#5936187
1(
1#
12
#5937854
b11011110101 7
0(
0#
02
#5939521
1(
1#
12
#5941188
b11011110110 7
0(
0#
02
#5942855
1(
1#
12
#5944522
b11011110111 7
0(
0#
02
#5946189
1(
1#
12
#5947856
b11011111000 7
0(
0#
02
#5949523
1(
1#
12
#5951190
b11011111001 7
0(
0#
02
#5952857
1(
1#
12
#5954524
b11011111010 7
0(
0#
02
#5956191
1(
1#
12
#5957858
b11011111011 7
0(
0#
02
#5959525
1(
1#
12
#5961192
b11011111100 7
0(
0#
02
#5962859
1(
1#
12
#5964526
b11011111101 7
0(
0#
02
#5966193
1(
1#
12
#5967860
b11011111110 7
0(
0#
02
#5969527
1(
1#
12
#5971194
b11011111111 7
0(
0#
02
#5972861
1(
1#
12
#5974528
b11100000000 7
0(
0#
02
#5976195
1(
1#
12
#5977862
b11100000001 7
0(
0#
02
#5979529
bx0x0x0000xxxxx00000xxxxxx0x0000xx &
1(
1#
12
#5981196
b11100000010 7
0(
0#
02
#5982863
1(
1#
12
#5984530
b11100000011 7
0(
0#
02
#5986197
bx0x0x0000xxxxx00000xxxxxxxx0000xx &
1(
1#
12
#5987864
b11100000100 7
0(
0#
02
#5989531
1(
1#
12
#5991198
b11100000101 7
0(
0#
02
#5992865
bx0x0x0000xxxxx00000xxxxxxx00000xx &
1(
1#
12
#5994532
b11100000110 7
0(
0#
02
#5996199
bx0x0x0000xxxxx00000xxxxxx0x0000xx &
1(
1#
12
#5997866
b11100000111 7
0(
0#
02
#5999533
bx0x0x0000xxxxx00000xxxxxx000000xx &
1(
1#
12
#6001200
b11100001000 7
0(
0#
02
#6002867
bx0x0x0000xxxxx00000xxxxxx00x000xx &
1(
1#
12
#6004534
b11100001001 7
0(
0#
02
#6006201
bx0x0x00000xxxx00000xxxxxx00x000xx &
1(
1#
12
#6007868
b11100001010 7
0(
0#
02
#6009535
bx0x0x0000xxxxx00000xxxxxx00x000xx &
1(
1#
12
#6011202
b11100001011 7
0(
0#
02
#6012869
bx0x0x0000xxxxx00000xxxxxx0x0000xx &
1(
1#
12
#6014536
b11100001100 7
0(
0#
02
#6016203
bx0x0x0000xxxxx00000xxxxxx0xxx00xx &
1(
1#
12
#6017870
b11100001101 7
0(
0#
02
#6019537
bx0x0x0000x0xxx00000xxxxxxxx0x00xx &
1(
1#
12
#6021204
b11100001110 7
0(
0#
02
#6022871
bx0x0x0000xxxxx00000xxxxxxxx0000xx &
1(
1#
12
#6024538
b11100001111 7
0(
0#
02
#6026205
bx0x0x0000xxxxx00000xxxxxx0x0x00xx &
1(
1#
12
#6027872
b11100010000 7
0(
0#
02
#6029539
bx0x0x0000xxxxx00000xxxxxxxx0xx0xx &
1(
1#
12
#6031206
b11100010001 7
0(
0#
02
#6032873
bx0x0x0000xxxxx00000xxxxxxx00000xx &
1(
1#
12
#6034540
b11100010010 7
0(
0#
02
#6036207
bx0x0x0000xxxxx00000xxxxxx000x00xx &
1(
1#
12
#6037874
b11100010011 7
0(
0#
02
#6039541
bx0x0x0000xxxxx00000xxxxxx0x0000xx &
1(
1#
12
#6041208
b11100010100 7
0(
0#
02
#6042875
bx0x0x0000xxx0x00000xxxxxx00x00xxx &
1(
1#
12
#6044542
b11100010101 7
0(
0#
02
#6046209
bx0x0x0000xxxxx00000xxxxxx0000x0xx &
1(
1#
12
#6047876
b11100010110 7
0(
0#
02
#6049543
bx0x0x0000xxxxx00000xxxxxx00000xxx &
1(
1#
12
#6051210
b11100010111 7
0(
0#
02
#6052877
bx0x0x0000xxxxx00000xxxxxx0xx00xxx &
1(
1#
12
#6054544
b11100011000 7
0(
0#
02
#6056211
bx0x0x0000xxxxx00000xxxxxx0x0x0x0x &
1(
1#
12
#6057878
b11100011001 7
0(
0#
02
#6059545
bx0x0x0000xxxx000000xxxxxx0x0x000x &
1(
1#
12
#6061212
b11100011010 7
0(
0#
02
#6062879
bx0x0x0000xxxxx00000xxxxxx0x000x0x &
1(
1#
12
#6064546
b11100011011 7
0(
0#
02
#6066213
bx0x0x0000xxxxx00000xxxxxx0x0000xx &
1(
1#
12
#6067880
b11100011100 7
0(
0#
02
#6069547
bx0x0x0000xxxxx00000xxxxxx0x0xx0xx &
1(
1#
12
#6071214
b11100011101 7
0(
0#
02
#6072881
bx0x0x0000xxxxx00000xxxxxx0x0000x0 &
1(
1#
12
#6074548
b11100011110 7
0(
0#
02
#6076215
bx0x0x0000xxxxxx0000xxxxxx0x0xx00x &
1(
1#
12
#6077882
b11100011111 7
0(
0#
02
#6079549
bx0x0x0000xxxxx00000xxxxxx0x0000xx &
1(
1#
12
#6081216
b11100100000 7
0(
0#
02
#6082883
bx0x0x0000xxxxx0x000xxxxxx00000xx0 &
1(
1#
12
#6084550
b11100100001 7
0(
0#
02
#6086217
bx0x0x0000xxxxx00000xxxxxx0x00xxx0 &
1(
1#
12
#6087884
b11100100010 7
0(
0#
02
#6089551
bx0x0x0000xxxxx00000xxxxxx000000x0 &
1(
1#
12
#6091218
b11100100011 7
0(
0#
02
#6092885
bx0x0x0000xxxxx00000xxxxxx00000xxx &
1(
1#
12
#6094552
b11100100100 7
0(
0#
02
#6096219
bx0x0x0000xxxxx00x00xxxxxx0000000x &
1(
1#
12
#6097886
b11100100101 7
0(
0#
02
#6099553
bx0x0x0000xxxxx00000xxxxxx0x00000x &
1(
1#
12
#6101220
b11100100110 7
0(
0#
02
#6102887
bx0x0x0000xxxxx00000xxxxxx0x0000x0 &
1(
1#
12
#6104554
b11100100111 7
0(
0#
02
#6106221
bx0x0x00000xxxx00000xxxxxx0x00000x &
1(
1#
12
#6107888
b11100101000 7
0(
0#
02
#6109555
bx0x0x0000x0xxx00000xxxxxx0x000000 &
1(
1#
12
#6111222
b11100101001 7
0(
0#
02
#6112889
bx0x0x0000xx0xx00000xxxxxx0x000000 &
1(
1#
12
#6114556
b11100101010 7
0(
0#
02
#6116223
bx0x0x0000xxx0x00000xxxxxx0x000000 &
1(
1#
12
#6117890
b11100101011 7
0(
0#
02
#6119557
bx0x0x0000xxxx000000xxxxxx0x0000xx &
1(
1#
12
#6121224
b11100101100 7
0(
0#
02
#6122891
bx0x0x0000xxxxx00000xxxxxx000000xx &
1(
1#
12
#6124558
b11100101101 7
0(
0#
02
#6126225
bx0x0x0000xxxxx00000xxxxxx000000x0 &
1(
1#
12
#6127892
b11100101110 7
0(
0#
02
#6129559
bx0x0x0000xxxxx00000xxxxxx0x0000x0 &
1(
1#
12
#6131226
b11100101111 7
0(
0#
02
#6132893
bx0x0x0000xxxxx00000xxxxxx000000xx &
1(
1#
12
#6134560
b11100110000 7
0(
0#
02
#6136227
1(
1#
12
#6137894
b11100110001 7
0(
0#
02
#6139561
bx0x0x0000xxxxx00000xxxxxx0x00000x &
1(
1#
12
#6141228
b11100110010 7
0(
0#
02
#6142895
bx0x0x0000xxxxx00000xxxxxx0x000000 &
1(
1#
12
#6144562
b11100110011 7
0(
0#
02
#6146229
bx0x0x00000xxxx00000xxxxxx0x0000x0 &
1(
1#
12
#6147896
b11100110100 7
0(
0#
02
#6149563
bx0x0x0000xxxxx00000xxxxxx0x00000x &
1(
1#
12
#6151230
b11100110101 7
0(
0#
02
#6152897
bx0x0x0000xxxxx00000xxxxxx0x000000 &
1(
1#
12
#6154564
b11100110110 7
0(
0#
02
#6156231
bx0x0x0000xxxxx00000xxxxxx0x0000x0 &
1(
1#
12
#6157898
b11100110111 7
0(
0#
02
#6159565
bx0x0x0000x0xxx00000xxxxxx0x0000xx &
1(
1#
12
#6161232
b11100111000 7
0(
0#
02
#6162899
bx0x0x0000xxxxx00000xxxxxx0x0000xx &
1(
1#
12
#6164566
b11100111001 7
0(
0#
02
#6166233
bx0x0x00000xxxx00000xxxxxx0x0000xx &
1(
1#
12
#6167900
b11100111010 7
0(
0#
02
#6169567
1(
1#
12
#6171234
b11100111011 7
0(
0#
02
#6172901
bx0x0x0000xx0xx00000xxxxxx0x0000xx &
1(
1#
12
#6174568
b11100111100 7
0(
0#
02
#6176235
1(
1#
12
#6177902
b11100111101 7
0(
0#
02
#6179569
bx0x0x0000x00xx00000xxxxxx0x0000xx &
1(
1#
12
#6181236
b11100111110 7
0(
0#
02
#6182903
bx0x0x0000xx00x00000xxxxxx0x0000xx &
1(
1#
12
#6184570
b11100111111 7
0(
0#
02
#6186237
1(
1#
12
#6187904
b11101000000 7
0(
0#
02
#6189571
bx0x0x0000xx0xx00000xxxxxx0x0000xx &
1(
1#
12
#6191238
b11101000001 7
0(
0#
02
#6192905
bx0x0x0000xxxxx00000xxxxxx0x0000xx &
1(
1#
12
#6194572
b11101000010 7
0(
0#
02
#6196239
1(
1#
12
#6197906
b11101000011 7
0(
0#
02
#6199573
bx0x0x00000xxx000000xxxxxx0x0000xx &
1(
1#
12
#6201240
b11101000100 7
0(
0#
02
#6202907
bx0x0x0000xxxx000000xxxxxx0x0000xx &
1(
1#
12
#6204574
b11101000101 7
0(
0#
02
#6206241
bx0x0x0000xxx0000000xxxxxx0x0000xx &
1(
1#
12
#6207908
b11101000110 7
0(
0#
02
#6209575
bx0x0x0000xxxx000000xxxxxx0x0000xx &
1(
1#
12
#6211242
b11101000111 7
0(
0#
02
#6212909
bx0x0x0000x0xx000000xxxxxx0x0000xx &
1(
1#
12
#6214576
b11101001000 7
0(
0#
02
#6216243
bx0x0x0000xxxx0x0000xxxxxx0x0000xx &
1(
1#
12
#6217910
b11101001001 7
0(
0#
02
#6219577
bx0x0x00000xxx0x0000xxxxxx0x0000xx &
1(
1#
12
#6221244
b11101001010 7
0(
0#
02
#6222911
bx0x0x00000xxxxxx000xxxxxx0x0000xx &
1(
1#
12
#6224578
b11101001011 7
0(
0#
02
#6226245
bx0x0x0000xx0xxxx000xxxxxx0x0000xx &
1(
1#
12
#6227912
b11101001100 7
0(
0#
02
#6229579
1(
1#
12
#6231246
b11101001101 7
0(
0#
02
#6232913
bx0x0x0000x00xx0x000xxxxxx0x0000xx &
1(
1#
12
#6234580
b11101001110 7
0(
0#
02
#6236247
bx0x0x0000xx00xxxx00xxxxxx0x0000xx &
1(
1#
12
#6237914
b11101001111 7
0(
0#
02
#6239581
bx0x0x0000xx00xxx000xxxxxx0x0000xx &
1(
1#
12
#6241248
b11101010000 7
0(
0#
02
#6242915
bx0x0x0000xx0xx0xx00xxxxxx0x0000xx &
1(
1#
12
#6244582
b11101010001 7
0(
0#
02
#6246249
bx0x0x00000xxxx00x00xxxxxx0x0000xx &
1(
1#
12
#6247916
b11101010010 7
0(
0#
02
#6249583
bx0x0x000000xxx00x00xxxxxx0x0000xx &
1(
1#
12
#6251250
b11101010011 7
0(
0#
02
#6252917
bx0x0x0000000x000x00xxxxxx0x0000xx &
1(
1#
12
#6254584
b11101010100 7
0(
0#
02
#6256251
bx0x0x00000000000x00xxxxxx0x0000xx &
1(
1#
12
#6257918
b11101010101 7
0(
0#
02
#6259585
bx0x0x00000000000000xxxxxx0x0000xx &
1(
1#
12
#6261252
b11101010110 7
0(
0#
02
#6262919
bx0x0x00000000000x00xxxxxx0x0000xx &
1(
1#
12
#6264586
b11101010111 7
0(
0#
02
#6266253
bx0x0x00000000000000xxxxxx0x0000xx &
1(
1#
12
#6267920
b11101011000 7
0(
0#
02
#6269587
1(
1#
12
#6271254
b11101011001 7
0(
0#
02
#6272921
bx0x0x0000x000000000xxxxxx0x0000xx &
1(
1#
12
#6274588
b11101011010 7
0(
0#
02
#6276255
bx0x0x0000xx00000000xxxxxx0x0000xx &
1(
1#
12
#6277922
b11101011011 7
0(
0#
02
#6279589
bx0x0x0000xxx0000000xxxxxx0x0000xx &
1(
1#
12
#6281256
b11101011100 7
0(
0#
02
#6282923
bx0x0x0000xxxx000000xxxxxx0x0000xx &
1(
1#
12
#6284590
b11101011101 7
0(
0#
02
#6286257
bx0x0x0000xxxxx00000xxxxxx0x0000xx &
1(
1#
12
#6287924
b11101011110 7
0(
0#
02
#6289591
bx0x0x0000xxxxxx0000xxxxxx0x0000xx &
1(
1#
12
#6291258
b11101011111 7
0(
0#
02
#6292925
bx0x0x0000xxxxxxx000xxxxxx0x0000xx &
1(
1#
12
#6294592
b11101100000 7
0(
0#
02
#6296259
bx0x0x0000xxxxx0xx00xxxxxx0x0000xx &
1(
1#
12
#6297926
b11101100001 7
0(
0#
02
#6299593
bx0x0x00000xxxx00x00xxxxxx0x0000xx &
1(
1#
12
#6301260
b11101100010 7
0(
0#
02
#6302927
bx0x0x000000xxx00x00xxxxxx0x0000xx &
1(
1#
12
#6304594
b11101100011 7
0(
0#
02
#6306261
bx0x0x0000000xx00x00xxxxxx0x0000xx &
1(
1#
12
#6307928
b11101100100 7
0(
0#
02
#6309595
bx0x0x00000000x00x00xxxxxx0x0000xx &
1(
1#
12
#6311262
b11101100101 7
0(
0#
02
#6312929
bx0x0x00000000000000xxxxxx0x0000xx &
1(
1#
12
#6314596
b11101100110 7
0(
0#
02
#6316263
bx0x0x00000000000x00xxxxxx0x0000xx &
1(
1#
12
#6317930
b11101100111 7
0(
0#
02
#6319597
bx0x0x00000000000000xxxxxx0x0000xx &
1(
1#
12
#6321264
b11101101000 7
0(
0#
02
#6322931
1(
1#
12
#6324598
b11101101001 7
0(
0#
02
#6326265
bx0x0x0000x000000000xxxxxx0x0000xx &
1(
1#
12
#6327932
b11101101010 7
0(
0#
02
#6329599
bx0x0x0000xx00000000xxxxxx0x0000xx &
1(
1#
12
#6331266
b11101101011 7
0(
0#
02
#6332933
bx0x0x0000xxx0000000xxxxxx0x0000xx &
1(
1#
12
#6334600
b11101101100 7
0(
0#
02
#6336267
bx0x0x0000xxxx000000xxxxxx0x0000xx &
1(
1#
12
#6337934
b11101101101 7
0(
0#
02
#6339601
bx0x0x0000xxxxx00000xxxxxx0x0000xx &
1(
1#
12
#6341268
b11101101110 7
0(
0#
02
#6342935
1(
1#
12
#6344602
b11101101111 7
0(
0#
02
#6346269
1(
1#
12
#6347936
b11101110000 7
0(
0#
02
#6349603
1(
1#
12
#6351270
b11101110001 7
0(
0#
02
#6352937
1(
1#
12
#6354604
b11101110010 7
0(
0#
02
#6356271
1(
1#
12
#6357938
b11101110011 7
0(
0#
02
#6359605
1(
1#
12
#6361272
b11101110100 7
0(
0#
02
#6362939
1(
1#
12
#6364606
b11101110101 7
0(
0#
02
#6366273
1(
1#
12
#6367940
b11101110110 7
0(
0#
02
#6369607
1(
1#
12
#6371274
b11101110111 7
0(
0#
02
#6372941
1(
1#
12
#6374608
b11101111000 7
0(
0#
02
#6376275
1(
1#
12
#6377942
b11101111001 7
0(
0#
02
#6379609
1(
1#
12
#6381276
b11101111010 7
0(
0#
02
#6382943
1(
1#
12
#6384610
b11101111011 7
0(
0#
02
#6386277
1(
1#
12
#6387944
b11101111100 7
0(
0#
02
#6389611
1(
1#
12
#6391278
b11101111101 7
0(
0#
02
#6392945
1(
1#
12
#6394612
b11101111110 7
0(
0#
02
#6396279
1(
1#
12
#6397946
b11101111111 7
0(
0#
02
#6399613
1(
1#
12
#6401280
b11110000000 7
0(
0#
02
#6402947
1(
1#
12
#6404614
b11110000001 7
0(
0#
02
#6406281
1(
1#
12
#6407948
b11110000010 7
0(
0#
02
#6409615
1(
1#
12
#6411282
b11110000011 7
0(
0#
02
#6412949
1(
1#
12
#6414616
b11110000100 7
0(
0#
02
#6416283
1(
1#
12
#6417950
b11110000101 7
0(
0#
02
#6419617
1(
1#
12
#6421284
b11110000110 7
0(
0#
02
#6422951
1(
1#
12
#6424618
b11110000111 7
0(
0#
02
#6426285
1(
1#
12
#6427952
b11110001000 7
0(
0#
02
#6429619
1(
1#
12
#6431286
b11110001001 7
0(
0#
02
#6432953
1(
1#
12
#6434620
b11110001010 7
0(
0#
02
#6436287
1(
1#
12
#6437954
b11110001011 7
0(
0#
02
#6439621
1(
1#
12
#6441288
b11110001100 7
0(
0#
02
#6442955
1(
1#
12
#6444622
b11110001101 7
0(
0#
02
#6446289
1(
1#
12
#6447956
b11110001110 7
0(
0#
02
#6449623
1(
1#
12
#6451290
b11110001111 7
0(
0#
02
#6452957
1(
1#
12
#6454624
b11110010000 7
0(
0#
02
#6456291
1(
1#
12
#6457958
b11110010001 7
0(
0#
02
#6459625
1(
1#
12
#6461292
b11110010010 7
0(
0#
02
#6462959
1(
1#
12
#6464626
b11110010011 7
0(
0#
02
#6466293
1(
1#
12
#6467960
b11110010100 7
0(
0#
02
#6469627
1(
1#
12
#6471294
b11110010101 7
0(
0#
02
#6472961
1(
1#
12
#6474628
b11110010110 7
0(
0#
02
#6476295
bx0x0x0000xxxxx000x0xxxxxx0x0000xx &
1(
1#
12
#6477962
b11110010111 7
0(
0#
02
#6479629
bx0x0x0000xxxxx00000xxxxxx0x0000xx &
1(
1#
12
#6481296
b11110011000 7
0(
0#
02
#6482963
1(
1#
12
#6484630
b11110011001 7
0(
0#
02
#6486297
bx0x0x0000xxxxx000x0xxxxxx0x0000xx &
1(
1#
12
#6487964
b11110011010 7
0(
0#
02
#6489631
bx0x0x0000xxxxx000x0xxxxxx0x0000xx &
1(
1#
12
#6491298
b11110011011 7
0(
0#
02
#6492965
bx0x0x0000xxxxx0000xxxxxxx0x0000xx &
1(
1#
12
#6494632
b11110011100 7
0(
0#
02
#6496299
bx0x0x0000xxxxx00000xxxxxx0x0000xx &
1(
1#
12
#6497966
b11110011101 7
0(
0#
02
#6499633
bx0x0x0000xxxxx0000xxxxxxx0x0000xx &
1(
1#
12
#6501300
b11110011110 7
0(
0#
02
#6502967
1(
1#
12
#6504634
b11110011111 7
0(
0#
02
#6506301
bx0x0x0000xxxxx00000xxxxxx0x0000xx &
1(
1#
12
#6507968
b11110100000 7
0(
0#
02
#6509635
1(
1#
12
#6511302
b11110100001 7
0(
0#
02
#6512969
1(
1#
12
#6514636
b11110100010 7
0(
0#
02
#6516303
bx0x0x0000xxxxx000x00xxxxx0x0000xx &
1(
1#
12
#6517970
b11110100011 7
0(
0#
02
#6519637
bx0x0x0000xxxxx000x000xxxx0x0000xx &
1(
1#
12
#6521304
b11110100100 7
0(
0#
02
#6522971
bx0x0x0000xxxxx00000xxxxxx0x0000xx &
1(
1#
12
#6524638
b11110100101 7
0(
0#
02
#6526305
bx0x0x0000xxxxx00000x0xxxx0x0000xx &
1(
1#
12
#6527972
b11110100110 7
0(
0#
02
#6529639
bx0x0x0000xxxxx000x0xxxxxx0x0000xx &
1(
1#
12
#6531306
b11110100111 7
0(
0#
02
#6532973
bx0x0x0000xxxxx0000xx00xxx0x0000xx &
1(
1#
12
#6534640
b11110101000 7
0(
0#
02
#6536307
bx0x0x0000xxxxx00000x0xxxx0x0000xx &
1(
1#
12
#6537974
b11110101001 7
0(
0#
02
#6539641
bx0x0x0000xxxxx00000xxxxxx0x0000xx &
1(
1#
12
#6541308
b11110101010 7
0(
0#
02
#6542975
bx0x0000xxxxx0000xxx0xxx0x0000xx &
1(
1#
12
#6544642
b11110101011 7
0(
0#
02
#6546309
bx0x0x0000xxxxx00000xx00xx0x0000xx &
1(
1#
12
#6547976
b11110101100 7
0(
0#
02
#6549643
bx0x0x0000xxxxx000000xx0xx0x0000xx &
1(
1#
12
#6551310
b11110101101 7
0(
0#
02
#6552977
bx000x0000xxxxx00000xxx0xx0x0000xx &
1(
1#
12
#6554644
b11110101110 7
0(
0#
02
#6556311
bx0x0x0000xxxxx00000xxx0xx0x0000xx &
1(
1#
12
#6557978
b11110101111 7
0(
0#
02
#6559645
bx0x0x0000xxxxx0000000xx0x0x0000xx &
1(
1#
12
#6561312
b11110110000 7
0(
0#
02
#6562979
bx0x0x0000xxxxx00000x0x00x0x0000xx &
1(
1#
12
#6564646
b11110110001 7
0(
0#
02
#6566313
bx0x0x0000xxxxx00000xxxxxx0x0000xx &
1(
1#
12
#6567980
b11110110010 7
0(
0#
02
#6569647
bx0x0x0000xxxxx00000x0xxx00x0000xx &
1(
1#
12
#6571314
b11110110011 7
0(
0#
02
#6572981
bx0x0x0000xxxxx00000x0xx0x0x0000xx &
1(
1#
12
#6574648
b11110110100 7
0(
0#
02
#6576315
bx0x000000xxxxx00000x00x000x0000xx &
1(
1#
12
#6577982
b11110110101 7
0(
0#
02
#6579649
bx0x0x0000xxxxx00000xxxxxx0x0000xx &
1(
1#
12
#6581316
b11110110110 7
0(
0#
02
#6582983
1(
1#
12
#6584650
b11110110111 7
0(
0#
02
#6586317
bx0x0x0000xxxxx000000x00x00x0000xx &
1(
1#
12
#6587984
b11110111000 7
0(
0#
02
#6589651
bx0x0x0000xxxxx00000x0xxx00x0000xx &
1(
1#
12
#6591318
b11110111001 7
0(
0#
02
#6592985
bx0x0xx000xxxxx000000x00xx0x0000xx &
1(
1#
12
#6594652
b11110111010 7
0(
0#
02
#6596319
bx0x0x0000xxxxx0000000x0xx0x0000xx &
1(
1#
12
#6597986
b11110111011 7
0(
0#
02
#6599653
bx0x0x0000xxxxx00000000x0x0x0000xx &
1(
1#
12
#6601320
b11110111100 7
0(
0#
02
#6602987
bx0x0x0000xxxxx00000x000000x0000xx &
1(
1#
12
#6604654
b11110111101 7
0(
0#
02
#6606321
bx0x0x0000xxxxx00000xx000x0x0000xx &
1(
1#
12
#6607988
b11110111110 7
0(
0#
02
#6609655
bx0x0x0x00xxxxx00000xxx0000x0000xx &
1(
1#
12
#6611322
b11110111111 7
0(
0#
02
#6612989
bx0x0x0000xxxxx00000xxxx000x0000xx &
1(
1#
12
#6614656
b11111000000 7
0(
0#
02
#6616323
bx0x0x00x0xxxxx00000xxxx000x0000xx &
1(
1#
12
#6617990
b11111000001 7
0(
0#
02
#6619657
bx0x0x0000xxxxx00000xxxxx00x0000xx &
1(
1#
12
#6621324
b11111000010 7
0(
0#
02
#6622991
bx0x0x00x0xxxxx00000xxxxxx0x0000xx &
1(
1#
12
#6624658
b11111000011 7
0(
0#
02
#6626325
bx0x0x0000xxxxx000000xxxx00x0000xx &
1(
1#
12
#6627992
b11111000100 7
0(
0#
02
#6629659
bx0x0x000xxxxxx0000000xxx00x0000xx &
1(
1#
12
#6631326
b11111000101 7
0(
0#
02
#6632993
bx0x0x0000xxxxx00000x00xxx0x0000xx &
1(
1#
12
#6634660
b11111000110 7
0(
0#
02
#6636327
bx0x0x0000xxxxx000000x00xx0x0000xx &
1(
1#
12
#6637994
b11111000111 7
0(
0#
02
#6639661
bx0x0x0000xxxxx0000000x00x0x0000xx &
1(
1#
12
#6641328
b11111001000 7
0(
0#
02
#6642995
bx000x0000xxxxx00000x00x000x0000xx &
1(
1#
12
#6644662
b11111001001 7
0(
0#
02
#6646329
bx0x0x0000xxxxx00000xx00x00x0000xx &
1(
1#
12
#6647996
b11111001010 7
0(
0#
02
#6649663
bx0x000000xxxxx00000xxx00x0x0000xx &
1(
1#
12
#6651330
b11111001011 7
0(
0#
02
#6652997
bx0x0x0000xxxxx00000xxxx000x0000xx &
1(
1#
12
#6654664
b11111001100 7
0(
0#
02
#6656331
bx0x0x0000xxxxx00000xxxxx00x0000xx &
1(
1#
12
#6657998
b11111001101 7
0(
0#
02
#6659665
bx0x0x0000xxxxx00000xxxxxx0x0000xx &
1(
1#
12
#6661332
b11111001110 7
0(
0#
02
#6662999
1(
1#
12
#6664666
b11111001111 7
0(
0#
02
#6666333
bx0xxxxxxx0x0x0000xxxxx00000xxxxxx0x0000xx &
1(
1#
12
#6668000
b11111010000 7
0(
0#
02
#6669667
bx0xxxxxx0x0x0000xxxxx00000xxxxxx0x0000xx &
1(
1#
12
#6671334
b11111010001 7
0(
0#
02
#6673001
bx0xxxxx0x0x0000xxxxx00000xxxxxx0x0000xx &
1(
1#
12
#6674668
b11111010010 7
0(
0#
02
#6676335
bx0xxxxxx0x0000xxxxx00000xxxxxx0x0000xx &
1(
1#
12
#6678002
b11111010011 7
0(
0#
02
#6679669
bx0xxx0x0x0000xxxxx00000xxxxxx0x0000xx &
1(
1#
12
#6681336
b11111010100 7
0(
0#
02
#6683003
bx0xxxx0x0000xxxxx00000xxxxxx0x0000xx &
1(
1#
12
#6684670
b11111010101 7
0(
0#
02
#6686337
bx0xxx0x0000xxxxx00000xxxxxx0x0000xx &
1(
1#
12
#6688004
b11111010110 7
0(
0#
02
#6689671
bx0xx0x0000xxxxx00000xxxxxx0x0000xx &
1(
1#
12
#6691338
b11111010111 7
0(
0#
02
#6693005
bx0xxxxxxxxxxxxxxxx00x0000xxxxx00000xxxxxx0x0000xx &
1(
1#
12
#6694672
b11111011000 7
0(
0#
02
#6696339
bx0xxxxxxxxxxxxxxxx0x0000xxxxx00000xxxxxx0x0000xx &
1(
1#
12
#6698006
b11111011001 7
0(
0#
02
#6699673
bx0xxxxxxxxxxxxx0x0x0000xxxxx00000xxxxxx0x0000xx &
1(
1#
12
#6701340
b11111011010 7
0(
0#
02
#6703007
bx0xxxxxxxxxxxxxx0x0000xxxxx00000xxxxxx0x0000xx &
1(
1#
12
#6704674
b11111011011 7
0(
0#
02
#6706341
bx0xxxxxxxxxxxxx0x0000xxxxx00000xxxxxx0x0000xx &
1(
1#
12
#6708008
b11111011100 7
0(
0#
02
#6709675
bx0xxxxxxxxxx0xxx0000xxxxx00000xxxxxx0x0000xx &
1(
1#
12
#6711342
b11111011101 7
0(
0#
02
#6713009
bx1xxxxxxxxx00xx0000xxxxx00000xxxxxx0x0000xx &
1(
1#
12
#6714676
b11111011110 7
0(
0#
02
#6716343
bx0xxxxxxxx00x00000xxxxx00000xxxxxx0x0000xx &
1(
1#
12
#6718010
b11111011111 7
0(
0#
02
#6719677
bx0xxxxxxxxxxxxxxxxxxxxxxx0xxx0000xxxxx00000xxxxxx0x0000xx &
1(
1#
12
#6721344
b11111100000 7
0(
0#
02
#6723011
z,
bxzxxxxxxxxxxxxxxxxxxxxxx0xx00000xxxxx00000xxxxxx0x0000xx &
1(
1#
12
#6724678
b11111100001 7
0(
0#
02
#6726345
x,
bx0xxxxxxxxxxxxxxxxxxxxx0x000000xxxxx00000xxxxxx0x0000xx &
1(
1#
12
#6728012
b11111100010 7
0(
0#
02
#6729679
bx0xxxxxxxxxxxxxxxxxxxxxxx00000xxxxx00000xxxxxx0x0000xx &
1(
1#
12
#6731346
b11111100011 7
0(
0#
02
#6733013
bx0xxxxxxxxxxxxxxxxxxx0x000000xxxxx00000xxxxxx0x0000xx &
1(
1#
12
#6734680
b11111100100 7
0(
0#
02
#6736347
bx0xxxxxxxxxxxxxxxxxxxx00x000xxxxx00000xxxxxx0x0000xx &
1(
1#
12
#6738014
b11111100101 7
0(
0#
02
#6739681
bx0xxxxxxxxxxxxxxxxxxx0xx000xxxxx00000xxxxxx0x0000xx &
1(
1#
12
#6741348
b11111100110 7
0(
0#
02
#6743015
bx0xxxxxxxxxxxxxxxxxx0xx000xxxxx00000xxxxxx0x0000xx &
1(
1#
12
#6744682
b11111100111 7
0(
0#
02
#6746349
b0xxxxxxxxxxxxxxxxxxxxxxxxxxxxxxxx00xxx00xxxxx00000xxxxxx0x0000xx &
1(
1#
12
#6748016
b11111101000 7
0(
0#
02
#6749683
bx0xxxxxxxxxxxxxxxxxxxxxxxxxxxxxxxx0xx000xxxxx00000xxxxxx0x0000xx &
1(
1#
12
#6751350
b11111101001 7
0(
0#
02
#6753017
bx0xxxxxxxxxxxxxxxxxxxxxxxxxxxxx0x0x0000xxxxx00000xxxxxx0x0000xx &
1(
1#
12
#6754684
b11111101010 7
0(
0#
02
#6756351
bx0xxxxxxxxxxxxxxxxxxxxxxxxxxxxxx0xx0x0xxxxx00000xxxxxx0x0000xx &
1(
1#
12
#6758018
b11111101011 7
0(
0#
02
#6759685
bx0xxxxxxxxxxxxxxxxxxxxxxxxxxxxx0x0000xxxxx00000xxxxxx0x0000xx &
1(
1#
12
#6761352
b11111101100 7
0(
0#
02
#6763019
bx0xxxxxxxxxxxxxxxxxxxxxxxxxx0xxx00x0xxxxx00000xxxxxx0x0000xx &
1(
1#
12
#6764686
b11111101101 7
0(
0#
02
#6766353
bx0xxxxxxxxxxxxxxxxxxxxxxxxx00xx00x0xxxxx00000xxxxxx0x0000xx &
1(
1#
12
#6768020
b11111101110 7
0(
0#
02
#6769687
bx0xxxxxxxxxxxxxxxxxxxxxxxx00x00xxxxxxxx00000xxxxxx0x0000xx &
1(
1#
12
#6771354
b11111101111 7
0(
0#
02
#6773021
bx0xxx0xx0xxxxx00000xxxxxx0x0000xx &
1(
1#
12
#6774688
b11111110000 7
0(
0#
02
#6776355
bx0xx000xxxxxxx00000xxxxxx0x0000xx &
1(
1#
12
#6778022
b11111110001 7
0(
0#
02
#6779689
bx0x00000xxxxxx00000xxxxxx0x0000xx &
1(
1#
12
#6781356
b11111110010 7
0(
0#
02
#6783023
bx00x000xxxxxxx00000xxxxxx0x0000xx &
1(
1#
12
#6784690
b11111110011 7
0(
0#
02
#6786357
bx000000xxxxxxx00000xxxxxx0x0000xx &
1(
1#
12
#6788024
b11111110100 7
0(
0#
02
#6789691
bx0000x00xxxxxx00000xxxxxx0x0000xx &
1(
1#
12
#6791358
b11111110101 7
0(
0#
02
#6793025
bx00000000xxxxx00000xxxxxx0x0000xx &
1(
1#
12
#6794692
b11111110110 7
0(
0#
02
#6796359
1(
1#
12
#6798026
b11111110111 7
0(
0#
02
#6799693
1(
1#
12
#6801360
b11111111000 7
0(
0#
02
#6803027
1(
1#
12
#6804694
b11111111001 7
0(
0#
02
#6806361
bx0xxxxxxx00000000xxxxx00000xxxxxx0x0000xx &
1(
1#
12
#6808028
b11111111010 7
0(
0#
02
#6809695
bx00xxxxxx0x000000xxxxx00000xxxxxx0x0000xx &
1(
1#
12
#6811362
b11111111011 7
0(
0#
02
#6813029
bx000xxxxx0x000000xxxxx00000xxxxxx0x0000xx &
1(
1#
12
#6814696
b11111111100 7
0(
0#
02
#6816363
bx0000xxxx0x0x0000xxxxx00000xxxxxx0x0000xx &
1(
1#
12
#6818030
b11111111101 7
0(
0#
02
#6819697
bx00000xxx0x0x0000xxxxx00000xxxxxx0x0000xx &
1(
1#
12
#6821364
b11111111110 7
0(
0#
02
#6823031
bx000000xx0x0x0x00xxxxx00000xxxxxx0x0000xx &
1(
1#
12
#6824698
b11111111111 7
0(
0#
02
#6826365
bx0000000x0x0x0xx0xxxxx00000xxxxxx0x0000xx &
1(
1#
12
#6828032
b100000000000 7
0(
0#
02
#6829699
bx000000000x0x00xxxxxxx00000xxxxxx0x0000xx &
1(
1#
12
#6831366
b100000000001 7
0(
0#
02
#6833033
bx0xxxxxxxx00000000x0x000xxxxxx00000xxxxxx0x0000xx &
1(
1#
12
#6834700
b100000000010 7
0(
0#
02
#6836367
bx00xxxxxxxx000000000x00xxxxxxx00000xxxxxx0x0000xx &
1(
1#
12
#6838034
b100000000011 7
0(
0#
02
#6839701
bx000xxxxxxxx00000000x00xxxxxxx00000xxxxxx0x0000xx &
1(
1#
12
#6841368
b100000000100 7
0(
0#
02
#6843035
bx0000xxxxxxxx00000000000xxxxxx00000xxxxxx0x0000xx &
1(
1#
12
#6844702
b100000000101 7
0(
0#
02
#6846369
bx00000xxxxxxxx00000000000xxxxx00000xxxxxx0x0000xx &
1(
1#
12
#6848036
b100000000110 7
0(
0#
02
#6849703
bx000000xxxxxxxx0000000000xxxxx00000xxxxxx0x0000xx &
1(
1#
12
#6851370
b100000000111 7
0(
0#
02
#6853037
bx0000001xxxxxxxx000000000xxxxx00000xxxxxx0x0000xx &
1(
1#
12
#6854704
b100000001000 7
0(
0#
02
#6856371
bx00000010xxxxxxxx00000000xxxxx00000xxxxxx0x0000xx &
1(
1#
12
#6858038
b100000001001 7
0(
0#
02
#6859705
bx0xxxxxxxx00000100xxxxxxx00000000xxxxx00000xxxxxx0x0000xx &
1(
1#
12
#6861372
b100000001010 7
0(
0#
02
#6863039
z,
bx0zxxxxxxxx00001000xxxxxx0x000000xxxxx00000xxxxxx0x0000xx &
1(
1#
12
#6864706
b100000001011 7
0(
0#
02
#6866373
bx0z0xxxxxxxx00010000xxxxx0x000000xxxxx00000xxxxxx0x0000xx &
1(
1#
12
#6868040
b100000001100 7
0(
0#
02
#6869707
bx0z00xxxxxxxx00100000xxxx0x0x0000xxxxx00000xxxxxx0x0000xx &
1(
1#
12
#6871374
b100000001101 7
0(
0#
02
#6873041
bx0z000xxxxxxxx01000000xxx0x0x0000xxxxx00000xxxxxx0x0000xx &
1(
1#
12
#6874708
b100000001110 7
0(
0#
02
#6876375
bx0z0000xxxxxxxx10000000xx0x0x0000xxxxx00000xxxxxx0x0000xx &
1(
1#
12
#6878042
b100000001111 7
0(
0#
02
#6879709
bx0z00000xxxxxxxx00000000x0x0x0000xxxxx00000xxxxxx0x0000xx &
1(
1#
12
#6881376
b100000010000 7
0(
0#
02
#6883043
bx0z000000xxxxxxxx000000000x0x0000xxxxx00000xxxxxx0x0000xx &
1(
1#
12
#6884710
b100000010001 7
0(
0#
02
#6886377
b0xxxxxxxxz0000000xxxxxxxx00000000x0x0000xxxxx00000xxxxxx0x0000xx &
1(
1#
12
#6888044
b100000010010 7
0(
0#
02
#6889711
x,
b0xxxxxxxx00000000xxxxxxxx0000000x0x0000xxxxx00000xxxxxx0x0000xx &
1(
1#
12
#6891378
b100000010011 7
0(
0#
02
#6893045
b0xxxxxxxx00000000xxxxxxxx000000x0x0000xxxxx00000xxxxxx0x0000xx &
1(
1#
12
#6894712
b100000010100 7
0(
0#
02
#6896379
b0xxxxxxxx00000000xxxxxxxx00000x0x0000xxxxx00000xxxxxx0x0000xx &
1(
1#
12
#6898046
b100000010101 7
0(
0#
02
#6899713
b0xxxxxxxx00000000xxxxxxxx0000x0x0000xxxxx00000xxxxxx0x0000xx &
1(
1#
12
#6901380
b100000010110 7
0(
0#
02
#6903047
b0xxxxxxxx00000000xxxxxxxx000x0x0000xxxxx00000xxxxxx0x0000xx &
1(
1#
12
#6904714
b100000010111 7
0(
0#
02
#6906381
b0xxxxxxxx00000001xxxxxxxx00x0x0000xxxxx00000xxxxxx0x0000xx &
1(
1#
12
#6908048
b100000011000 7
0(
0#
02
#6909715
b0xxxxxxxx00000010xxxxxxxx0x0x0000xxxxx00000xxxxxx0x0000xx &
1(
1#
12
#6911382
b100000011001 7
0(
0#
02
#6913049
bx00000000xxxxxxxx0000010xxxxxxxx0x0x0000xxxxx00000xxxxxx0x0000xx &
1(
1#
12
#6914716
b100000011010 7
0(
0#
02
#6916383
z,
bx0000000zxxxxxxxx000010xxxxxxxx0x0x0000xxxxx00000xxxxxx0x0000xx &
1(
1#
12
#6918050
b100000011011 7
0(
0#
02
#6919717
bx000000z0xxxxxxxx00010xxxxxxxx0x0x0000xxxxx00000xxxxxx0x0000xx &
1(
1#
12
#6921384
b100000011100 7
0(
0#
02
#6923051
bx00000z00xxxxxxxx0010xxxxxxxx0x0x0000xxxxx00000xxxxxx0x0000xx &
1(
1#
12
#6924718
b100000011101 7
0(
0#
02
#6926385
bx0000z000xxxxxxxx010xxxxxxxx0x0x0000xxxxx00000xxxxxx0x0000xx &
1(
1#
12
#6928052
b100000011110 7
0(
0#
02
#6929719
bx000z0000xxxxxxxx10xxxxxxxx0x0x0000xxxxx00000xxxxxx0x0000xx &
1(
1#
12
#6931386
b100000011111 7
0(
0#
02
#6933053
bx00z00000xxxxxxxx0xxxxxxxx0x0x0000xxxxx00000xxxxxx0x0000xx &
1(
1#
12
#6934720
b100000100000 7
0(
0#
02
#6936387
bx0z000000xxxxxxxxxxxxxxxx0x0x0000xxxxx00000xxxxxx0x0000xx &
1(
1#
12
#6938054
b100000100001 7
0(
0#
02
#6939721
b0xxxxxxxxz000000xxxxxxxxxxxxxxxx0x0x0000xxxxx00000xxxxxx0x0000xx &
1(
1#
12
#6941388
b100000100010 7
0(
0#
02
#6943055
x,
b0xxxxxxxx000000xxxxxxxxxxxxxxxx0x0x0000xxxxx00000xxxxxx0x0000xx &
1(
1#
12
#6944722
b100000100011 7
0(
0#
02
#6946389
b0xxxxxxxx00000xxxxxxxxxxxxxxxx0x0x0000xxxxx00000xxxxxx0x0000xx &
1(
1#
12
#6948056
b100000100100 7
0(
0#
02
#6949723
b0xxxxxxxx0000xxxxxxxxxxxxxxxx0x0x0000xxxxx00000xxxxxx0x0000xx &
1(
1#
12
#6951390
b100000100101 7
0(
0#
02
#6953057
b0xxxxxxxx000xxxxxxxxxxxxxxxx0x0x0000xxxxx00000xxxxxx0x0000xx &
1(
1#
12
#6954724
b100000100110 7
0(
0#
02
#6956391
b0xxxxxxxx00xxxxxxxxxxxxxxxx0x0x0000xxxxx00000xxxxxx0x0000xx &
1(
1#
12
#6958058
b100000100111 7
0(
0#
02
#6959725
b0xxxxxxxx0xxxxxxxxxxxxxxxx0x0x0000xxxxx00000xxxxxx0x0000xx &
1(
1#
12
#6961392
b100000101000 7
0(
0#
02
#6963059
b0xxxxxxxxxxxxxxxxxxxxxxxx0x0x0000xxxxx00000xxxxxx0x0000xx &
1(
1#
12
#6964726
b100000101001 7
0(
0#
02
#6966393
bx0000000xxxxxxxxxxxxxxxxxxxxxxxx0x0x0000xxxxx00000xxxxxx0x0000xx &
1(
1#
12
#6968060
b100000101010 7
0(
0#
02
#6969727
bx000000xxxxxxxxxxxxxxxxxxxxxxxx0x0x0000xxxxx00000xxxxxx0x0000xx &
1(
1#
12
#6971394
b100000101011 7
0(
0#
02
#6973061
bx00000xxxxxxxxxxxxxxxxxxxxxxxx0x0x0000xxxxx00000xxxxxx0x0000xx &
1(
1#
12
#6974728
b100000101100 7
0(
0#
02
#6976395
bx0000xxxxxxxxxxxxxxxxxxxxxxxx0x0x0000xxxxx00000xxxxxx0x0000xx &
1(
1#
12
#6978062
b100000101101 7
0(
0#
02
#6979729
bx000xxxxxxxxxxxxxxxxxxxxxxxx0x0x0000xxxxx00000xxxxxx0x0000xx &
1(
1#
12
#6981396
b100000101110 7
0(
0#
02
#6983063
bx00xxxxxxxxxxxxxxxxxxxxxxxx0x0x0000xxxxx00000xxxxxx0x0000xx &
1(
1#
12
#6984730
b100000101111 7
0(
0#
02
#6986397
bx0xxxxxxxxxxxxxxxxxxxxxxxx0x0x0000xxxxx00000xxxxxx0x0000xx &
1(
1#
12
#6988064
b100000110000 7
0(
0#
02
#6989731
bx0x0x0000xxxxx00000xxxxxx0x0000xx &
1(
1#
12
#6991398
b100000110001 7
0(
0#
02
#6993065
1(
1#
12
#6994732
b100000110010 7
0(
0#
02
#6996399
1(
1#
12
#6998066
b100000110011 7
0(
0#
02
#6999733
1(
1#
12
#7001400
b100000110100 7
0(
0#
02
#7003067
1(
1#
12
#7004734
b100000110101 7
0(
0#
02
#7006401
1(
1#
12
#7008068
b100000110110 7
0(
0#
02
#7009735
1(
1#
12
#7011402
b100000110111 7
0(
0#
02
#7013069
1(
1#
12
#7014736
b100000111000 7
0(
0#
02
#7016403
1(
1#
12
#7018070
b100000111001 7
0(
0#
02
#7019737
1(
1#
12
#7021404
b100000111010 7
0(
0#
02
#7023071
1(
1#
12
#7024738
b100000111011 7
0(
0#
02
#7026405
1(
1#
12
#7028072
b100000111100 7
0(
0#
02
#7029739
1(
1#
12
#7031406
b100000111101 7
0(
0#
02
#7033073
1(
1#
12
#7034740
b100000111110 7
0(
0#
02
#7036407
1(
1#
12
#7038074
b100000111111 7
0(
0#
02
#7039741
1(
1#
12
#7041408
b100001000000 7
0(
0#
02
#7043075
1(
1#
12
#7044742
b100001000001 7
0(
0#
02
#7046409
1(
1#
12
#7048076
b100001000010 7
0(
0#
02
#7049743
1(
1#
12
#7051410
b100001000011 7
0(
0#
02
#7053077
1(
1#
12
#7054744
b100001000100 7
0(
0#
02
#7056411
1(
1#
12
#7058078
b100001000101 7
0(
0#
02
#7059745
1(
1#
12
#7061412
b100001000110 7
0(
0#
02
#7063079
1(
1#
12
#7064746
b100001000111 7
0(
0#
02
#7066413
1(
1#
12
#7068080
b100001001000 7
0(
0#
02
#7069747
1(
1#
12
#7071414
b100001001001 7
0(
0#
02
#7073081
1(
1#
12
#7074748
b100001001010 7
0(
0#
02
#7076415
1(
1#
12
#7078082
b100001001011 7
0(
0#
02
#7079749
1(
1#
12
#7081416
b100001001100 7
0(
0#
02
#7083083
1(
1#
12
#7084750
b100001001101 7
0(
0#
02
#7086417
1(
1#
12
#7088084
b100001001110 7
0(
0#
02
#7089751
1(
1#
12
#7091418
b100001001111 7
0(
0#
02
#7093085
1(
1#
12
#7094752
b100001010000 7
0(
0#
02
#7096419
1(
1#
12
#7098086
b100001010001 7
0(
0#
02
#7099753
1(
1#
12
#7101420
b100001010010 7
0(
0#
02
#7103087
1(
1#
12
#7104754
b100001010011 7
0(
0#
02
#7106421
1(
1#
12
#7108088
b100001010100 7
0(
0#
02
#7109755
1(
1#
12
#7111422
b100001010101 7
0(
0#
02
#7113089
1(
1#
12
#7114756
b100001010110 7
0(
0#
02
#7116423
1(
1#
12
#7118090
b100001010111 7
0(
0#
02
#7119757
1(
1#
12
#7121424
b100001011000 7
0(
0#
02
#7123091
1(
1#
12
#7124758
b100001011001 7
0(
0#
02
#7126425
1(
1#
12
#7128092
b100001011010 7
0(
0#
02
#7129759
1(
1#
12
#7131426
b100001011011 7
0(
0#
02
#7133093
1(
1#
12
#7134760
b100001011100 7
0(
0#
02
#7136427
1(
1#
12
#7138094
b100001011101 7
0(
0#
02
#7139761
1(
1#
12
#7141428
b100001011110 7
0(
0#
02
#7143095
1(
1#
12
#7144762
b100001011111 7
0(
0#
02
#7146429
1(
1#
12
#7148096
b100001100000 7
0(
0#
02
#7149763
1(
1#
12
#7151430
b100001100001 7
0(
0#
02
#7153097
1(
1#
12
#7154764
b100001100010 7
0(
0#
02
#7156431
1(
1#
12
#7158098
b100001100011 7
0(
0#
02
#7159765
1(
1#
12
#7161432
b100001100100 7
0(
0#
02
#7163099
1(
1#
12
#7164766
b100001100101 7
0(
0#
02
#7166433
1(
1#
12
#7168100
b100001100110 7
0(
0#
02
#7169767
1(
1#
12
#7171434
b100001100111 7
0(
0#
02
#7173101
1(
1#
12
#7174768
b100001101000 7
0(
0#
02
#7176435
bx0x0x0000xxxxx00000xxxxxxxx0000xx &
1(
1#
12
#7178102
b100001101001 7
0(
0#
02
#7179769
bx0x0x0000xxxxx00000xxxxxx0x0000xx &
1(
1#
12
#7181436
b100001101010 7
0(
0#
02
#7183103
1(
1#
12
#7184770
b100001101011 7
0(
0#
02
#7186437
1(
1#
12
#7188104
b100001101100 7
0(
0#
02
#7189771
bx0x0x0000xxxxx00000xxxxxx0x0000xx &
1(
1#
12
#7191438
b100001101101 7
0(
0#
02
#7193105
bx0x0x0000xxxxx00000xxxxxx000000xx &
1(
1#
12
#7194772
b100001101110 7
0(
0#
02
#7196439
1(
1#
12
#7198106
b100001101111 7
0(
0#
02
#7199773
bx0x0x0000xxxxx00000xxxxxx0x0000xx &
1(
1#
12
#7201440
b100001110000 7
0(
0#
02
#7203107
bx0x0x0000xxxxx00000xxxxxx0xx000xx &
1(
1#
12
#7204774
b100001110001 7
0(
0#
02
#7206441
1(
1#
12
#7208108
b100001110010 7
0(
0#
02
#7209775
bx0x0x0000xxxxx00000xxxxxx0x0000xx &
1(
1#
12
#7211442
b100001110011 7
0(
0#
02
#7213109
1(
1#
12
#7214776
b100001110100 7
0(
0#
02
#7216443
bx0x0x0000xxxxx00000xxxxxx0x0x00xx &
1(
1#
12
#7218110
b100001110101 7
0(
0#
02
#7219777
1(
1#
12
#7221444
b100001110110 7
0(
0#
02
#7223111
1(
1#
12
#7224778
b100001110111 7
0(
0#
02
#7226445
bx0x0x0000xxxxx00000xxxxxx0x0000xx &
1(
1#
12
#7228112
b100001111000 7
0(
0#
02
#7229779
bx0x0x0000xxxxx00000xxxxxx0x00x0xx &
1(
1#
12
#7231446
b100001111001 7
0(
0#
02
#7233113
bx0x0x0000xxxxx00000xxxxxx0x0000xx &
1(
1#
12
#7234780
b100001111010 7
0(
0#
02
#7236447
1(
1#
12
#7238114
b100001111011 7
0(
0#
02
#7239781
1(
1#
12
#7241448
b100001111100 7
0(
0#
02
#7243115
bx0x0x0000xxxxx00000xxxxxx0x000xxx &
1(
1#
12
#7244782
b100001111101 7
0(
0#
02
#7246449
bx0x0x0000xxxxx00000xxxxxx0x0000xx &
1(
1#
12
#7248116
b100001111110 7
0(
0#
02
#7249783
bx0x0x0000xxxxx00000xxxxxx0x000xxx &
1(
1#
12
#7251450
b100001111111 7
0(
0#
02
#7253117
bx0x0x0000xxxxx00000xxxxxx0x0000xx &
1(
1#
12
#7254784
b100010000000 7
0(
0#
02
#7256451
bx0x0x0000xxxxx00000xxxxxx0x00000x &
1(
1#
12
#7258118
b100010000001 7
0(
0#
02
#7259785
bx0x0x0000xxxxx00000xxxxxx0x00000x &
1(
1#
12
#7261452
b100010000010 7
0(
0#
02
#7263119
1(
1#
12
#7264786
b100010000011 7
0(
0#
02
#7266453
bx0x0x0000xxxxx00000xxxxxx0x0000xx &
1(
1#
12
#7268120
b100010000100 7
0(
0#
02
#7269787
1(
1#
12
#7271454
b100010000101 7
0(
0#
02
#7273121
bx0x0x0000xxxxx00000xxxxxx0x0000x0 &
1(
1#
12
#7274788
b100010000110 7
0(
0#
02
#7276455
1(
1#
12
#7278122
b100010000111 7
0(
0#
02
#7279789
bx0x0x0000xxxxx00000xxxxxx0x0000xx &
1(
1#
12
#7281456
b100010001000 7
0(
0#
02
#7283123
bx0x0x0000xxxxx00000xxxxxx000000xx &
1(
1#
12
#7284790
b100010001001 7
0(
0#
02
#7286457
bx0x0x0000xxxxx00000xxxxxx0x0000xx &
1(
1#
12
#7288124
b100010001010 7
0(
0#
02
#7289791
1(
1#
12
#7291458
b100010001011 7
0(
0#
02
#7293125
1(
1#
12
#7294792
b100010001100 7
0(
0#
02
#7296459
1(
1#
12
#7298126
b100010001101 7
0(
0#
02
#7299793
bx0x0x0000xxxxx00000xxxxxx0x00000x &
1(
1#
12
#7301460
b100010001110 7
0(
0#
02
#7303127
bx0x0x0000xxxxx00000xxxxxx0x0000x0 &
1(
1#
12
#7304794
b100010001111 7
0(
0#
02
#7306461
bx0x0x0000xxxxx00000xxxxxx0x0000xx &
1(
1#
12
#7308128
b100010010000 7
0(
0#
02
#7309795
1(
1#
12
#7311462
b100010010001 7
0(
0#
02
#7313129
1(
1#
12
#7314796
b100010010010 7
0(
0#
02
#7316463
1(
1#
12
#7318130
b100010010011 7
0(
0#
02
#7319797
bx0x0x0000xxxxx00000xxxxxxxx0000xx &
1(
1#
12
#7321464
b100010010100 7
0(
0#
02
#7323131
1(
1#
12
#7324798
b100010010101 7
0(
0#
02
#7326465
1(
1#
12
#7328132
b100010010110 7
0(
0#
02
#7329799
1(
1#
12
#7331466
b100010010111 7
0(
0#
02
#7333133
bx0x0x0000xxxxx00000xxxxxxx00000xx &
1(
1#
12
#7334800
b100010011000 7
0(
0#
02
#7336467
1(
1#
12
#7338134
b100010011001 7
0(
0#
02
#7339801
1(
1#
12
#7341468
b100010011010 7
0(
0#
02
#7343135
bx0x0x0000xxxxx00000xxxxxxx0x000xx &
1(
1#
12
#7344802
b100010011011 7
0(
0#
02
#7346469
bx0x0x0000xxxxx00000xxxxxx000000xx &
1(
1#
12
#7348136
b100010011100 7
0(
0#
02
#7349803
bx0x0x0000xxxxx00000xxxxxx00x000xx &
1(
1#
12
#7351470
b100010011101 7
0(
0#
02
#7353137
1(
1#
12
#7354804
b100010011110 7
0(
0#
02
#7356471
bx0x0x0000xxxxx00000xxxxxx00xx00xx &
1(
1#
12
#7358138
b100010011111 7
0(
0#
02
#7359805
1(
1#
12
#7361472
b100010100000 7
0(
0#
02
#7363139
bx0x0x0000xxxxx00000xxxxxx0xxx00xx &
1(
1#
12
#7364806
b100010100001 7
0(
0#
02
#7366473
1(
1#
12
#7368140
b100010100010 7
0(
0#
02
#7369807
bx0x0x0000xxxxx00000xxxxxx0x0xx0xx &
1(
1#
12
#7371474
b100010100011 7
0(
0#
02
#7373141
bx0x0x0000xxxxx00000xxxxxxxx0x00xx &
1(
1#
12
#7374808
b100010100100 7
0(
0#
02
#7376475
bx0x0x0000xxxxx00000xxxxxxxx0xx0xx &
1(
1#
12
#7378142
b100010100101 7
0(
0#
02
#7379809
1(
1#
12
#7381476
b100010100110 7
0(
0#
02
#7383143
bx0x0x0000xxxxx00000xxxxxxxx00xxxx &
1(
1#
12
#7384810
b100010100111 7
0(
0#
02
#7386477
bx0x0x0000xxxxx00000xxxxxxx00xxxxx &
1(
1#
12
#7388144
b100010101000 7
0(
0#
02
#7389811
bx0x0x0000xxxxx00000xxxxxxx000x0xx &
1(
1#
12
#7391478
b100010101001 7
0(
0#
02
#7393145
bx0x0x0000xxxxx00000xxxxxxx00000xx &
1(
1#
12
#7394812
b100010101010 7
0(
0#
02
#7396479
bx0x0x0000xxxxx00000xxxxxxx0x0x00x &
1(
1#
12
#7398146
b100010101011 7
0(
0#
02
#7399813
bx0x0x0000xxxxx00000xxxxxx000000xx &
1(
1#
12
#7401480
b100010101100 7
0(
0#
02
#7403147
bx0x0x0000xxxxx00000xxxxxx00x000xx &
1(
1#
12
#7404814
b100010101101 7
0(
0#
02
#7406481
bx0x0x0000xxxxx00000xxxxxx00x00xxx &
1(
1#
12
#7408148
b100010101110 7
0(
0#
02
#7409815
bx0x0x0000xxxxx00000xxxxxx00xx00xx &
1(
1#
12
#7411482
b100010101111 7
0(
0#
02
#7413149
bx0x0x0000xxxxx00000xxxxxx00xx0xxx &
1(
1#
12
#7414816
b100010110000 7
0(
0#
02
#7416483
bx0x0x0000xxxxx00000xxxxxx0xxx00x0 &
1(
1#
12
#7418150
b100010110001 7
0(
0#
02
#7419817
1(
1#
12
#7421484
b100010110010 7
0(
0#
02
#7423151
bx0x0x0000xxxxx00000xxxxxx000xx0x0 &
1(
1#
12
#7424818
b100010110011 7
0(
0#
02
#7426485
bx0x0x0000xxxxx00000xxxxxx000x0000 &
1(
1#
12
#7428152
b100010110100 7
0(
0#
02
#7429819
bx0x0x0000xxxxx00000xxxxxx0000x0x0 &
1(
1#
12
#7431486
b100010110101 7
0(
0#
02
#7433153
bx0x0x0000xxxxx00000xxxxxx000000x0 &
1(
1#
12
#7434820
b100010110110 7
0(
0#
02
#7436487
1(
1#
12
#7438154
b100010110111 7
0(
0#
02
#7439821
bx0x0x0000xxxxx00000xxxxxx00000000 &
1(
1#
12
#7441488
b100010111000 7
0(
0#
02
#7443155
1(
1#
12
#7444822
b100010111001 7
0(
0#
02
#7446489
1(
1#
12
#7448156
b100010111010 7
0(
0#
02
#7449823
bx0x0x0000xxxxx00000xxxxxx0x000000 &
1(
1#
12
#7451490
b100010111011 7
0(
0#
02
#7453157
1(
1#
12
#7454824
b100010111100 7
0(
0#
02
#7456491
1(
1#
12
#7458158
b100010111101 7
0(
0#
02
#7459825
1(
1#
12
#7461492
b100010111110 7
0(
0#
02
#7463159
bx0x0x0000xxxxx00000xxxxxx0x000000 &
1(
1#
12
#7464826
b100010111111 7
0(
0#
02
#7466493
bx0x0x0000xxxxx00000xxxxxx0x000xx0 &
1(
1#
12
#7468160
b100011000000 7
0(
0#
02
#7469827
bx0x0x0000xxxxx00000xxxxxx0x0000x0 &
1(
1#
12
#7471494
b100011000001 7
0(
0#
02
#7473161
1(
1#
12
#7474828
b100011000010 7
0(
0#
02
#7476495
bx0x0x0000xxxxx00000xxxxxx00000000 &
1(
1#
12
#7478162
b100011000011 7
0(
0#
02
#7479829
1(
1#
12
#7481496
b100011000100 7
0(
0#
02
#7483163
bx0x0x0000xxxxx00000xxxxxx000000x0 &
1(
1#
12
#7484830
b100011000101 7
0(
0#
02
#7486497
1(
1#
12
#7488164
b100011000110 7
0(
0#
02
#7489831
1(
1#
12
#7491498
b100011000111 7
0(
0#
02
#7493165
bx0x0x0000xxxxx00000xxxxxx00000000 &
1(
1#
12
#7494832
b100011001000 7
0(
0#
02
#7496499
1(
1#
12
#7498166
b100011001001 7
0(
0#
02
#7499833
1(
1#
12
#7501500
b100011001010 7
0(
0#
02
#7503167
bx0x0x0000xxxxx00000xxxxxx0x000000 &
1(
1#
12
#7504834
b100011001011 7
0(
0#
02
#7506501
1(
1#
12
#7508168
b100011001100 7
0(
0#
02
#7509835
1(
1#
12
#7511502
b100011001101 7
0(
0#
02
#7513169
1(
1#
12
#7514836
b100011001110 7
0(
0#
02
#7516503
1(
1#
12
#7518170
b100011001111 7
0(
0#
02
#7519837
bx0x0x0000xxxxx00000xxxxxx0x0000x0 &
1(
1#
12
#7521504
b100011010000 7
0(
0#
02
#7523171
bx0x0x0000xxxxx00000xxxxxx0x0000xx &
1(
1#
12
#7524838
b100011010001 7
0(
0#
02
#7526505
1(
1#
12
#7528172
b100011010010 7
0(
0#
02
#7529839
1(
1#
12
#7531506
b100011010011 7
0(
0#
02
#7533173
1(
1#
12
#7534840
b100011010100 7
0(
0#
02
#7536507
1(
1#
12
#7538174
b100011010101 7
0(
0#
02
#7539841
1(
1#
12
#7541508
b100011010110 7
0(
0#
02
#7543175
1(
1#
12
#7544842
b100011010111 7
0(
0#
02
#7546509
1(
1#
12
#7548176
b100011011000 7
0(
0#
02
#7549843
1(
1#
12
#7551510
b100011011001 7
0(
0#
02
#7553177
1(
1#
12
#7554844
b100011011010 7
0(
0#
02
#7556511
1(
1#
12
#7558178
b100011011011 7
0(
0#
02
#7559845
1(
1#
12
#7561512
b100011011100 7
0(
0#
02
#7563179
1(
1#
12
#7564846
b100011011101 7
0(
0#
02
#7566513
1(
1#
12
#7568180
b100011011110 7
0(
0#
02
#7569847
1(
1#
12
#7571514
b100011011111 7
0(
0#
02
#7573181
1(
1#
12
#7574848
b100011100000 7
0(
0#
02
#7576515
1(
1#
12
#7578182
b100011100001 7
0(
0#
02
#7579849
1(
1#
12
#7581516
b100011100010 7
0(
0#
02
#7583183
1(
1#
12
#7584850
b100011100011 7
0(
0#
02
#7586517
1(
1#
12
#7588184
b100011100100 7
0(
0#
02
#7589851
1(
1#
12
#7591518
b100011100101 7
0(
0#
02
#7593185
1(
1#
12
#7594852
b100011100110 7
0(
0#
02
#7596519
1(
1#
12
#7598186
b100011100111 7
0(
0#
02
#7599853
1(
1#
12
#7601520
b100011101000 7
0(
0#
02
#7603187
1(
1#
12
#7604854
b100011101001 7
0(
0#
02
#7606521
1(
1#
12
#7608188
b100011101010 7
0(
0#
02
#7609855
1(
1#
12
#7611522
b100011101011 7
0(
0#
02
#7613189
1(
1#
12
#7614856
b100011101100 7
0(
0#
02
#7616523
1(
1#
12
#7618190
b100011101101 7
0(
0#
02
#7619857
1(
1#
12
#7621524
b100011101110 7
0(
0#
02
#7623191
1(
1#
12
#7624858
b100011101111 7
0(
0#
02
#7626525
1(
1#
12
#7628192
b100011110000 7
19
0(
0#
02
#7629859
1(
1#
12
#7631526
b100011110001 7
09
0(
0#
02
#7633193
1(
1#
12
#7634860
b100011110010 7
0(
0#
02
#7636527
1(
1#
12
#7638194
b100011110011 7
0(
0#
02
#7639861
1(
1#
12
#7641528
b100011110100 7
0(
0#
02
#7643195
1(
1#
12
#7644862
b100011110101 7
0(
0#
02
#7646529
1(
1#
12
#7648196
b100011110110 7
0(
0#
02
#7649863
1(
1#
12
#7651530
b100011110111 7
0(
0#
02
#7653197
1(
1#
12
#7654864
b100011111000 7
0(
0#
02
#7656531
1(
1#
12
#7658198
b100011111001 7
19
0(
0#
02
#7659865
1(
1#
12
#7661532
b100011111010 7
09
0(
0#
02
#7663199
1(
1#
12
#7664866
b100011111011 7
0(
0#
02
#7666533
1(
1#
12
#7668200
b100011111100 7
0(
0#
02
#7669867
1(
1#
12
#7671534
b100011111101 7
0(
0#
02
#7673201
1(
1#
12
#7674868
b100011111110 7
0(
0#
02
#7676535
bx0x0x0000xxxxx000x0xxxxxx0x0000xx &
1(
1#
12
#7678202
b100011111111 7
0(
0#
02
#7679869
bx0x0x0000xxxxx00000xxxxxx0x0000xx &
1(
1#
12
#7681536
b100100000000 7
0(
0#
02
#7683203
1(
1#
12
#7684870
b100100000001 7
0(
0#
02
#7686537
1(
1#
12
#7688204
b100100000010 7
0(
0#
02
#7689871
1(
1#
12
#7691538
b100100000011 7
0(
0#
02
#7693205
bx0x0x0000xxxxx0000xxxxxxx0x0000xx &
1(
1#
12
#7694872
b100100000100 7
0(
0#
02
#7696539
bx0x0x0000xxxxx00000xxxxxx0x0000xx &
1(
1#
12
#7698206
b100100000101 7
0(
0#
02
#7699873
1(
1#
12
#7701540
b100100000110 7
0(
0#
02
#7703207
1(
1#
12
#7704874
b100100000111 7
0(
0#
02
#7706541
1(
1#
12
#7708208
b100100001000 7
0(
0#
02
#7709875
bx0x0x0000xxxxx000000xxxxx0x0000xx &
1(
1#
12
#7711542
b100100001001 7
0(
0#
02
#7713209
bx0x0x0000xxxxx00000xxxxxx0x0000xx &
1(
1#
12
#7714876
b100100001010 7
0(
0#
02
#7716543
1(
1#
12
#7718210
b100100001011 7
0(
0#
02
#7719877
bx0x0x0000xxxxx00000x0xxxx0x0000xx &
1(
1#
12
#7721544
b100100001100 7
0(
0#
02
#7723211
bx0x0x0000xxxxx00000x0xxxx0x0000xx &
1(
1#
12
#7724878
b100100001101 7
0(
0#
02
#7726545
bx0x0x0000xxxxx00000xxxxxx0x0000xx &
1(
1#
12
#7728212
b100100001110 7
0(
0#
02
#7729879
1(
1#
12
#7731546
b100100001111 7
0(
0#
02
#7733213
bx0x0x0000xxxxx00000xx0xxx0x0000xx &
1(
1#
12
#7734880
b100100010000 7
0(
0#
02
#7736547
bx0x0x0000xxxxx00000xxxxxx0x0000xx &
1(
1#
12
#7738214
b100100010001 7
0(
0#
02
#7739881
1(
1#
12
#7741548
b100100010010 7
0(
0#
02
#7743215
1(
1#
12
#7744882
b100100010011 7
0(
0#
02
#7746549
bx0x0x0000xxxxx00000xxx0xx0x0000xx &
1(
1#
12
#7748216
b100100010100 7
0(
0#
02
#7749883
bx0x0x0000xxxxx00000xxxxxx0x0000xx &
1(
1#
12
#7751550
b100100010101 7
0(
0#
02
#7753217
1(
1#
12
#7754884
b100100010110 7
0(
0#
02
#7756551
1(
1#
12
#7758218
b100100010111 7
0(
0#
02
#7759885
bx0x0x0000xxxxx00000xxxx0x0x0000xx &
1(
1#
12
#7761552
b100100011000 7
0(
0#
02
#7763219
1(
1#
12
#7764886
b100100011001 7
0(
0#
02
#7766553
bx0x0x0000xxxxx00000xxxxxx0x0000xx &
1(
1#
12
#7768220
b100100011010 7
0(
0#
02
#7769887
bx0x0x0000xxxxx00000xxxxx00x0000xx &
1(
1#
12
#7771554
b100100011011 7
0(
0#
02
#7773221
bx0x0x0000xxxxx00000xxxxxx0x0000xx &
1(
1#
12
#7774888
b100100011100 7
0(
0#
02
#7776555
bx0x0x0000xxxxx00000xxxxx00x0000xx &
1(
1#
12
#7778222
b100100011101 7
0(
0#
02
#7779889
bx0x0x0000xxxxx00000xxxxxx0x0000xx &
1(
1#
12
#7781556
b100100011110 7
0(
0#
02
#7783223
1(
1#
12
#7784890
b100100011111 7
0(
0#
02
#7786557
bx0x0x0000xxxxx000000xxxxx0x0000xx &
1(
1#
12
#7788224
b100100100000 7
0(
0#
02
#7789891
bx0x0x0000xxxxx00000x0xxxx0x0000xx &
1(
1#
12
#7791558
b100100100001 7
0(
0#
02
#7793225
bx0x0x0000xxxxx00000xx0xxx0x0000xx &
1(
1#
12
#7794892
b100100100010 7
0(
0#
02
#7796559
bx0x0x0000xxxxx00000xxx0xx0x0000xx &
1(
1#
12
#7798226
b100100100011 7
0(
0#
02
#7799893
bx0x0x0000xxxxx00000xxxx0x0x0000xx &
1(
1#
12
#7801560
b100100100100 7
0(
0#
02
#7803227
bx0x0x0000xxxxx00000xxxxx00x0000xx &
1(
1#
12
#7804894
b100100100101 7
0(
0#
02
#7806561
bx0x0x0000xxxxx00000xxxxxx0x0000xx &
1(
1#
12
#7808228
b100100100110 7
0(
0#
02
#7809895
1(
1#
12
#7811562
b100100100111 7
0(
0#
02
#7813229
1(
1#
12
#7814896
b100100101000 7
0(
0#
02
#7816563
bx0x0x0000xxxxx000x0xxxxxx0x0000xx &
1(
1#
12
#7818230
b100100101001 7
0(
0#
02
#7819897
1(
1#
12
#7821564
b100100101010 7
0(
0#
02
#7823231
bx0x0x0000xxxxx00000xxxxxx0x0000xx &
1(
1#
12
#7824898
b100100101011 7
0(
0#
02
#7826565
1(
1#
12
#7828232
b100100101100 7
0(
0#
02
#7829899
1(
1#
12
#7831566
b100100101101 7
0(
0#
02
#7833233
bx0x0x0000xxxxx0000xxxxxxx0x0000xx &
1(
1#
12
#7834900
b100100101110 7
0(
0#
02
#7836567
1(
1#
12
#7838234
b100100101111 7
0(
0#
02
#7839901
bx0x0x0000xxxxx000xxxxxxxx0x0000xx &
1(
1#
12
#7841568
b100100110000 7
0(
0#
02
#7843235
bx0x0x0000xxxxx0000xxxxxxx0x0000xx &
1(
1#
12
#7844902
b100100110001 7
0(
0#
02
#7846569
1(
1#
12
#7848236
b100100110010 7
0(
0#
02
#7849903
1(
1#
12
#7851570
b100100110011 7
0(
0#
02
#7853237
1(
1#
12
#7854904
b100100110100 7
0(
0#
02
#7856571
bx0x0x0000xxxxx00000xxxxxx0x0000xx &
1(
1#
12
#7858238
b100100110101 7
0(
0#
02
#7859905
bx0x0x0000xxxxx00000x0xxxx0x0000xx &
1(
1#
12
#7861572
b100100110110 7
0(
0#
02
#7863239
bx0x0x0000xxxxx00000xxxxxx0x0000xx &
1(
1#
12
#7864906
b100100110111 7
0(
0#
02
#7866573
bx0x0x0000xxxxx000000xxxxx0x0000xx &
1(
1#
12
#7868240
b100100111000 7
0(
0#
02
#7869907
bx0x0x0000xxxxx000x00xxxxx0x0000xx &
1(
1#
12
#7871574
b100100111001 7
0(
0#
02
#7873241
bx0x0x0000xxxxx000x0xxxxxx0x0000xx &
1(
1#
12
#7874908
b100100111010 7
0(
0#
02
#7876575
bx0x0x0000xxxxx00000xx0xxx0x0000xx &
1(
1#
12
#7878242
b100100111011 7
0(
0#
02
#7879909
1(
1#
12
#7881576
b100100111100 7
0(
0#
02
#7883243
bx0x0x0000xxxxx00000x00xxx0x0000xx &
1(
1#
12
#7884910
b100100111101 7
0(
0#
02
#7886577
bx0x0x0000xxxxx0000xx000xx0x0000xx &
1(
1#
12
#7888244
b100100111110 7
0(
0#
02
#7889911
bx0x0x0000xxxxx0000xxx0xxx0x0000xx &
1(
1#
12
#7891578
b100100111111 7
0(
0#
02
#7893245
bx0x0x0000xxxxx000xxxx0xxx0x0000xx &
1(
1#
12
#7894912
b100101000000 7
0(
0#
02
#7896579
bx0x0x0000xxxxx0000xxx0xxx0x0000xx &
1(
1#
12
#7898246
b100101000001 7
0(
0#
02
#7899913
bx0x0x0000xxxxx0000xxxxxxx0x0000xx &
1(
1#
12
#7901580
b100101000010 7
0(
0#
02
#7903247
bx0x0x0000xxxxx0000xxxxx0x0x0000xx &
1(
1#
12
#7904914
b100101000011 7
0(
0#
02
#7906581
bx0x0x0000xxxxx0000xxxx00x0x0000xx &
1(
1#
12
#7908248
b100101000100 7
0(
0#
02
#7909915
bx0x0x0000xxxxx00000xxxx000x0000xx &
1(
1#
12
#7911582
b100101000101 7
0(
0#
02
#7913249
bx0x0x0000xxxxx00000x0x00x0x0000xx &
1(
1#
12
#7914916
b100101000110 7
0(
0#
02
#7916583
bx0x0x0000xxxxx00000xxxx0x0x0000xx &
1(
1#
12
#7918250
b100101000111 7
0(
0#
02
#7919917
bx0x0x0000xxxxx000000xxxxx0x0000xx &
1(
1#
12
#7921584
b100101001000 7
0(
0#
02
#7923251
bx0x0x0000xxxxx000000xxx0x0x0000xx &
1(
1#
12
#7924918
b100101001001 7
0(
0#
02
#7926585
1(
1#
12
#7928252
b100101001010 7
0(
0#
02
#7929919
bx0x0x0000xxxxx00000000xxx0x0000xx &
1(
1#
12
#7931586
b100101001011 7
0(
0#
02
#7933253
1(
1#
12
#7934920
b100101001100 7
0(
0#
02
#7936587
bx0x0x0000xxxxx000000000x00x0000xx &
1(
1#
12
#7938254
b100101001101 7
0(
0#
02
#7939921
bx0x0x0000xxxxx000000000000x0000xx &
1(
1#
12
#7941588
b100101001110 7
0(
0#
02
#7943255
1(
1#
12
#7944922
b100101001111 7
0(
0#
02
#7946589
1(
1#
12
#7948256
b100101010000 7
0(
0#
02
#7949923
1(
1#
12
#7951590
b100101010001 7
0(
0#
02
#7953257
bx0x0x0000xxxxx00000x000000x0000xx &
1(
1#
12
#7954924
b100101010010 7
0(
0#
02
#7956591
bx0x0x0000xxxxx00000xx00000x0000xx &
1(
1#
12
#7958258
b100101010011 7
0(
0#
02
#7959925
bx0x0x0000xxxxx00000xxx0000x0000xx &
1(
1#
12
#7961592
b100101010100 7
0(
0#
02
#7963259
bx0x0x0000xxxxx00000xxxx000x0000xx &
1(
1#
12
#7964926
b100101010101 7
0(
0#
02
#7966593
bx0x0x0000xxxxx00000xxx0000x0000xx &
1(
1#
12
#7968260
b100101010110 7
0(
0#
02
#7969927
bx0x0x0000xxxxx00000xxxx0x0x0000xx &
1(
1#
12
#7971594
b100101010111 7
0(
0#
02
#7973261
bx0x0x0000xxxxx00000xxxxxx0x0000xx &
1(
1#
12
#7974928
b100101011000 7
0(
0#
02
#7976595
bx0x0x0000xxxxx00000xxxx0x0x0000xx &
1(
1#
12
#7978262
b100101011001 7
0(
0#
02
#7979929
bx0x0x0000xxxxx000000xxx0x0x0000xx &
1(
1#
12
#7981596
b100101011010 7
0(
0#
02
#7983263
bx0x0x0000xxxxx0000000xxxx0x0000xx &
1(
1#
12
#7984930
b100101011011 7
0(
0#
02
#7986597
bx0x0x0000xxxxx00000000xxx0x0000xx &
1(
1#
12
#7988264
b100101011100 7
0(
0#
02
#7989931
bx0x0x0000xxxxx000000000x00x0000xx &
1(
1#
12
#7991598
b100101011101 7
0(
0#
02
#7993265
bx0x0x0000xxxxx000000000000x0000xx &
1(
1#
12
#7994932
b100101011110 7
0(
0#
02
#7996599
1(
1#
12
#7998266
b100101011111 7
0(
0#
02
#7999933
1(
1#
12
#8001600
b100101100000 7
0(
0#
02
#8003267
1(
1#
12
#8004934
b100101100001 7
0(
0#
02
#8006601
bx0x0x0000xxxxx00000x000000x0000xx &
1(
1#
12
#8008268
b100101100010 7
0(
0#
02
#8009935
bx0x0x0000xxxxx00000xx00000x0000xx &
1(
1#
12
#8011602
b100101100011 7
0(
0#
02
#8013269
bx0x0x0000xxxxx00000xxx0000x0000xx &
1(
1#
12
#8014936
b100101100100 7
0(
0#
02
#8016603
bx0x0x0000xxxxx00000xxxx000x0000xx &
1(
1#
12
#8018270
b100101100101 7
0(
0#
02
#8019937
bx0x0x0000xxxxx00000xxxxx00x0000xx &
1(
1#
12
#8021604
b100101100110 7
0(
0#
02
#8023271
bx0x0x0000xxxxx00000xxxxxx0x0000xx &
1(
1#
12
#8024938
b100101100111 7
0(
0#
02
#8026605
1(
1#
12
#8028272
b100101101000 7
19
0(
0#
02
#8029939
1(
1#
12
#8031606
b100101101001 7
09
0(
0#
02
#8033273
1(
1#
12
#8034940
b100101101010 7
0(
0#
02
#8036607
1(
1#
12
#8038274
b100101101011 7
0(
0#
02
#8039941
1(
1#
12
#8041608
b100101101100 7
0(
0#
02
#8043275
1(
1#
12
#8044942
b100101101101 7
0(
0#
02
#8046609
1(
1#
12
#8048276
b100101101110 7
0(
0#
02
#8049943
1(
1#
12
#8051610
b100101101111 7
0(
0#
02
#8053277
1(
1#
12
#8054944
b100101110000 7
0(
0#
02
#8056611
1(
1#
12
#8058278
b100101110001 7
0(
0#
02
#8059945
1(
1#
12
#8061612
b100101110010 7
0(
0#
02
#8063279
1(
1#
12
#8064946
b100101110011 7
0(
0#
02
#8066613
1(
1#
12
#8068280
b100101110100 7
0(
0#
02
#8069947
1(
1#
12
#8071614
b100101110101 7
0(
0#
02
#8073281
1(
1#
12
#8074948
b100101110110 7
0(
0#
02
#8076615
1(
1#
12
#8078282
b100101110111 7
0(
0#
02
#8079949
1(
1#
12
#8081616
b100101111000 7
0(
0#
02
#8083283
1(
1#
12
#8084950
b100101111001 7
0(
0#
02
#8086617
1(
1#
12
#8088284
b100101111010 7
0(
0#
02
#8089951
1(
1#
12
#8091618
b100101111011 7
0(
0#
02
#8093285
1(
1#
12
#8094952
b100101111100 7
0(
0#
02
#8096619
1(
1#
12
#8098286
b100101111101 7
0(
0#
02
#8099953
1(
1#
12
#8101620
b100101111110 7
0(
0#
02
#8103287
1(
1#
12
#8104954
b100101111111 7
0(
0#
02
#8106621
1(
1#
12
#8108288
b100110000000 7
0(
0#
02
#8109955
1(
1#
12
#8111622
b100110000001 7
0(
0#
02
#8113289
1(
1#
12
#8114956
b100110000010 7
0(
0#
02
#8116623
1(
1#
12
#8118290
b100110000011 7
0(
0#
02
#8119957
1(
1#
12
#8121624
b100110000100 7
0(
0#
02
#8123291
1(
1#
12
#8124958
b100110000101 7
0(
0#
02
#8126625
1(
1#
12
#8128292
b100110000110 7
0(
0#
02
#8129959
1(
1#
12
#8131626
b100110000111 7
0(
0#
02
#8133293
1(
1#
12
#8134960
b100110001000 7
0(
0#
02
#8136627
1(
1#
12
#8138294
b100110001001 7
0(
0#
02
#8139961
1(
1#
12
#8141628
b100110001010 7
0(
0#
02
#8143295
1(
1#
12
#8144962
b100110001011 7
0(
0#
02
#8146629
1(
1#
12
#8148296
b100110001100 7
0(
0#
02
#8149963
1(
1#
12
#8151630
b100110001101 7
0(
0#
02
#8153297
1(
1#
12
#8154964
b100110001110 7
0(
0#
02
#8156631
1(
1#
12
#8158298
b100110001111 7
0(
0#
02
#8159965
1(
1#
12
#8161632
b100110010000 7
0(
0#
02
#8163299
1(
1#
12
#8164966
b100110010001 7
0(
0#
02
#8166633
1(
1#
12
#8168300
b100110010010 7
0(
0#
02
#8169967
1(
1#
12
#8171634
b100110010011 7
0(
0#
02
#8173301
1(
1#
12
#8174968
b100110010100 7
0(
0#
02
#8176635
1(
1#
12
#8178302
b100110010101 7
0(
0#
02
#8179969
1(
1#
12
#8181636
b100110010110 7
0(
0#
02
#8183303
1(
1#
12
#8184970
b100110010111 7
0(
0#
02
#8186637
1(
1#
12
#8188304
b100110011000 7
0(
0#
02
#8189971
1(
1#
12
#8191638
b100110011001 7
0(
0#
02
#8193305
1(
1#
12
#8194972
b100110011010 7
0(
0#
02
#8196639
1(
1#
12
#8198306
b100110011011 7
0(
0#
02
#8199973
1(
1#
12
#8201640
b100110011100 7
0(
0#
02
#8203307
1(
1#
12
#8204974
b100110011101 7
19
0(
0#
02
#8206641
1(
1#
12
#8208308
b100110011110 7
0(
0#
02
#8209975
1(
1#
12
#8211642
b100110011111 7
09
0(
0#
02
#8213309
1(
1#
12
#8214976
b100110100000 7
0(
0#
02
#8216643
1(
1#
12
#8218310
b100110100001 7
0(
0#
02
#8219977
1(
1#
12
#8221644
b100110100010 7
0(
0#
02
#8223311
1(
1#
12
#8224978
b100110100011 7
0(
0#
02
#8226645
1(
1#
12
#8228312
b100110100100 7
0(
0#
02
#8229979
1(
1#
12
#8231646
b100110100101 7
0(
0#
02
#8233313
1(
1#
12
#8234980
b100110100110 7
0(
0#
02
#8236647
1(
1#
12
#8238314
b100110100111 7
0(
0#
02
#8239981
1(
1#
12
#8241648
b100110101000 7
0(
0#
02
#8243315
1(
1#
12
#8244982
b100110101001 7
0(
0#
02
#8246649
1(
1#
12
#8248316
b100110101010 7
0(
0#
02
#8249983
1(
1#
12
#8251650
b100110101011 7
0(
0#
02
#8253317
1(
1#
12
#8254984
b100110101100 7
0(
0#
02
#8256651
1(
1#
12
#8258318
b100110101101 7
0(
0#
02
#8259985
1(
1#
12
#8261652
b100110101110 7
0(
0#
02
#8263319
1(
1#
12
#8264986
b100110101111 7
0(
0#
02
#8266653
1(
1#
12
#8268320
b100110110000 7
0(
0#
02
#8269987
1(
1#
12
#8271654
b100110110001 7
0(
0#
02
#8273321
1(
1#
12
#8274988
b100110110010 7
0(
0#
02
#8276655
bx0x0x00000xxxx00000xxxxxx0x0000xx &
1(
1#
12
#8278322
b100110110011 7
0(
0#
02
#8279989
bx0x0x0000xxxxx00000xxxxxx0x0000xx &
1(
1#
12
#8281656
b100110110100 7
0(
0#
02
#8283323
1(
1#
12
#8284990
b100110110101 7
0(
0#
02
#8286657
1(
1#
12
#8288324
b100110110110 7
0(
0#
02
#8289991
bx0x0x0000x0xxx00000xxxxxx0x0000xx &
1(
1#
12
#8291658
b100110110111 7
0(
0#
02
#8293325
bx0x0x0000xxxxx00000xxxxxx0x0000xx &
1(
1#
12
#8294992
b100110111000 7
0(
0#
02
#8296659
1(
1#
12
#8298326
b100110111001 7
0(
0#
02
#8299993
1(
1#
12
#8301660
b100110111010 7
0(
0#
02
#8303327
1(
1#
12
#8304994
b100110111011 7
0(
0#
02
#8306661
bx0x0x00000xxxx00000xxxxxx0x0000xx &
1(
1#
12
#8308328
b100110111100 7
0(
0#
02
#8309995
bx0x0x0000xxxxx00000xxxxxx0x0000xx &
1(
1#
12
#8311662
b100110111101 7
19
0(
0#
02
#8313329
bx0x0x0000xxx0x00000xxxxxx0x0000xx &
1(
1#
12
#8314996
b100110111110 7
09
0(
0#
02
#8316663
bx0x0x0000xxxxx00000xxxxxx0x0000xx &
1(
1#
12
#8318330
b100110111111 7
0(
0#
02
#8319997
bx0x0x0000x0xxx00000xxxxxx0x0000xx &
1(
1#
12
#8321664
b100111000000 7
0(
0#
02
#8323331
bx0x0x0000xxxxx00000xxxxxx0x0000xx &
1(
1#
12
#8324998
b100111000001 7
0(
0#
02
#8326665
1(
1#
12
#8328332
b100111000010 7
0(
0#
02
#8329999
bx0x0x0000xxxx000000xxxxxx0x0000xx &
1(
1#
12
#8331666
b100111000011 7
0(
0#
02
#8333333
bx0x0x0000xxxxx00000xxxxxx0x0000xx &
1(
1#
12
#8335000
b100111000100 7
0(
0#
02
#8336667
1(
1#
12
#8338334
b100111000101 7
0(
0#
02
#8340001
1(
1#
12
#8341668
b100111000110 7
0(
0#
02
#8343335
bx0x0x0000xxx0x00000xxxxxx0x0000xx &
1(
1#
12
#8345002
b100111000111 7
0(
0#
02
#8346669
bx0x0x0000xxxxxx0000xxxxxx0x0000xx &
1(
1#
12
#8348336
b100111001000 7
0(
0#
02
#8350003
bx0x0x0000xxxxx00000xxxxxx0x0000xx &
1(
1#
12
#8351670
b100111001001 7
0(
0#
02
#8353337
bx0x0x0000xxxxx0x000xxxxxx0x0000xx &
1(
1#
12
#8355004
b100111001010 7
0(
0#
02
#8356671
bx0x0x0000xxxxx00000xxxxxx0x0000xx &
1(
1#
12
#8358338
b100111001011 7
0(
0#
02
#8360005
bx0x0x0000xxxx000000xxxxxx0x0000xx &
1(
1#
12
#8361672
b100111001100 7
0(
0#
02
#8363339
bx0x0x0000xxxxx00000xxxxxx0x0000xx &
1(
1#
12
#8365006
b100111001101 7
0(
0#
02
#8366673
bx0x0x0000xxxxx00x00xxxxxx0x0000xx &
1(
1#
12
#8368340
b100111001110 7
0(
0#
02
#8370007
bx0x0x0000xxxxx00000xxxxxx0x0000xx &
1(
1#
12
#8371674
b100111001111 7
0(
0#
02
#8373341
bx0x0x0000xxxxx00000xxxxxx0x0000xx &
1(
1#
12
#8375008
b100111010000 7
0(
0#
02
#8376675
bx0x0x00000xxxxx0000xxxxxx0x0000xx &
1(
1#
12
#8378342
b100111010001 7
0(
0#
02
#8380009
bx0x0x0000x0xxx00000xxxxxx0x0000xx &
1(
1#
12
#8381676
b100111010010 7
0(
0#
02
#8383343
bx0x0x0000xx0xx0x000xxxxxx0x0000xx &
1(
1#
12
#8385010
b100111010011 7
0(
0#
02
#8386677
bx0x0x0000xxx0x00000xxxxxx0x0000xx &
1(
1#
12
#8388344
b100111010100 7
0(
0#
02
#8390011
bx0x0x0000xxxx000000xxxxxx0x0000xx &
1(
1#
12
#8391678
b100111010101 7
0(
0#
02
#8393345
bx0x0x0000xxxxx00000xxxxxx0x0000xx &
1(
1#
12
#8395012
b100111010110 7
0(
0#
02
#8396679
bx0x0x0000xxxxx00x00xxxxxx0x0000xx &
1(
1#
12
#8398346
b100111010111 7
0(
0#
02
#8400013
bx0x0x0000xxxxx00000xxxxxx0x0000xx &
1(
1#
12
#8401680
b100111011000 7
0(
0#
02
#8403347
1(
1#
12
#8405014
b100111011001 7
0(
0#
02
#8406681
bx0x0x00000xxxx00000xxxxxx0x0000xx &
1(
1#
12
#8408348
b100111011010 7
0(
0#
02
#8410015
bx0x0x0000x0xxx00000xxxxxx0x0000xx &
1(
1#
12
#8411682
b100111011011 7
0(
0#
02
#8413349
bx0x0x0000xx0xx00000xxxxxx0x0000xx &
1(
1#
12
#8415016
b100111011100 7
0(
0#
02
#8416683
bx0x0x0000xxx0x00000xxxxxx0x0000xx &
1(
1#
12
#8418350
b100111011101 7
0(
0#
02
#8420017
bx0x0x0000xxxx000000xxxxxx0x0000xx &
1(
1#
12
#8421684
b100111011110 7
0(
0#
02
#8423351
bx0x0x0000xxxxx00000xxxxxx0x0000xx &
1(
1#
12
#8425018
b100111011111 7
0(
0#
02
#8426685
1(
1#
12
#8428352
b100111100000 7
0(
0#
02
#8430019
1(
1#
12
#8431686
b100111100001 7
0(
0#
02
#8433353
1(
1#
12
#8435020
b100111100010 7
0(
0#
02
#8436687
1(
1#
12
#8438354
b100111100011 7
0(
0#
02
#8440021
1(
1#
12
#8441688
b100111100100 7
0(
0#
02
#8443355
1(
1#
12
#8445022
b100111100101 7
0(
0#
02
#8446689
1(
1#
12
#8448356
b100111100110 7
0(
0#
02
#8450023
1(
1#
12
#8451690
b100111100111 7
0(
0#
02
#8453357
1(
1#
12
#8455024
b100111101000 7
0(
0#
02
#8456691
1(
1#
12
#8458358
b100111101001 7
0(
0#
02
#8460025
1(
1#
12
#8461692
b100111101010 7
0(
0#
02
#8463359
1(
1#
12
#8465026
b100111101011 7
0(
0#
02
#8466693
1(
1#
12
#8468360
b100111101100 7
0(
0#
02
#8470027
1(
1#
12
#8471694
b100111101101 7
0(
0#
02
#8473361
1(
1#
12
#8475028
b100111101110 7
0(
0#
02
#8476695
1(
1#
12
#8478362
b100111101111 7
0(
0#
02
#8480029
1(
1#
12
#8481696
b100111110000 7
0(
0#
02
#8483363
1(
1#
12
#8485030
b100111110001 7
0(
0#
02
#8486697
1(
1#
12
#8488364
b100111110010 7
0(
0#
02
#8490031
1(
1#
12
#8491698
b100111110011 7
0(
0#
02
#8493365
1(
1#
12
#8495032
b100111110100 7
0(
0#
02
#8496699
1(
1#
12
#8498366
b100111110101 7
0(
0#
02
#8500033
1(
1#
12
#8501700
b100111110110 7
0(
0#
02
#8503367
1(
1#
12
#8505034
b100111110111 7
0(
0#
02
#8506701
1(
1#
12
#8508368
b100111111000 7
0(
0#
02
#8510035
1(
1#
12
#8511702
b100111111001 7
0(
0#
02
#8513369
1(
1#
12
#8515036
b100111111010 7
0(
0#
02
#8516703
1(
1#
12
#8518370
b100111111011 7
0(
0#
02
#8520037
1(
1#
12
#8521704
b100111111100 7
0(
0#
02
#8523371
1(
1#
12
#8525038
b100111111101 7
0(
0#
02
#8526705
1(
1#
12
#8528372
b100111111110 7
0(
0#
02
#8530039
1(
1#
12
#8531706
b100111111111 7
0(
0#
02
#8533373
1(
1#
12
#8535040
b101000000000 7
0(
0#
02
#8536707
1(
1#
12
#8538374
b101000000001 7
0(
0#
02
#8540041
1(
1#
12
#8541708
b101000000010 7
0(
0#
02
#8543375
1(
1#
12
#8545042
b101000000011 7
0(
0#
02
#8546709
1(
1#
12
#8548376
b101000000100 7
0(
0#
02
#8550043
1(
1#
12
#8551710
b101000000101 7
0(
0#
02
#8553377
1(
1#
12
#8555044
b101000000110 7
0(
0#
02
#8556711
1(
1#
12
#8558378
b101000000111 7
0(
0#
02
#8560045
1(
1#
12
#8561712
b101000001000 7
0(
0#
02
#8563379
1(
1#
12
#8565046
b101000001001 7
0(
0#
02
#8566713
1(
1#
12
#8568380
b101000001010 7
0(
0#
02
#8570047
1(
1#
12
#8571714
b101000001011 7
0(
0#
02
#8573381
1(
1#
12
#8575048
b101000001100 7
0(
0#
02
#8576715
1(
1#
12
#8578382
b101000001101 7
0(
0#
02
#8580049
1(
1#
12
#8581716
b101000001110 7
0(
0#
02
#8583383
1(
1#
12
#8585050
b101000001111 7
0(
0#
02
#8586717
1(
1#
12
#8588384
b101000010000 7
0(
0#
02
#8590051
1(
1#
12
#8591718
b101000010001 7
0(
0#
02
#8593385
1(
1#
12
#8595052
b101000010010 7
0(
0#
02
#8596719
1(
1#
12
#8598386
b101000010011 7
0(
0#
02
#8600053
1(
1#
12
#8601720
b101000010100 7
0(
0#
02
#8603387
1(
1#
12
#8605054
b101000010101 7
0(
0#
02
#8606721
1(
1#
12
#8608388
b101000010110 7
0(
0#
02
#8610055
1(
1#
12
#8611722
b101000010111 7
0(
0#
02
#8613389
1(
1#
12
#8615056
b101000011000 7
0(
0#
02
#8616723
1(
1#
12
#8618390
b101000011001 7
0(
0#
02
#8620057
1(
1#
12
#8621724
b101000011010 7
0(
0#
02
#8623391
1(
1#
12
#8625058
b101000011011 7
0(
0#
02
#8626725
1(
1#
12
#8628392
b101000011100 7
0(
0#
02
#8630059
1(
1#
12
#8631726
b101000011101 7
0(
0#
02
#8633393
1(
1#
12
#8635060
b101000011110 7
0(
0#
02
#8636727
1(
1#
12
#8638394
b101000011111 7
0(
0#
02
#8640061
1(
1#
12
#8641728
b101000100000 7
0(
0#
02
#8643395
1(
1#
12
#8645062
b101000100001 7
0(
0#
02
#8646729
1(
1#
12
#8648396
b101000100010 7
0(
0#
02
#8650063
1(
1#
12
#8651730
b101000100011 7
0(
0#
02
#8653397
1(
1#
12
#8655064
b101000100100 7
0(
0#
02
#8656731
1(
1#
12
#8658398
b101000100101 7
0(
0#
02
#8660065
1(
1#
12
#8661732
b101000100110 7
0(
0#
02
#8663399
1(
1#
12
#8665066
b101000100111 7
0(
0#
02
#8666733
1(
1#
12
#8668400
b101000101000 7
0(
0#
02
#8670067
1(
1#
12
#8671734
b101000101001 7
0(
0#
02
#8673401
1(
1#
12
#8675068
b101000101010 7
0(
0#
02
#8676735
bx0x0x00000xxxx00000xxxxxx0x0000xx &
1(
1#
12
#8678402
b101000101011 7
0(
0#
02
#8680069
bx0x0x0000xxxxx00000xxxxxx0x0000xx &
1(
1#
12
#8681736
b101000101100 7
0(
0#
02
#8683403
1(
1#
12
#8685070
b101000101101 7
0(
0#
02
#8686737
1(
1#
12
#8688404
b101000101110 7
0(
0#
02
#8690071
bx0x0x0000x0xxx00000xxxxxx0x0000xx &
1(
1#
12
#8691738
b101000101111 7
0(
0#
02
#8693405
bx0x0x0000xxxxx00000xxxxxx0x0000xx &
1(
1#
12
#8695072
b101000110000 7
0(
0#
02
#8696739
1(
1#
12
#8698406
b101000110001 7
0(
0#
02
#8700073
1(
1#
12
#8701740
b101000110010 7
0(
0#
02
#8703407
1(
1#
12
#8705074
b101000110011 7
0(
0#
02
#8706741
1(
1#
12
#8708408
b101000110100 7
0(
0#
02
#8710075
1(
1#
12
#8711742
b101000110101 7
0(
0#
02
#8713409
bx0x0x0000xxx0x00000xxxxxx0x0000xx &
1(
1#
12
#8715076
b101000110110 7
0(
0#
02
#8716743
bx0x0x0000xxxxx00000xxxxxx0x0000xx &
1(
1#
12
#8718410
b101000110111 7
0(
0#
02
#8720077
1(
1#
12
#8721744
b101000111000 7
0(
0#
02
#8723411
1(
1#
12
#8725078
b101000111001 7
0(
0#
02
#8726745
1(
1#
12
#8728412
b101000111010 7
0(
0#
02
#8730079
bx0x0x0000xxxx000000xxxxxx0x0000xx &
1(
1#
12
#8731746
b101000111011 7
0(
0#
02
#8733413
bx0x0x0000xxxxx00000xxxxxx0x0000xx &
1(
1#
12
#8735080
b101000111100 7
0(
0#
02
#8736747
1(
1#
12
#8738414
b101000111101 7
0(
0#
02
#8740081
1(
1#
12
#8741748
b101000111110 7
0(
0#
02
#8743415
1(
1#
12
#8745082
b101000111111 7
0(
0#
02
#8746749
bx0x0x0000xxxxxx0000xxxxxx0x0000xx &
1(
1#
12
#8748416
b101001000000 7
0(
0#
02
#8750083
bx0x0x0000xxxxx00000xxxxxx0x0000xx &
1(
1#
12
#8751750
b101001000001 7
0(
0#
02
#8753417
bx0x0x0000xxxxx0x000xxxxxx0x0000xx &
1(
1#
12
#8755084
b101001000010 7
0(
0#
02
#8756751
bx0x0x0000xxxxx00000xxxxxx0x0000xx &
1(
1#
12
#8758418
b101001000011 7
0(
0#
02
#8760085
1(
1#
12
#8761752
b101001000100 7
0(
0#
02
#8763419
1(
1#
12
#8765086
b101001000101 7
0(
0#
02
#8766753
bx0x0x0000xxxxx00x00xxxxxx0x0000xx &
1(
1#
12
#8768420
b101001000110 7
0(
0#
02
#8770087
bx0x0x0000xxxxx00000xxxxxx0x0000xx &
1(
1#
12
#8771754
b101001000111 7
0(
0#
02
#8773421
bx0x0x0000xxxxx00000xxxxxx0x0000xx &
1(
1#
12
#8775088
b101001001000 7
0(
0#
02
#8776755
bx0x0x00000xxxx00000xxxxxx0x0000xx &
1(
1#
12
#8778422
b101001001001 7
0(
0#
02
#8780089
bx0x0x0000x0xxx00000xxxxxx0x0000xx &
1(
1#
12
#8781756
b101001001010 7
0(
0#
02
#8783423
bx0x0x0000xx0xx00000xxxxxx0x0000xx &
1(
1#
12
#8785090
b101001001011 7
0(
0#
02
#8786757
bx0x0x0000xxx0x00000xxxxxx0x0000xx &
1(
1#
12
#8788424
b101001001100 7
0(
0#
02
#8790091
bx0x0x0000xxxx000000xxxxxx0x0000xx &
1(
1#
12
#8791758
b101001001101 7
0(
0#
02
#8793425
bx0x0x0000xxxxx00000xxxxxx0x0000xx &
1(
1#
12
#8795092
b101001001110 7
0(
0#
02
#8796759
1(
1#
12
#8798426
b101001001111 7
0(
0#
02
#8800093
1(
1#
12
#8801760
b101001010000 7
0(
0#
02
#8803427
1(
1#
12
#8805094
b101001010001 7
0(
0#
02
#8806761
bx0x0000xxxxx00000xxxxxx0x0000xx &
1(
1#
12
#8808428
b101001010010 7
0(
0#
02
#8810095
bx0x0x0000xxxxx00000xxxxxx0x0000xx &
1(
1#
12
#8811762
b101001010011 7
0(
0#
02
#8813429
bx0x0000xxxxx00000xxxxxx0x0000xx &
1(
1#
12
#8815096
b101001010100 7
0(
0#
02
#8816763
bx0x0x0000xxxxx00000xxxxxx0x0000xx &
1(
1#
12
#8818430
b101001010101 7
0(
0#
02
#8820097
1(
1#
12
#8821764
b101001010110 7
0(
0#
02
#8823431
bx000x0000xxxxx00000xxxxxx0x0000xx &
1(
1#
12
#8825098
b101001010111 7
0(
0#
02
#8826765
bx0x0x0000xxxxx00000xxxxxx0x0000xx &
1(
1#
12
#8828432
b101001011000 7
0(
0#
02
#8830099
1(
1#
12
#8831766
b101001011001 7
0(
0#
02
#8833433
1(
1#
12
#8835100
b101001011010 7
0(
0#
02
#8836767
bx0x0000xxxxx00000xxxxxx0x0000xx &
1(
1#
12
#8838434
b101001011011 7
0(
0#
02
#8840101
bx0x0x0000xxxxx00000xxxxxx0x0000xx &
1(
1#
12
#8841768
b101001011100 7
0(
0#
02
#8843435
bx0x0000xxxxx00000xxxxxx0x0000xx &
1(
1#
12
#8845102
b101001011101 7
0(
0#
02
#8846769
bx0x000000xxxxx00000xxxxxx0x0000xx &
1(
1#
12
#8848436
b101001011110 7
0(
0#
02
#8850103
bx0x0x0000xxxxx00000xxxxxx0x0000xx &
1(
1#
12
#8851770
b101001011111 7
0(
0#
02
#8853437
bx000x00000xxxx00000xxxxxx0x0000xx &
1(
1#
12
#8855104
b101001100000 7
0(
0#
02
#8856771
bx0x0x00000xxxx00000xxxxxx0x0000xx &
1(
1#
12
#8858438
b101001100001 7
0(
0#
02
#8860105
bx0x0x0000xxxxx00000xxxxxx0x0000xx &
1(
1#
12
#8861772
b101001100010 7
0(
0#
02
#8863439
bx0x0xx000xxxxx00000xxxxxx0x0000xx &
1(
1#
12
#8865106
b101001100011 7
0(
0#
02
#8866773
bx0x0x0000x0xxx00000xxxxxx0x0000xx &
1(
1#
12
#8868440
b101001100100 7
0(
0#
02
#8870107
bx0x0x0000xxxxx00000xxxxxx0x0000xx &
1(
1#
12
#8871774
b101001100101 7
0(
0#
02
#8873441
1(
1#
12
#8875108
b101001100110 7
0(
0#
02
#8876775
bx0x000000xxxxx00000xxxxxx0x0000xx &
1(
1#
12
#8878442
b101001100111 7
0(
0#
02
#8880109
bx0x0x0x00xx0xx00000xxxxxx0x0000xx &
1(
1#
12
#8881776
b101001101000 7
0(
0#
02
#8883443
bx0x0x0000xxxxx00000xxxxxx0x0000xx &
1(
1#
12
#8885110
b101001101001 7
0(
0#
02
#8886777
bx0x0x00x0xxxxx00000xxxxxx0x0000xx &
1(
1#
12
#8888444
b101001101010 7
0(
0#
02
#8890111
bx0x0x0000xxx0x00000xxxxxx0x0000xx &
1(
1#
12
#8891778
b101001101011 7
0(
0#
02
#8893445
bx0x0xx0x0xxx0x00000xxxxxx0x0000xx &
1(
1#
12
#8895112
b101001101100 7
0(
0#
02
#8896779
bx0x0x0000xxxxx00000xxxxxx0x0000xx &
1(
1#
12
#8898446
b101001101101 7
0(
0#
02
#8900113
bx0x0x000xxxxxx00000xxxxxx0x0000xx &
1(
1#
12
#8901780
b101001101110 7
0(
0#
02
#8903447
bx0x0x0000xxxxx00000xxxxxx0x0000xx &
1(
1#
12
#8905114
b101001101111 7
0(
0#
02
#8906781
bx0x0x0000xxxx000000xxxxxx0x0000xx &
1(
1#
12
#8908448
b101001110000 7
0(
0#
02
#8910115
bx0x0x0x00xxxxx00000xxxxxx0x0000xx &
1(
1#
12
#8911782
b101001110001 7
0(
0#
02
#8913449
bx000x0000xxxxx00000xxxxxx0x0000xx &
1(
1#
12
#8915116
b101001110010 7
0(
0#
02
#8916783
bx0x0x00x0xxxxx00000xxxxxx0x0000xx &
1(
1#
12
#8918450
b101001110011 7
0(
0#
02
#8920117
bx0x000000xxxxx00000xxxxxx0x0000xx &
1(
1#
12
#8921784
b101001110100 7
0(
0#
02
#8923451
bx0x0x00x0xxxxxx0000xxxxxx0x0000xx &
1(
1#
12
#8925118
b101001110101 7
0(
0#
02
#8926785
bx0x0x0000xxxxxx0000xxxxxx0x0000xx &
1(
1#
12
#8928452
b101001110110 7
0(
0#
02
#8930119
bx0x0x000xxxxxx0x000xxxxxx0x0000xx &
1(
1#
12
#8931786
b101001110111 7
0(
0#
02
#8933453
bx0x0x0000xxxxx0x000xxxxxx0x0000xx &
1(
1#
12
#8935120
b101001111000 7
0(
0#
02
#8936787
bx0xxxxxxx0x0x0000xxxxx00000xxxxxx0x0000xx &
1(
1#
12
#8938454
b101001111001 7
0(
0#
02
#8940121
bx0xxxxxx0x0x0000xxxxx00000xxxxxx0x0000xx &
1(
1#
12
#8941788
b101001111010 7
0(
0#
02
#8943455
bx0xxxxx000x0000xxxxx00x00xxxxxx0x0000xx &
1(
1#
12
#8945122
b101001111011 7
0(
0#
02
#8946789
bx0xxxx0x0x0000xxxxx00000xxxxxx0x0000xx &
1(
1#
12
#8948456
b101001111100 7
0(
0#
02
#8950123
bx0xxx0x000000xxxxx00x00xxxxxx0x0000xx &
1(
1#
12
#8951790
b101001111101 7
0(
0#
02
#8953457
bx0xx0x0x00000xxxx00000xxxxxx0x0000xx &
1(
1#
12
#8955124
b101001111110 7
0(
0#
02
#8956791
bx0x0x0x000000xxx00000xxxxxx0x0000xx &
1(
1#
12
#8958458
b101001111111 7
0(
0#
02
#8960125
bx00x0x0000000xx00000xxxxxx0x0000xx &
1(
1#
12
#8961792
b101010000000 7
0(
0#
02
#8963459
bx0xxxxxxxxxxxxxxx0x0x0000xx00x00000xxxxxx0x0000xx &
1(
1#
12
#8965126
b101010000001 7
0(
0#
02
#8966793
bx0xxxxxx0xxxxxxx0x0x0000xxx0000000xxxxxx0x0000xx &
1(
1#
12
#8968460
b101010000010 7
0(
0#
02
#8970127
bx0xxxxxx0xxxxxx0x0x0000xxxx000000xxxxxx0x0000xx &
1(
1#
12
#8971794
b101010000011 7
0(
0#
02
#8973461
bx0xxxxxx0xxxxx0x0x0000x0xxx00000xxxxxx0x0000xx &
1(
1#
12
#8975128
b101010000100 7
0(
0#
02
#8976795
bx0xxxxxx0xxxx0x0x0000xxxxx00000xxxxxx0x0000xx &
1(
1#
12
#8978462
b101010000101 7
0(
0#
02
#8980129
bx0xxxxxx0xxx0x0x0000xxxxx00000xxxxxx0x0000xx &
1(
1#
12
#8981796
b101010000110 7
0(
0#
02
#8983463
bx1xxxxxx0xx0x0x0000xxxxx00000xxxxxx0x0000xx &
1(
1#
12
#8985130
b101010000111 7
0(
0#
02
#8986797
bx0xxxxxx0x0x0x0000xxxxx00000xxxxxx0x0000xx &
1(
1#
12
#8988464
b101010001000 7
0(
0#
02
#8990131
bx0xxxxxxxxxxxxxxxxxxxxxx00x0x0000xxxxx00000xxxxxx0x0000xx &
1(
1#
12
#8991798
b101010001001 7
0(
0#
02
#8993465
z,
bxzxxxxxx0xxxxxxxxxxxxxxx0x0x0000xxxxx00000xxxxxx0x0000xx &
1(
1#
12
#8995132
b101010001010 7
0(
0#
02
#8996799
x,
bx0xxxxxx0xxxxxxxxxxxxxx0x0x0000xxx0x00000xxxxxx0x0000xx &
1(
1#
12
#8998466
b101010001011 7
0(
0#
02
#9000133
bx0xxxxxx0xxxxxxxxxxxxx0x0x0000xxxxx00000xxxxxx0x0000xx &
1(
1#
12
#9001800
b101010001100 7
0(
0#
02
#9003467
bx0xxxxxx0xxxxxxxxxxxx0x0x0000xxxxx00000xxxxxx0x0000xx &
1(
1#
12
#9005134
b101010001101 7
0(
0#
02
#9006801
bx0xxxxxx0xxxxxxxxxxx0x0x0000xxxxx00000xxxxxx0x0000xx &
1(
1#
12
#9008468
b101010001110 7
0(
0#
02
#9010135
bx0xxxxxx0xxxxxxxxxx0x0x0000xxxxx00000xxxxxx0x0000xx &
1(
1#
12
#9011802
b101010001111 7
0(
0#
02
#9013469
bx0xxxxxx1xxxxxxxxx0x0x0000xxxx000000xxxxxx0x0000xx &
1(
1#
12
#9015136
b101010010000 7
0(
0#
02
#9016803
b0xxxxxxxxxxxxxxxxxxxxxx0xxxxxxxx0x0x0000xxxxx00000xxxxxx0x0000xx &
1(
1#
12
#9018470
b101010010001 7
0(
0#
02
#9020137
bx0xxxxxx0xxxxxxxxxxxxxxxxxxxxxxx0x0x0000xxxxx00000xxxxxx0x0000xx &
1(
1#
12
#9021804
b101010010010 7
0(
0#
02
#9023471
z,
bx0xxxxxxzxxxxxxxxxxxxxxxxxxxxxx0x0x0000xxxxx00000xxxxxx0x0000xx &
1(
1#
12
#9025138
b101010010011 7
0(
0#
02
#9026805
x,
bx0xxxxxx0xxxxxxxxxxxxxxxxxxxxx0x0x0000xxxxx00000xxxxxx0x0000xx &
1(
1#
12
#9028472
b101010010100 7
0(
0#
02
#9030139
bx0xxxxxx0xxxxxxxxxxxxxxxxxxxx0x0x0000xxxxxx0000xxxxxx0x0000xx &
1(
1#
12
#9031806
b101010010101 7
0(
0#
02
#9033473
bx0xxxxxx0xxxxxxxxxxxxxxxxxxx0x0x0000xxxxx00000xxxxxx0x0000xx &
1(
1#
12
#9035140
b101010010110 7
0(
0#
02
#9036807
bx0xxxxxx0xxxxxxxxxxxxxxxxxx0x0x0000xxxxx0x000xxxxxx0x0000xx &
1(
1#
12
#9038474
b101010010111 7
0(
0#
02
#9040141
bx0xxxxxx0xxxxxxxxxxxxxxxxx0x0x0000xxxxx00000xxxxxx0x0000xx &
1(
1#
12
#9041808
b101010011000 7
0(
0#
02
#9043475
bx0xxxxxxxxxxxxxxxx0x0x0000xxxxx00000xxxxxx0x0000xx &
1(
1#
12
#9045142
b101010011001 7
0(
0#
02
#9046809
b0xxxxxxxxxxxxxxxxxxxxxxxxxxxxxxx0x0x0000xxxxx00000xxxxxx0x0000xx &
1(
1#
12
#9048476
b101010011010 7
0(
0#
02
#9050143
bx0xxxxxxxxxxxxxxxxxxxxxxxxxxxxxx0x0x0000xxxxx00x00xxxxxx0x0000xx &
1(
1#
12
#9051810
b101010011011 7
0(
0#
02
#9053477
bx0xxxxxxxxxxxxxxxxxxxxxxxxxxxxx0x0x0000xxxxx00000xxxxxx0x0000xx &
1(
1#
12
#9055144
b101010011100 7
0(
0#
02
#9056811
bx0xxxxxxxxxxxxxxxxxxxxxxxxxxxx0x0x0000xxxxx00000xxxxxx0x0000xx &
1(
1#
12
#9058478
b101010011101 7
0(
0#
02
#9060145
bx0xxxxxxxxxxxxxxxxxxxxxxxxxxx0x0x00000xxxx00000xxxxxx0x0000xx &
1(
1#
12
#9061812
b101010011110 7
0(
0#
02
#9063479
bx0xxxxxxxxxxxxxxxxxxxxxxxxxx0x0x0000x0xxx00000xxxxxx0x0000xx &
1(
1#
12
#9065146
b101010011111 7
0(
0#
02
#9066813
bx0xxxxxxxxxxxxxxxxxxxxxxxxx0x0x0000xx0xx00000xxxxxx0x0000xx &
1(
1#
12
#9068480
b101010100000 7
0(
0#
02
#9070147
bx0xxxxxxxxxxxxxxxxxxxxxxxx0x0x0000xxx0x00000xxxxxx0x0000xx &
1(
1#
12
#9071814
b101010100001 7
0(
0#
02
#9073481
bx0x0x0000xxxx000000xxxxxx0x0000xx &
1(
1#
12
#9075148
b101010100010 7
0(
0#
02
#9076815
bx0x0x0000xxxxx00000xxxxxx0x0000xx &
1(
1#
12
#9078482
b101010100011 7
0(
0#
02
#9080149
1(
1#
12
#9081816
b101010100100 7
0(
0#
02
#9083483
1(
1#
12
#9085150
b101010100101 7
0(
0#
02
#9086817
1(
1#
12
#9088484
b101010100110 7
0(
0#
02
#9090151
1(
1#
12
#9091818
b101010100111 7
0(
0#
02
#9093485
1(
1#
12
#9095152
b101010101000 7
0(
0#
02
#9096819
1(
1#
12
#9098486
b101010101001 7
0(
0#
02
#9100153
1(
1#
12
#9101820
b101010101010 7
0(
0#
02
#9103487
1(
1#
12
#9105154
b101010101011 7
0(
0#
02
#9106821
1(
1#
12
#9108488
b101010101100 7
0(
0#
02
#9110155
1(
1#
12
#9111822
b101010101101 7
0(
0#
02
#9113489
1(
1#
12
#9115156
b101010101110 7
0(
0#
02
#9116823
1(
1#
12
#9118490
b101010101111 7
0(
0#
02
#9120157
1(
1#
12
#9121824
b101010110000 7
0(
0#
02
#9123491
1(
1#
12
#9125158
b101010110001 7
0(
0#
02
#9126825
1(
1#
12
#9128492
b101010110010 7
0(
0#
02
#9130159
1(
1#
12
#9131826
b101010110011 7
0(
0#
02
#9133493
1(
1#
12
#9135160
b101010110100 7
0(
0#
02
#9136827
1(
1#
12
#9138494
b101010110101 7
0(
0#
02
#9140161
1(
1#
12
#9141828
b101010110110 7
0(
0#
02
#9143495
1(
1#
12
#9145162
b101010110111 7
0(
0#
02
#9146829
1(
1#
12
#9148496
b101010111000 7
0(
0#
02
#9150163
1(
1#
12
#9151830
b101010111001 7
0(
0#
02
#9153497
1(
1#
12
#9155164
b101010111010 7
0(
0#
02
#9156831
1(
1#
12
#9158498
b101010111011 7
0(
0#
02
#9160165
1(
1#
12
#9161832
b101010111100 7
0(
0#
02
#9163499
1(
1#
12
#9165166
b101010111101 7
0(
0#
02
#9166833
1(
1#
12
#9168500
b101010111110 7
0(
0#
02
#9170167
1(
1#
12
#9171834
b101010111111 7
0(
0#
02
#9173501
1(
1#
12
#9175168
b101011000000 7
0(
0#
02
#9176835
1(
1#
12
#9178502
b101011000001 7
0(
0#
02
#9180169
1(
1#
12
#9181836
b101011000010 7
0(
0#
02
#9183503
1(
1#
12
#9185170
b101011000011 7
0(
0#
02
#9186837
1(
1#
12
#9188504
b101011000100 7
0(
0#
02
#9190171
1(
1#
12
#9191838
b101011000101 7
0(
0#
02
#9193505
1(
1#
12
#9195172
b101011000110 7
0(
0#
02
#9196839
1(
1#
12
#9198506
b101011000111 7
0(
0#
02
#9200173
1(
1#
12
#9201840
b101011001000 7
0(
0#
02
#9203507
1(
1#
12
#9205174
b101011001001 7
0(
0#
02
#9206841
bx0x0000xxxxx00000xxxxxx0x0000xx &
1(
1#
12
#9208508
b101011001010 7
0(
0#
02
#9210175
bx0x0x0000xxxxx00000xxxxxx0x0000xx &
1(
1#
12
#9211842
b101011001011 7
0(
0#
02
#9213509
bx0x0000xxxxx00000xxxxxx0x0000xx &
1(
1#
12
#9215176
b101011001100 7
0(
0#
02
#9216843
bx0x0x0000xxxxx00000xxxxxx0x0000xx &
1(
1#
12
#9218510
b101011001101 7
0(
0#
02
#9220177
1(
1#
12
#9221844
b101011001110 7
0(
0#
02
#9223511
bx000x0000xxxxx00000xxxxxx0x0000xx &
1(
1#
12
#9225178
b101011001111 7
0(
0#
02
#9226845
bx0x0x0000xxxxx00000xxxxxx0x0000xx &
1(
1#
12
#9228512
b101011010000 7
0(
0#
02
#9230179
1(
1#
12
#9231846
b101011010001 7
0(
0#
02
#9233513
1(
1#
12
#9235180
b101011010010 7
0(
0#
02
#9236847
1(
1#
12
#9238514
b101011010011 7
0(
0#
02
#9240181
bx0x0x0000xxxxx00000xxxxxx0x0000xx &
1(
1#
12
#9241848
b101011010100 7
0(
0#
02
#9243515
1(
1#
12
#9245182
b101011010101 7
0(
0#
02
#9246849
bx0x000000xxxxx00000xxxxxx0x0000xx &
1(
1#
12
#9248516
b101011010110 7
0(
0#
02
#9250183
bx0x0x0000xxxxx00000xxxxxx0x0000xx &
1(
1#
12
#9251850
b101011010111 7
0(
0#
02
#9253517
1(
1#
12
#9255184
b101011011000 7
0(
0#
02
#9256851
1(
1#
12
#9258518
b101011011001 7
0(
0#
02
#9260185
1(
1#
12
#9261852
b101011011010 7
0(
0#
02
#9263519
bx0x0xx000xxxxx00000xxxxxx0x0000xx &
1(
1#
12
#9265186
b101011011011 7
0(
0#
02
#9266853
bx0x0x0000xxxxx00000xxxxxx0x0000xx &
1(
1#
12
#9268520
b101011011100 7
0(
0#
02
#9270187
1(
1#
12
#9271854
b101011011101 7
0(
0#
02
#9273521
1(
1#
12
#9275188
b101011011110 7
0(
0#
02
#9276855
1(
1#
12
#9278522
b101011011111 7
0(
0#
02
#9280189
bx0x0x0x00xxxxx00000xxxxxx0x0000xx &
1(
1#
12
#9281856
b101011100000 7
0(
0#
02
#9283523
bx0x0x0000xxxxx00000xxxxxx0x0000xx &
1(
1#
12
#9285190
b101011100001 7
0(
0#
02
#9286857
bx0x0x00x0xxxxx00000xxxxxx0x0000xx &
1(
1#
12
#9288524
b101011100010 7
0(
0#
02
#9290191
bx0x0x0000xxxxx00000xxxxxx0x0000xx &
1(
1#
12
#9291858
b101011100011 7
0(
0#
02
#9293525
bx0x0x00x0xxxxx00000xxxxxx0x0000xx &
1(
1#
12
#9295192
b101011100100 7
0(
0#
02
#9296859
bx0x0x0000xxxxx00000xxxxxx0x0000xx &
1(
1#
12
#9298526
b101011100101 7
0(
0#
02
#9300193
bx0x0x000xxxxxx00000xxxxxx0x0000xx &
1(
1#
12
#9301860
b101011100110 7
0(
0#
02
#9303527
bx0x0x0000xxxxx00000xxxxxx0x0000xx &
1(
1#
12
#9305194
b101011100111 7
0(
0#
02
#9306861
1(
1#
12
#9308528
b101011101000 7
0(
0#
02
#9310195
1(
1#
12
#9311862
b101011101001 7
0(
0#
02
#9313529
bx000x0000xxxxx00000xxxxxx0x0000xx &
1(
1#
12
#9315196
b101011101010 7
0(
0#
02
#9316863
bx0x0x0000xxxxx00000xxxxxx0x0000xx &
1(
1#
12
#9318530
b101011101011 7
0(
0#
02
#9320197
bx0x000000xxxxx00000xxxxxx0x0000xx &
1(
1#
12
#9321864
b101011101100 7
0(
0#
02
#9323531
bx0x0x0000xxxxx00000xxxxxx0x0000xx &
1(
1#
12
#9325198
b101011101101 7
0(
0#
02
#9326865
1(
1#
12
#9328532
b101011101110 7
0(
0#
02
#9330199
1(
1#
12
#9331866
b101011101111 7
0(
0#
02
#9333533
1(
1#
12
#9335200
b101011110000 7
0(
0#
02
#9336867
bx0xxxxxxx0x0x0000xxxxx00000xxxxxx0x0000xx &
1(
1#
12
#9338534
b101011110001 7
0(
0#
02
#9340201
bx0xxxxxx0x0x0000xxxxx00000xxxxxx0x0000xx &
1(
1#
12
#9341868
b101011110010 7
0(
0#
02
#9343535
bx0xxxxx0x0x0000xxxxx00000xxxxxx0x0000xx &
1(
1#
12
#9345202
b101011110011 7
0(
0#
02
#9346869
bx0xxxx0x0x0000xxxxx00000xxxxxx0x0000xx &
1(
1#
12
#9348536
b101011110100 7
0(
0#
02
#9350203
bx0xxx0x0x0000xxxxx00000xxxxxx0x0000xx &
1(
1#
12
#9351870
b101011110101 7
0(
0#
02
#9353537
bx0xx0x0x0000xxxxx00000xxxxxx0x0000xx &
1(
1#
12
#9355204
b101011110110 7
0(
0#
02
#9356871
bx0x0x0x0000xxxxx00000xxxxxx0x0000xx &
1(
1#
12
#9358538
b101011110111 7
0(
0#
02
#9360205
bx00x0x0000xxxxx00000xxxxxx0x0000xx &
1(
1#
12
#9361872
b101011111000 7
0(
0#
02
#9363539
bx0xxxxxxxxxxxxxxx0x0x0000xxxxx00000xxxxxx0x0000xx &
1(
1#
12
#9365206
b101011111001 7
0(
0#
02
#9366873
bx0xxxxxxxxxxxxxx0x0x0000xxxxx00000xxxxxx0x0000xx &
1(
1#
12
#9368540
b101011111010 7
0(
0#
02
#9370207
bx0xxxxxxxxxxxxx0x0x0000xxxxx00000xxxxxx0x0000xx &
1(
1#
12
#9371874
b101011111011 7
0(
0#
02
#9373541
bx0xxxxxxxxxxxx0x0x0000xxxxx00000xxxxxx0x0000xx &
1(
1#
12
#9375208
b101011111100 7
0(
0#
02
#9376875
bx0xxxxxxxxxxx0x0x0000xxxxx00000xxxxxx0x0000xx &
1(
1#
12
#9378542
b101011111101 7
0(
0#
02
#9380209
bx0xxxxxxxxxx0x0x0000xxxxx00000xxxxxx0x0000xx &
1(
1#
12
#9381876
b101011111110 7
0(
0#
02
#9383543
bx1xxxxxxxxxxx0x0000xxxxx00000xxxxxx0x0000xx &
1(
1#
12
#9385210
b101011111111 7
0(
0#
02
#9386877
bx0xxxxxxxx0x0x0000xxxxx00000xxxxxx0x0000xx &
1(
1#
12
#9388544
b101100000000 7
0(
0#
02
#9390211
bx0xxxxxxxxxxxxxxxxxxxxxxxxx0x0000xxxxx00000xxxxxx0x0000xx &
1(
1#
12
#9391878
b101100000001 7
0(
0#
02
#9393545
z,
bxzxxxxxxxxxxxxxxxxxxxxxxxx0x0000xxxxx00000xxxxxx0x0000xx &
1(
1#
12
#9395212
b101100000010 7
0(
0#
02
#9396879
x,
bx0xxxxxxxxxxxxxxxxxxxxx0x0x0000xxxxx00000xxxxxx0x0000xx &
1(
1#
12
#9398546
b101100000011 7
0(
0#
02
#9400213
bx0xxxxxxxxxxxxxxxxxxxx000x0000xxxxx00000xxxxxx0x0000xx &
1(
1#
12
#9401880
b101100000100 7
0(
0#
02
#9403547
bx0xxxxxxxxxxxxxxxxxxx000x0000xxxxx00000xxxxxx0x0000xx &
1(
1#
12
#9405214
b101100000101 7
0(
0#
02
#9406881
bx0xxxxxxxxxxxxxxxxxx0x0x0000xxxxx00000xxxxxx0x0000xx &
1(
1#
12
#9408548
b101100000110 7
0(
0#
02
#9410215
bx0xxxxxxxxxxxxxxxxx0x0x0000xxxxx00000xxxxxx0x0000xx &
1(
1#
12
#9411882
b101100000111 7
0(
0#
02
#9413549
bx0xxxxxxxxxxxxxxxx0x0x0000xxxxx00000xxxxxx0x0000xx &
1(
1#
12
#9415216
b101100001000 7
0(
0#
02
#9416883
b0xxxxxxxxxxxxxxxxxxxxxxxxxxxxxxx0xxx0000xxxxx00000xxxxxx0x0000xx &
1(
1#
12
#9418550
b101100001001 7
0(
0#
02
#9420217
bx0xxxxxxxxxxxxxxxxxxxxxxxxxxxxxx0x0x0000xxxxx00000xxxxxx0x0000xx &
1(
1#
12
#9421884
b101100001010 7
0(
0#
02
#9423551
bx0xxxxxxxxxxxxxxxxxxxxxxxxxxxxx0x000000xxxxx00000xxxxxx0x0000xx &
1(
1#
12
#9425218
b101100001011 7
0(
0#
02
#9426885
bx0xxxxxxxxxxxxxxxxxxxxxxxxxxxx0x0x0000xxxxx00000xxxxxx0x0000xx &
1(
1#
12
#9428552
b101100001100 7
0(
0#
02
#9430219
bx0xxxxxxxxxxxxxxxxxxxxxxxxxxx0x0x0000xxxxx00000xxxxxx0x0000xx &
1(
1#
12
#9431886
b101100001101 7
0(
0#
02
#9433553
bx0xxxxxxxxxxxxxxxxxxxxxxxxxx0x0x0000xxxxx00000xxxxxx0x0000xx &
1(
1#
12
#9435220
b101100001110 7
0(
0#
02
#9436887
bx0xxxxxxxxxxxxxxxxxxxxxxxxx0x0x0000xxxxx00000xxxxxx0x0000xx &
1(
1#
12
#9438554
b101100001111 7
0(
0#
02
#9440221
bx0xxxxxxxxxxxxxxxxxxxxxxxx0x0x0000xxxxx00000xxxxxx0x0000xx &
1(
1#
12
#9441888
b101100010000 7
0(
0#
02
#9443555
bx0x0xx000xxxxx00000xxxxxx0x0000xx &
1(
1#
12
#9445222
b101100010001 7
0(
0#
02
#9446889
bx0x0x0000xxxxx00000xxxxxx0x0000xx &
1(
1#
12
#9448556
b101100010010 7
0(
0#
02
#9450223
1(
1#
12
#9451890
b101100010011 7
0(
0#
02
#9453557
bx0x0x0x00xxxxx00000xxxxxx0x0000xx &
1(
1#
12
#9455224
b101100010100 7
0(
0#
02
#9456891
bx0x0x0x00xxxxx00000xxxxxx0x0000xx &
1(
1#
12
#9458558
b101100010101 7
0(
0#
02
#9460225
1(
1#
12
#9461892
b101100010110 7
0(
0#
02
#9463559
bx0x0x00x0xxxxx00000xxxxxx000000xx &
1(
1#
12
#9465226
b101100010111 7
0(
0#
02
#9466893
bx0x0x0000xxxxx00000xxxxxx000000xx &
1(
1#
12
#9468560
b101100011000 7
0(
0#
02
#9470227
bx0x0x00x0xxxxx00000xxxxxx0x0000xx &
1(
1#
12
#9471894
b101100011001 7
0(
0#
02
#9473561
bx0x0x00x0xxxxx00000xxxxxx0xx000xx &
1(
1#
12
#9475228
b101100011010 7
0(
0#
02
#9476895
bx0x0x000xxxxxx00000xxxxxx0xx000xx &
1(
1#
12
#9478562
b101100011011 7
0(
0#
02
#9480229
bx0x0x0000xxxxx00000xxxxxx0x0000xx &
1(
1#
12
#9481896
b101100011100 7
0(
0#
02
#9483563
1(
1#
12
#9485230
b101100011101 7
0(
0#
02
#9486897
bx0x0x0000xxxxx00000xxxxxx0x0x00xx &
1(
1#
12
#9488564
b101100011110 7
0(
0#
02
#9490231
bx000x0000xxxxx00000xxxxxx0x0x00xx &
1(
1#
12
#9491898
b101100011111 7
0(
0#
02
#9493565
bx000x0000xxxxx00000xxxxxx000x00xx &
1(
1#
12
#9495232
b101100100000 7
0(
0#
02
#9496899
bx000000xxxxx00000xxxxxx000000xx &
1(
1#
12
#9498566
b101100100001 7
0(
0#
02
#9500233
bx0x000000xxxxx00000xxxxxx0x00x0xx &
1(
1#
12
#9501900
b101100100010 7
0(
0#
02
#9503567
bx0x0x0000xxxxx00000xxxxxx0xx000xx &
1(
1#
12
#9505234
b101100100011 7
0(
0#
02
#9506901
bx000x0000xxxxx00000xxxxxx0xx000xx &
1(
1#
12
#9508568
b101100100100 7
0(
0#
02
#9510235
bx0x0x0000xxxxx00000xxxxxx0x0000xx &
1(
1#
12
#9511902
b101100100101 7
0(
0#
02
#9513569
bx0xxxxxxx0x0x0000xxxxx00000xxxxxx0x000xxx &
1(
1#
12
#9515236
b101100100110 7
0(
0#
02
#9516903
bx00xxxxxx0x0x0000xxxxx00000xxxxxx0x0x00xx &
1(
1#
12
#9518570
b101100100111 7
0(
0#
02
#9520237
bx00xxxxx0x0x0000xxxxx00000xxxxxx0x0x0xxx &
1(
1#
12
#9521904
b101100101000 7
0(
0#
02
#9523571
bx00xxxx0x0x0000xxxxx00000xxxxxx0x0x00xx &
1(
1#
12
#9525238
b101100101001 7
0(
0#
02
#9526905
bx00xxx0x0x0000xxxxx00000xxxxxx0x00000x &
1(
1#
12
#9528572
b101100101010 7
0(
0#
02
#9530239
bx00xx0x000000xxxxx00000xxxxxx0x00x00x &
1(
1#
12
#9531906
b101100101011 7
0(
0#
02
#9533573
bx00x0x0x0000xxxxx00000xxxxxx0x00000x &
1(
1#
12
#9535240
b101100101100 7
0(
0#
02
#9536907
bx000x0x0000xxxxx00000xxxxxx0x0000xx &
1(
1#
12
#9538574
b101100101101 7
0(
0#
02
#9540241
bx0xxxxxxxxxxxxxx00x0x0000xxxxx00000xxxxxx0x0000xx &
1(
1#
12
#9541908
b101100101110 7
0(
0#
02
#9543575
bx00xxxxxxxxxxxxxx0x0x0000xxxxx00000xxxxxx0x000xx0 &
1(
1#
12
#9545242
b101100101111 7
0(
0#
02
#9546909
bx00xxxxxxxxxxxxx0x0xx000xxxxx00000xxxxxx0x0000x0 &
1(
1#
12
#9548576
b101100110000 7
0(
0#
02
#9550243
bx00xxxxxxxxxxxx0x0x0000xxxxx00000xxxxxx0x000xxx &
1(
1#
12
#9551910
b101100110001 7
0(
0#
02
#9553577
bx00xxxxxxxxxxx0x0x0000xxxxx00000xxxxxx000000xx &
1(
1#
12
#9555244
b101100110010 7
0(
0#
02
#9556911
bx00xxxxxxxxxx0x0x0000xxxxx00000xxxxxx0x00000x &
1(
1#
12
#9558578
b101100110011 7
0(
0#
02
#9560245
bx01xxxxxxxxx0x0x0000xxxxx00000xxxxxx0x00000x &
1(
1#
12
#9561912
b101100110100 7
0(
0#
02
#9563579
bx10xxxxxxxx0x0x0x00xxxxx00000xxxxxx0x00000x &
1(
1#
12
#9565246
b101100110101 7
0(
0#
02
#9566913
bx0xxxxxxxxxxxxxx0xxxxxxxx0x0x0000xxxxx00000xxxxxx0x0000xx &
1(
1#
12
#9568580
b101100110110 7
0(
0#
02
#9570247
z,
bx0zxxxxxxxxxxxxxxxxxxxxxx0x0x00x0xxxxx00000xxxxxx0x00000x &
1(
1#
12
#9571914
b101100110111 7
0(
0#
02
#9573581
bxz0xxxxxxxxxxxxxxxxxxxxx0x0x0000xxxxx00000xxxxxx0x0000x0 &
1(
1#
12
#9575248
b101100111000 7
0(
0#
02
#9576915
x,
bx00xxxxxxxxxxxxxxxxxxxx0x0x00x0xxxxx00000xxxxxx0x0000x0 &
1(
1#
12
#9578582
b101100111001 7
0(
0#
02
#9580249
bx00xxxxxxxxxxxxxxxxxxx0x0x0000xxxxx00000xxxxxx0x0000xx &
1(
1#
12
#9581916
b101100111010 7
0(
0#
02
#9583583
bx00xxxxxxxxxxxxxxxxxx0x0x000xxxxxx00000xxxxxx000000xx &
1(
1#
12
#9585250
b101100111011 7
0(
0#
02
#9586917
bx00xxxxxxxxxxxxxxxxx0x0x0000xxxxx00000xxxxxx0x0000xx &
1(
1#
12
#9588584
b101100111100 7
0(
0#
02
#9590251
bx00xxxxxxxxxxxxxxxx0x0x0000xxxxx00000xxxxxx0x0000xx &
1(
1#
12
#9591918
b101100111101 7
0(
0#
02
#9593585
b0xxxxxxxxxxxxxx0xxxxxxxxxxxxxxxx0x0x0000xxxxx00000xxxxxx0x0000xx &
1(
1#
12
#9595252
b101100111110 7
0(
0#
02
#9596919
b0xxxxxxxxxxxxxxxxxxxxxxxxxxxxxx000x0000xxxxx00000xxxxxx0x0000xx &
1(
1#
12
#9598586
b101100111111 7
0(
0#
02
#9600253
bx00xxxxxxxxxxxxxxxxxxxxxxxxxxxxx0x0x0000xxxxx00000xxxxxx0x00000x &
1(
1#
12
#9601920
b101101000000 7
0(
0#
02
#9603587
bx00xxxxxxxxxxxxxxxxxxxxxxxxxxxx0x000000xxxxx00000xxxxxx0x0000x0 &
1(
1#
12
#9605254
b101101000001 7
0(
0#
02
#9606921
bx00xxxxxxxxxxxxxxxxxxxxxxxxxxx0x0x0000xxxxx00000xxxxxx0x0000xx &
1(
1#
12
#9608588
b101101000010 7
0(
0#
02
#9610255
bx00xxxxxxxxxxxxxxxxxxxxxxxxxx0x0x0000xxxxx00000xxxxxx0x0000xx &
1(
1#
12
#9611922
b101101000011 7
0(
0#
02
#9613589
bx00xxxxxxxxxxxxxxxxxxxxxxxxx0x0x0000xxxxx00000xxxxxx0x0000xx &
1(
1#
12
#9615256
b101101000100 7
0(
0#
02
#9616923
bx00xxxxxxxxxxxxxxxxxxxxxxxx0x0x0000xxxxx00000xxxxxx0x0000xx &
1(
1#
12
#9618590
b101101000101 7
0(
0#
02
#9620257
bx0xxxxxxxxxxxxxxxx0xxxxxxx0x0x0000xxxxx00000xxxxxx0x0000xx &
1(
1#
12
#9621924
b101101000110 7
0(
0#
02
#9623591
bx0xxxxxx0x0x0000xxxxx00000xxxxxx0x0000xx &
1(
1#
12
#9625258
b101101000111 7
0(
0#
02
#9626925
bx0xxxxx0x0x0000xxxxx00000xxxxxx0x0000xx &
1(
1#
12
#9628592
b101101001000 7
0(
0#
02
#9630259
bx0xxxx0x0x0000xxxxx00000xxxxxx0x0000xx &
1(
1#
12
#9631926
b101101001001 7
0(
0#
02
#9633593
bx0xxx0x0x0000xxxxx00000xxxxxx0x0000xx &
1(
1#
12
#9635260
b101101001010 7
0(
0#
02
#9636927
bx0xx0x0x0000xxxxx00000xxxxxx0x0000xx &
1(
1#
12
#9638594
b101101001011 7
0(
0#
02
#9640261
bx0x0x0x0000xxxxx00000xxxxxx0x0000xx &
1(
1#
12
#9641928
b101101001100 7
0(
0#
02
#9643595
bx00x0x0000xxxxx00000xxxxxx0x0000xx &
1(
1#
12
#9645262
b101101001101 7
0(
0#
02
#9646929
bx0xxxxxxxxxxxxxxx0x0x0000xxxxx00000xxxxxx0x0000xx &
1(
1#
12
#9648596
b101101001110 7
0(
0#
02
#9650263
bx0xxxxxxxxxxxxxx0x0x0000xxxxx00000xxxxxx0x0000xx &
1(
1#
12
#9651930
b101101001111 7
0(
0#
02
#9653597
bx0xxxxxxxxxxxxx0x0x0000xxxxx00000xxxxxx0x0000xx &
1(
1#
12
#9655264
b101101010000 7
0(
0#
02
#9656931
bx0xxxxxxxxxxxx0x0x0000xxxxx00000xxxxxx0x0000xx &
1(
1#
12
#9658598
b101101010001 7
0(
0#
02
#9660265
bx0xxxxxxxxxxx0x0x0000xxxxx00000xxxxxx0x0000xx &
1(
1#
12
#9661932
b101101010010 7
0(
0#
02
#9663599
bx0xxxxxxxxxx0x0x0000xxxxx00000xxxxxx0x0000xx &
1(
1#
12
#9665266
b101101010011 7
0(
0#
02
#9666933
bx1xxxxxxxxx0x0x0000xxxxx00000xxxxxx0x0000xx &
1(
1#
12
#9668600
b101101010100 7
0(
0#
02
#9670267
bx0xxxxxxxx0x0x0000xxxxx00000xxxxxx0x0000xx &
1(
1#
12
#9671934
b101101010101 7
0(
0#
02
#9673601
bx0xxxxxxxxxxxxxxxxxxxxxxx0x0x0000xxxxx00000xxxxxx0x0000xx &
1(
1#
12
#9675268
b101101010110 7
0(
0#
02
#9676935
z,
bxzxxxxxxxxxxxxxxxxxxxxxx0x0x0000xxxxx00000xxxxxx0x0000xx &
1(
1#
12
#9678602
b101101010111 7
0(
0#
02
#9680269
x,
bx0xxxxxxxxxxxxxxxxxxxxx0x0x0000xxxxx00000xxxxxx0x0000xx &
1(
1#
12
#9681936
b101101011000 7
0(
0#
02
#9683603
bx0xxxxxxxxxxxxxxxxxxxx0x0x0000xxxxx00000xxxxxx0x0000xx &
1(
1#
12
#9685270
b101101011001 7
0(
0#
02
#9686937
bx0xxxxxxxxxxxxxxxxxxx0x0x0000xxxxx00000xxxxxx0x0000xx &
1(
1#
12
#9688604
b101101011010 7
0(
0#
02
#9690271
bx0xxxxxxxxxxxxxxxxxx0x0x0000xxxxx00000xxxxxx0x0000xx &
1(
1#
12
#9691938
b101101011011 7
0(
0#
02
#9693605
bx0xxxxxxxxxxxxxxxxx0x0x0000xxxxx00000xxxxxx0x0000xx &
1(
1#
12
#9695272
b101101011100 7
0(
0#
02
#9696939
bx0xxxxxxxxxxxxxxxx0x0x0000xxxxx00000xxxxxx0x0000xx &
1(
1#
12
#9698606
b101101011101 7
0(
0#
02
#9700273
b0xxxxxxxxxxxxxxxxxxxxxxxxxxxxxxx0x0x0000xxxxx00000xxxxxx0x0000xx &
1(
1#
12
#9701940
b101101011110 7
0(
0#
02
#9703607
bx0xxxxxxxxxxxxxxxxxxxxxxxxxxxxxx0x0x0000xxxxx00000xxxxxx0x0000xx &
1(
1#
12
#9705274
b101101011111 7
0(
0#
02
#9706941
bx0xxxxxxxxxxxxxxxxxxxxxxxxxxxxx0x0x0000xxxxx00000xxxxxx0x0000xx &
1(
1#
12
#9708608
b101101100000 7
0(
0#
02
#9710275
bx0xxxxxxxxxxxxxxxxxxxxxxxxxxxx0x0x0000xxxxx00000xxxxxx0x0000xx &
1(
1#
12
#9711942
b101101100001 7
0(
0#
02
#9713609
bx0xxxxxxxxxxxxxxxxxxxxxxxxxxx0x0x0000xxxxx00000xxxxxx0x0000xx &
1(
1#
12
#9715276
b101101100010 7
0(
0#
02
#9716943
bx0xxxxxxxxxxxxxxxxxxxxxxxxxx0x0x0000xxxxx00000xxxxxx0x0000xx &
1(
1#
12
#9718610
b101101100011 7
0(
0#
02
#9720277
bx0xxxxxxxxxxxxxxxxxxxxxxxxx0x0x0000xxxxx00000xxxxxx0x0000xx &
1(
1#
12
#9721944
b101101100100 7
0(
0#
02
#9723611
bx0xxxxxxxxxxxxxxxxxxxxxxxx0x0x0000xxxxx00000xxxxxx0x0000xx &
1(
1#
12
#9725278
b101101100101 7
0(
0#
02
#9726945
bx0x0x0000xxxxx00000xxxxxx0x0000xx &
1(
1#
12
#9728612
b101101100110 7
0(
0#
02
#9730279
1(
1#
12
#9731946
b101101100111 7
0(
0#
02
#9733613
1(
1#
12
#9735280
b101101101000 7
0(
0#
02
#9736947
1(
1#
12
#9738614
b101101101001 7
0(
0#
02
#9740281
1(
1#
12
#9741948
b101101101010 7
0(
0#
02
#9743615
1(
1#
12
#9745282
b101101101011 7
0(
0#
02
#9746949
1(
1#
12
#9748616
b101101101100 7
0(
0#
02
#9750283
1(
1#
12
#9751950
b101101101101 7
0(
0#
02
#9753617
1(
1#
12
#9755284
b101101101110 7
0(
0#
02
#9756951
1(
1#
12
#9758618
b101101101111 7
0(
0#
02
#9760285
1(
1#
12
#9761952
b101101110000 7
0(
0#
02
#9763619
1(
1#
12
#9765286
b101101110001 7
0(
0#
02
#9766953
1(
1#
12
#9768620
b101101110010 7
0(
0#
02
#9770287
1(
1#
12
#9771954
b101101110011 7
0(
0#
02
#9773621
1(
1#
12
#9775288
b101101110100 7
0(
0#
02
#9776955
1(
1#
12
#9778622
b101101110101 7
0(
0#
02
#9780289
1(
1#
12
#9781956
b101101110110 7
0(
0#
02
#9783623
1(
1#
12
#9785290
b101101110111 7
0(
0#
02
#9786957
1(
1#
12
#9788624
b101101111000 7
0(
0#
02
#9790291
1(
1#
12
#9791958
b101101111001 7
0(
0#
02
#9793625
1(
1#
12
#9795292
b101101111010 7
0(
0#
02
#9796959
1(
1#
12
#9798626
b101101111011 7
0(
0#
02
#9800293
1(
1#
12
#9801960
b101101111100 7
0(
0#
02
#9803627
1(
1#
12
#9805294
b101101111101 7
0(
0#
02
#9806961
1(
1#
12
#9808628
b101101111110 7
0(
0#
02
#9810295
1(
1#
12
#9811962
b101101111111 7
0(
0#
02
#9813629
1(
1#
12
#9815296
b101110000000 7
0(
0#
02
#9816963
1(
1#
12
#9818630
b101110000001 7
0(
0#
02
#9820297
1(
1#
12
#9821964
b101110000010 7
0(
0#
02
#9823631
1(
1#
12
#9825298
b101110000011 7
0(
0#
02
#9826965
1(
1#
12
#9828632
b101110000100 7
0(
0#
02
#9830299
1(
1#
12
#9831966
b101110000101 7
0(
0#
02
#9833633
1(
1#
12
#9835300
b101110000110 7
0(
0#
02
#9836967
1(
1#
12
#9838634
b101110000111 7
0(
0#
02
#9840301
1(
1#
12
#9841968
b101110001000 7
0(
0#
02
#9843635
1(
1#
12
#9845302
b101110001001 7
0(
0#
02
#9846969
1(
1#
12
#9848636
b101110001010 7
0(
0#
02
#9850303
1(
1#
12
#9851970
b101110001011 7
0(
0#
02
#9853637
bx0x0x0000xxxxx00000xxxxxx0x0000xx &
1(
1#
12
#9855304
b101110001100 7
0(
0#
02
#9856971
1(
1#
12
#9858638
b101110001101 7
0(
0#
02
#9860305
1(
1#
12
#9861972
b101110001110 7
0(
0#
02
#9863639
bx0x0x0000xxxxx00000xxxxxx000000xx &
1(
1#
12
#9865306
b101110001111 7
0(
0#
02
#9866973
1(
1#
12
#9868640
b101110010000 7
0(
0#
02
#9870307
bx0x0x0000xxxxx00000xxxxxx0x0000xx &
1(
1#
12
#9871974
b101110010001 7
0(
0#
02
#9873641
bx0x0x0000xxxxx00000xxxxxx0xx000xx &
1(
1#
12
#9875308
b101110010010 7
0(
0#
02
#9876975
1(
1#
12
#9878642
b101110010011 7
0(
0#
02
#9880309
bx0x0x0000xxxxx00000xxxxxx0x0000xx &
1(
1#
12
#9881976
b101110010100 7
0(
0#
02
#9883643
1(
1#
12
#9885310
b101110010101 7
0(
0#
02
#9886977
1(
1#
12
#9888644
b101110010110 7
0(
0#
02
#9890311
bx0x0x0000xxxxx00000xxxxxx0x0x00xx &
1(
1#
12
#9891978
b101110010111 7
0(
0#
02
#9893645
bx0x0x0000xxxxx00000xxxxxx0x0x00xx &
1(
1#
12
#9895312
b101110011000 7
0(
0#
02
#9896979
bx0x0x0000xxxxx00000xxxxxx0x0000xx &
1(
1#
12
#9898646
b101110011001 7
0(
0#
02
#9900313
bx0x0x0000xxxxx00000xxxxxx0x00x0xx &
1(
1#
12
#9901980
b101110011010 7
0(
0#
02
#9903647
bx0x0x0000xxxxx00000xxxxxx0x0000xx &
1(
1#
12
#9905314
b101110011011 7
0(
0#
02
#9906981
bx0x0x0000xxxxx00000xxxxxx0x0000xx &
1(
1#
12
#9908648
b101110011100 7
0(
0#
02
#9910315
1(
1#
12
#9911982
b101110011101 7
0(
0#
02
#9913649
bx0x0x0000xxxxx00000xxxxxx0x000xxx &
1(
1#
12
#9915316
b101110011110 7
0(
0#
02
#9916983
bx0x0x0000xxxxx00000xxxxxx0x0000xx &
1(
1#
12
#9918650
b101110011111 7
0(
0#
02
#9920317
bx0x0x0000xxxxx00000xxxxxx0x000xxx &
1(
1#
12
#9921984
b101110100000 7
0(
0#
02
#9923651
bx0x0x0000xxxxx00000xxxxxx0x0000xx &
1(
1#
12
#9925318
b101110100001 7
0(
0#
02
#9926985
bx0x0x0000xxxxx00000xxxxxx0x00000x &
1(
1#
12
#9928652
b101110100010 7
0(
0#
02
#9930319
1(
1#
12
#9931986
b101110100011 7
0(
0#
02
#9933653
bx0x0x0000xxxxx00000xxxxxx0x00000x &
1(
1#
12
#9935320
b101110100100 7
0(
0#
02
#9936987
bx0x0x0000xxxxx00000xxxxxx0x0000xx &
1(
1#
12
#9938654
b101110100101 7
0(
0#
02
#9940321
1(
1#
12
#9941988
b101110100110 7
0(
0#
02
#9943655
bx0x0x0000xxxxx00000xxxxxx0x0000x0 &
1(
1#
12
#9945322
b101110100111 7
0(
0#
02
#9946989
bx0x0x0000xxxxx000x0xxxxxx0x0000x0 &
1(
1#
12
#9948656
b101110101000 7
0(
0#
02
#9950323
bx0x0x0000xxxxx00000xxxxxx0x0000xx &
1(
1#
12
#9951990
b101110101001 7
0(
0#
02
#9953657
bx0x0x0000xxxxx00000xxxxxx000000xx &
1(
1#
12
#9955324
b101110101010 7
0(
0#
02
#9956991
bx0x0x0000xxxxx00000xxxxxx0x0000xx &
1(
1#
12
#9958658
b101110101011 7
0(
0#
02
#9960325
1(
1#
12
#9961992
b101110101100 7
0(
0#
02
#9963659
bx0x0x0000xxxxx0000xxxxxxx0x0000xx &
1(
1#
12
#9965326
b101110101101 7
0(
0#
02
#9966993
bx0x0x0000xxxxx00000xxxxxx0x0000xx &
1(
1#
12
#9968660
b101110101110 7
0(
0#
02
#9970327
bx0x0x0000xxxxx00000xxxxxx0x00000x &
1(
1#
12
#9971994
b101110101111 7
0(
0#
02
#9973661
bx0x0x0000xxxxx00000xxxxxx0x0000x0 &
1(
1#
12
#9975328
b101110110000 7
0(
0#
02
#9976995
bx0x0x0000xxxxx000x0xxxxxx0x0000xx &
1(
1#
12
#9978662
b101110110001 7
0(
0#
02
#9980329
bx0x0x0000xxxxx00000xxxxxx0x0000xx &
1(
1#
12
#9981996
b101110110010 7
0(
0#
02
#9983663
1(
1#
12
#9985330
b101110110011 7
0(
0#
02
#9986997
bx0x0x0000xxxxx00000xxxxxx0x0000xx &
1(
1#
12
#9988664
b101110110100 7
0(
0#
02
#9990331
bx0x0x0000xxxxx00000x0xxxx0x0000xx &
1(
1#
12
#9991998
b101110110101 7
0(
0#
02
#9993665
bx0x0x0000xxxxx0000xx0xxxx0x0000xx &
1(
1#
12
#9995332
b101110110110 7
0(
0#
02
#9996999
bx0x0x0000xxxxx00000xxxxxx0x0000xx &
1(
1#
12
#9998666
b101110110111 7
0(
0#
02
#10000333
1(
1#
12
#10002000
b101110111000 7
0(
0#
02
#10003667
bx0x0x0000xxxxx00000xx0xxx0x0000xx &
1(
1#
12
#10005334
b101110111001 7
0(
0#
02
#10007001
bx0x0x0000xxxxx00000xxxxxx0x0000xx &
1(
1#
12
#10008668
b101110111010 7
0(
0#
02
#10010335
1(
1#
12
#10012002
b101110111011 7
0(
0#
02
#10013669
1(
1#
12
#10015336
b101110111100 7
0(
0#
02
#10017003
bx0x0x0000xxxxx00000xxx0xx0x0000xx &
1(
1#
12
#10018670
b101110111101 7
0(
0#
02
#10020337
bx0x0x0000xxxxx00000x0x0xx0x0000xx &
1(
1#
12
#10022004
b101110111110 7
0(
0#
02
#10023671
bx0x0x0000xxxxx00000x0xxxx0x0000xx &
1(
1#
12
#10025338
b101110111111 7
0(
0#
02
#10027005
bx0x0x0000xxxxx00000xxxxxxxx0000xx &
1(
1#
12
#10028672
b101111000000 7
0(
0#
02
#10030339
bx0x0x0000xxxxx00000xxxx0xxx0000xx &
1(
1#
12
#10032006
b101111000001 7
0(
0#
02
#10033673
bx0x0x0000xxxxx00000xx0x0x0x0000xx &
1(
1#
12
#10035340
b101111000010 7
0(
0#
02
#10037007
bx0x0x0000xxxxx00000xxxxxx0x0000xx &
1(
1#
12
#10038674
b101111000011 7
0(
0#
02
#10040341
bx0x0x0000xxxxx00000xxxxx0000000xx &
1(
1#
12
#10042008
b101111000100 7
0(
0#
02
#10043675
bx0x0x0000xxxxx00000xxxxxx000000xx &
1(
1#
12
#10045342
b101111000101 7
0(
0#
02
#10047009
bx0x0x0000xxxxx00000xxx0x0000000xx &
1(
1#
12
#10048676
b101111000110 7
0(
0#
02
#10050343
bx0x0x0000xxxxx00000xxx0xx0xx000xx &
1(
1#
12
#10052010
b101111000111 7
0(
0#
02
#10053677
bx0x0x0000xxxxx00000xxxxxx0x0000xx &
1(
1#
12
#10055344
b101111001000 7
0(
0#
02
#10057011
bx0x0x0000xxxxx000000xxxxx0x0000xx &
1(
1#
12
#10058678
b101111001001 7
0(
0#
02
#10060345
bx0x0x0000xxxxx00000x0xx0x0x0000xx &
1(
1#
12
#10062012
b101111001010 7
0(
0#
02
#10063679
bx0x0x0000xxxxx00000xx0x0x0x0x00xx &
1(
1#
12
#10065346
b101111001011 7
0(
0#
02
#10067013
bx0x0x0000xxxxx00000xxx0xx0x0x00xx &
1(
1#
12
#10068680
b101111001100 7
0(
0#
02
#10070347
bx0x0x0000xxxxx00000xxxx000x0000xx &
1(
1#
12
#10072014
b101111001101 7
0(
0#
02
#10073681
bx0x0x0000xxxxx00000xxxxx00x0x00xx &
1(
1#
12
#10075348
b101111001110 7
0(
0#
02
#10077015
bx0x0x0000xxxxx00000xxxxx00x00x0xx &
1(
1#
12
#10078682
b101111001111 7
0(
0#
02
#10080349
bx0x0x0000xxxxx00000xxxxxx0x0000xx &
1(
1#
12
#10082016
b101111010000 7
0(
0#
02
#10083683
bx0x0x0000xxxxx00000xxxxxx0x00x0xx &
1(
1#
12
#10085350
b101111010001 7
0(
0#
02
#10087017
bx0x0x0000xxxxx000000xxxxx0x0000xx &
1(
1#
12
#10088684
b101111010010 7
0(
0#
02
#10090351
bx0x0x0000xxxxx00000x0xxxx0x000xxx &
1(
1#
12
#10092018
b101111010011 7
0(
0#
02
#10093685
bx0x0x0000xxxxx00000xx0xxx0x000xxx &
1(
1#
12
#10095352
b101111010100 7
0(
0#
02
#10097019
bx0x0x0000xxxxx00000xxx0xx0x0000xx &
1(
1#
12
#10098686
b101111010101 7
0(
0#
02
#10100353
bx0x0x0000xxxxx00000xxxx0x0x000xxx &
1(
1#
12
#10102020
b101111010110 7
0(
0#
02
#10103687
bx0x0x0000xxxxx00000xxxxx00x00000x &
1(
1#
12
#10105354
b101111010111 7
0(
0#
02
#10107021
bx0x0x0000xxxxx00000xxxxxx0x0000xx &
1(
1#
12
#10108688
b101111011000 7
0(
0#
02
#10110355
1(
1#
12
#10112022
b101111011001 7
0(
0#
02
#10113689
bx0x0x0000xxxxx00000xxxxxx0x00000x &
1(
1#
12
#10115356
b101111011010 7
0(
0#
02
#10117023
bx0x0x0000xxxxx00000xxxxxx0x0000xx &
1(
1#
12
#10118690
b101111011011 7
0(
0#
02
#10120357
1(
1#
12
#10122024
b101111011100 7
0(
0#
02
#10123691
bx0x0x0000xxxxx00000xxxxxx0x0000x0 &
1(
1#
12
#10125358
b101111011101 7
0(
0#
02
#10127025
1(
1#
12
#10128692
b101111011110 7
0(
0#
02
#10130359
bx0x0x0000xxxxx00000xxxxxx000000xx &
1(
1#
12
#10132026
b101111011111 7
0(
0#
02
#10133693
bx0x0x0000xxxxx00000xxxxxx000000xx &
1(
1#
12
#10135360
b101111100000 7
0(
0#
02
#10137027
bx0x0x0000xxxxx00000xxxxxx0x0000xx &
1(
1#
12
#10138694
b101111100001 7
0(
0#
02
#10140361
1(
1#
12
#10142028
b101111100010 7
0(
0#
02
#10143695
1(
1#
12
#10145362
b101111100011 7
0(
0#
02
#10147029
bx0x0x0000xxxxx00000xxxxxx0000000x &
1(
1#
12
#10148696
b101111100100 7
0(
0#
02
#10150363
bx0x0x0000xxxxx00000xxxxxx00000000 &
1(
1#
12
#10152030
b101111100101 7
0(
0#
02
#10153697
bx0x0x0000xxxxx00000xxxxxx0x0000x0 &
1(
1#
12
#10155364
b101111100110 7
0(
0#
02
#10157031
bx0x0x0000xxxxx00000xxxxxx0xx000xx &
1(
1#
12
#10158698
b101111100111 7
0(
0#
02
#10160365
bx0x0x0000xxxxx00000xxxxxx0xx000xx &
1(
1#
12
#10162032
b101111101000 7
0(
0#
02
#10163699
bx0x0x0000xxxxx00000xxxxxx0x0000xx &
1(
1#
12
#10165366
b101111101001 7
0(
0#
02
#10167033
1(
1#
12
#10168700
b101111101010 7
0(
0#
02
#10170367
bx0x0x0000xxxxx00000xxxxxx0x0x00xx &
1(
1#
12
#10172034
b101111101011 7
0(
0#
02
#10173701
1(
1#
12
#10175368
b101111101100 7
0(
0#
02
#10177035
1(
1#
12
#10178702
b101111101101 7
0(
0#
02
#10180369
bx0x0x0000xxxxx00000xxxxxx0x0000xx &
1(
1#
12
#10182036
b101111101110 7
0(
0#
02
#10183703
bx0x0x0000xxxxx00000xxxxxx0x00x0xx &
1(
1#
12
#10185370
b101111101111 7
0(
0#
02
#10187037
bx0x0x0000xxxxx00000xxxxxx0x0000xx &
1(
1#
12
#10188704
b101111110000 7
0(
0#
02
#10190371
bx0x0x0000xxxxx00000xxxxxx0x00x0xx &
1(
1#
12
#10192038
b101111110001 7
0(
0#
02
#10193705
bx0x0x0000xxxxx00000xxxxxx0x0000xx &
1(
1#
12
#10195372
b101111110010 7
0(
0#
02
#10197039
bx0x0x0000xxxxx00000xxxxxx0x000xxx &
1(
1#
12
#10198706
b101111110011 7
0(
0#
02
#10200373
bx0x0x0000xxxxx00000xxxxxx0x0000xx &
1(
1#
12
#10202040
b101111110100 7
0(
0#
02
#10203707
bx0x0x0000xxxxx00000xxxxxx0x000xxx &
1(
1#
12
#10205374
b101111110101 7
0(
0#
02
#10207041
bx0x0x0000xxxxx00000xxxxxx0x0000xx &
1(
1#
12
#10208708
b101111110110 7
0(
0#
02
#10210375
bx0x0x0000xxxxx00000xxxxxx0x00000x &
1(
1#
12
#10212042
b101111110111 7
0(
0#
02
#10213709
bx0x0x0000xxxxx00000xxxxxx0x00000x &
1(
1#
12
#10215376
b101111111000 7
0(
0#
02
#10217043
1(
1#
12
#10218710
b101111111001 7
0(
0#
02
#10220377
bx0x0x0000xxxxx00000xxxxxx0x0000xx &
1(
1#
12
#10222044
b101111111010 7
0(
0#
02
#10223711
1(
1#
12
#10225378
b101111111011 7
0(
0#
02
#10227045
bx0x0x0000xxxxx00000xxxxxx0x0000x0 &
1(
1#
12
#10228712
b101111111100 7
0(
0#
02
#10230379
1(
1#
12
#10232046
b101111111101 7
0(
0#
02
#10233713
bx0x0x0000xxxxx00000xxxxxx0x0000xx &
1(
1#
12
#10235380
b101111111110 7
0(
0#
02
#10237047
bx0x0x0000xxxxx00000xxxxxx000000xx &
1(
1#
12
#10238714
b101111111111 7
0(
0#
02
#10240381
bx0x0x0000xxxxx00000xxxxxx0x0000xx &
1(
1#
12
#10242048
b110000000000 7
0(
0#
02
#10243715
1(
1#
12
#10245382
b110000000001 7
0(
0#
02
#10247049
1(
1#
12
#10248716
b110000000010 7
0(
0#
02
#10250383
1(
1#
12
#10252050
b110000000011 7
0(
0#
02
#10253717
bx0x0x0000xxxxx00000xxxxxx0x00000x &
1(
1#
12
#10255384
b110000000100 7
0(
0#
02
#10257051
bx0x0x0000xxxxx00000xxxxxx0x0000x0 &
1(
1#
12
#10258718
b110000000101 7
0(
0#
02
#10260385
bx0x0x0000xxxxx00000xxxxxx0x0000xx &
1(
1#
12
#10262052
b110000000110 7
0(
0#
02
#10263719
1(
1#
12
#10265386
b110000000111 7
0(
0#
02
#10267053
1(
1#
12
#10268720
b110000001000 7
0(
0#
02
#10270387
1(
1#
12
#10272054
b110000001001 7
0(
0#
02
#10273721
1(
1#
12
#10275388
b110000001010 7
0(
0#
02
#10277055
1(
1#
12
#10278722
b110000001011 7
0(
0#
02
#10280389
1(
1#
12
#10282056
b110000001100 7
0(
0#
02
#10283723
1(
1#
12
#10285390
b110000001101 7
0(
0#
02
#10287057
1(
1#
12
#10288724
b110000001110 7
0(
0#
02
#10290391
1(
1#
12
#10292058
b110000001111 7
0(
0#
02
#10293725
1(
1#
12
#10295392
b110000010000 7
0(
0#
02
#10297059
1(
1#
12
#10298726
b110000010001 7
0(
0#
02
#10300393
1(
1#
12
#10302060
b110000010010 7
0(
0#
02
#10303727
1(
1#
12
#10305394
b110000010011 7
0(
0#
02
#10307061
1(
1#
12
#10308728
b110000010100 7
0(
0#
02
#10310395
1(
1#
12
#10312062
b110000010101 7
0(
0#
02
#10313729
1(
1#
12
#10315396
b110000010110 7
0(
0#
02
#10317063
1(
1#
12
#10318730
b110000010111 7
0(
0#
02
#10320397
1(
1#
12
#10322064
b110000011000 7
0(
0#
02
#10323731
1(
1#
12
#10325398
b110000011001 7
0(
0#
02
#10327065
1(
1#
12
#10328732
b110000011010 7
0(
0#
02
#10330399
1(
1#
12
#10332066
b110000011011 7
0(
0#
02
#10333733
1(
1#
12
#10335400
b110000011100 7
0(
0#
02
#10337067
1(
1#
12
#10338734
b110000011101 7
0(
0#
02
#10340401
1(
1#
12
#10342068
b110000011110 7
0(
0#
02
#10343735
1(
1#
12
#10345402
b110000011111 7
0(
0#
02
#10347069
bx0x0x0000xxxxx000x0xxxxxx0x0000xx &
1(
1#
12
#10348736
b110000100000 7
0(
0#
02
#10350403
bx0x0x0000xxxxx00000xxxxxx0x0000xx &
1(
1#
12
#10352070
b110000100001 7
0(
0#
02
#10353737
1(
1#
12
#10355404
b110000100010 7
0(
0#
02
#10357071
1(
1#
12
#10358738
b110000100011 7
0(
0#
02
#10360405
1(
1#
12
#10362072
b110000100100 7
0(
0#
02
#10363739
bx0x0x0000xxxxx0000xxxxxxx0x0000xx &
1(
1#
12
#10365406
b110000100101 7
0(
0#
02
#10367073
bx0x0x0000xxxxx00000xxxxxx0x0000xx &
1(
1#
12
#10368740
b110000100110 7
0(
0#
02
#10370407
1(
1#
12
#10372074
b110000100111 7
0(
0#
02
#10373741
1(
1#
12
#10375408
b110000101000 7
0(
0#
02
#10377075
1(
1#
12
#10378742
b110000101001 7
0(
0#
02
#10380409
bx0x0x0000xxxxx00000xxxxxx0x0000xx &
1(
1#
12
#10382076
b110000101010 7
0(
0#
02
#10383743
1(
1#
12
#10385410
b110000101011 7
0(
0#
02
#10387077
1(
1#
12
#10388744
b110000101100 7
0(
0#
02
#10390411
bx0x0x0000xxxxx00000x0xxxx0x0000xx &
1(
1#
12
#10392078
b110000101101 7
0(
0#
02
#10393745
1(
1#
12
#10395412
b110000101110 7
0(
0#
02
#10397079
bx0x0x0000xxxxx00000xxxxxx0x0000xx &
1(
1#
12
#10398746
b110000101111 7
0(
0#
02
#10400413
1(
1#
12
#10402080
b110000110000 7
0(
0#
02
#10403747
bx0x0x0000xxxxx00000xx0xxx0x0000xx &
1(
1#
12
#10405414
b110000110001 7
0(
0#
02
#10407081
bx0x0x0000xxxxx00000xxxxxx0x0000xx &
1(
1#
12
#10408748
b110000110010 7
0(
0#
02
#10410415
1(
1#
12
#10412082
b110000110011 7
0(
0#
02
#10413749
1(
1#
12
#10415416
b110000110100 7
0(
0#
02
#10417083
bx0x0x0000xxxxx00000xxx0xx0x0000xx &
1(
1#
12
#10418750
b110000110101 7
0(
0#
02
#10420417
bx0x0x0000xxxxx00000xxx0xx0x0000xx &
1(
1#
12
#10422084
b110000110110 7
0(
0#
02
#10423751
bx0x0x0000xxxxx00000xxxxxx0x0000xx &
1(
1#
12
#10425418
b110000110111 7
0(
0#
02
#10427085
1(
1#
12
#10428752
b110000111000 7
0(
0#
02
#10430419
bx0x0x0000xxxxx00000xxxx0x0x0000xx &
1(
1#
12
#10432086
b110000111001 7
0(
0#
02
#10433753
1(
1#
12
#10435420
b110000111010 7
0(
0#
02
#10437087
bx0x0x0000xxxxx00000xxxxxx0x0000xx &
1(
1#
12
#10438754
b110000111011 7
0(
0#
02
#10440421
bx0x0x0000xxxxx00000xxxxx00x0000xx &
1(
1#
12
#10442088
b110000111100 7
0(
0#
02
#10443755
bx0x0x0000xxxxx00000xxxxxx0x0000xx &
1(
1#
12
#10445422
b110000111101 7
0(
0#
02
#10447089
bx0x0x0000xxxxx00000xxxxx00x0000xx &
1(
1#
12
#10448756
b110000111110 7
0(
0#
02
#10450423
bx0x0x0000xxxxx00000xxxxxx0x0000xx &
1(
1#
12
#10452090
b110000111111 7
0(
0#
02
#10453757
1(
1#
12
#10455424
b110001000000 7
0(
0#
02
#10457091
bx0x0x0000xxxxx000000xxxxx0x0000xx &
1(
1#
12
#10458758
b110001000001 7
0(
0#
02
#10460425
bx0x0x0000xxxxx00000x0xxxx0x0000xx &
1(
1#
12
#10462092
b110001000010 7
0(
0#
02
#10463759
bx0x0x0000xxxxx00000xx0xxx0x0000xx &
1(
1#
12
#10465426
b110001000011 7
0(
0#
02
#10467093
bx0x0x0000xxxxx00000xxx0xx0x0000xx &
1(
1#
12
#10468760
b110001000100 7
0(
0#
02
#10470427
bx0x0x0000xxxxx00000xxxx0x0x0000xx &
1(
1#
12
#10472094
b110001000101 7
0(
0#
02
#10473761
bx0x0x0000xxxxx00000xxxxx00x0000xx &
1(
1#
12
#10475428
b110001000110 7
0(
0#
02
#10477095
bx0x0x0000xxxxx00000xxxxxx0x0000xx &
1(
1#
12
#10478762
b110001000111 7
0(
0#
02
#10480429
1(
1#
12
#10482096
b110001001000 7
0(
0#
02
#10483763
1(
1#
12
#10485430
b110001001001 7
0(
0#
02
#10487097
1(
1#
12
#10488764
b110001001010 7
0(
0#
02
#10490431
1(
1#
12
#10492098
b110001001011 7
0(
0#
02
#10493765
1(
1#
12
#10495432
b110001001100 7
0(
0#
02
#10497099
1(
1#
12
#10498766
b110001001101 7
0(
0#
02
#10500433
1(
1#
12
#10502100
b110001001110 7
0(
0#
02
#10503767
1(
1#
12
#10505434
b110001001111 7
0(
0#
02
#10507101
1(
1#
12
#10508768
b110001010000 7
0(
0#
02
#10510435
1(
1#
12
#10512102
b110001010001 7
0(
0#
02
#10513769
1(
1#
12
#10515436
b110001010010 7
0(
0#
02
#10517103
1(
1#
12
#10518770
b110001010011 7
0(
0#
02
#10520437
1(
1#
12
#10522104
b110001010100 7
0(
0#
02
#10523771
bx0x0x0000xxxxx000x0xxxxxx0x0000xx &
1(
1#
12
#10525438
b110001010101 7
0(
0#
02
#10527105
1(
1#
12
#10528772
b110001010110 7
0(
0#
02
#10530439
bx0x0x0000xxxxx00000xxxxxx0x0000xx &
1(
1#
12
#10532106
b110001010111 7
0(
0#
02
#10533773
1(
1#
12
#10535440
b110001011000 7
0(
0#
02
#10537107
1(
1#
12
#10538774
b110001011001 7
0(
0#
02
#10540441
bx0x0x0000xxxxx0000xxxxxxx0x0000xx &
1(
1#
12
#10542108
b110001011010 7
0(
0#
02
#10543775
bx0x0x0000xxxxx00000xxxxxx0x0000xx &
1(
1#
12
#10545442
b110001011011 7
0(
0#
02
#10547109
1(
1#
12
#10548776
b110001011100 7
0(
0#
02
#10550443
1(
1#
12
#10552110
b110001011101 7
0(
0#
02
#10553777
1(
1#
12
#10555444
b110001011110 7
0(
0#
02
#10557111
bx0x0x0000xxxxx000000xxxxx0x0000xx &
1(
1#
12
#10558778
b110001011111 7
0(
0#
02
#10560445
bx0x0x0000xxxxx00000xxxxxx0x0000xx &
1(
1#
12
#10562112
b110001100000 7
0(
0#
02
#10563779
1(
1#
12
#10565446
b110001100001 7
0(
0#
02
#10567113
bx0x0x0000xxxxx00000x0xxxx0x0000xx &
1(
1#
12
#10568780
b110001100010 7
0(
0#
02
#10570447
bx0x0x0000xxxxx00000x0xxxx0x0000xx &
1(
1#
12
#10572114
b110001100011 7
0(
0#
02
#10573781
1(
1#
12
#10575448
b110001100100 7
0(
0#
02
#10577115
bx0x0x0000xxxxx00000xxxxxx0x0000xx &
1(
1#
12
#10578782
b110001100101 7
0(
0#
02
#10580449
1(
1#
12
#10582116
b110001100110 7
0(
0#
02
#10583783
bx0x0x0000xxxxx00000xx0xxx0x0000xx &
1(
1#
12
#10585450
b110001100111 7
0(
0#
02
#10587117
bx0x0x0000xxxxx00000xxxxxx0x0000xx &
1(
1#
12
#10588784
b110001101000 7
0(
0#
02
#10590451
1(
1#
12
#10592118
b110001101001 7
0(
0#
02
#10593785
bx0x0x0000xxxxx00000xxx0xx0x0000xx &
1(
1#
12
#10595452
b110001101010 7
0(
0#
02
#10597119
bx0x0x0000xxxxx00000xxxxxx0x0000xx &
1(
1#
12
#10598786
b110001101011 7
0(
0#
02
#10600453
bx0x0x0000xxxxx00000xxx0xx0x0000xx &
1(
1#
12
#10602120
b110001101100 7
0(
0#
02
#10603787
bx0x0x0000xxxxx00000xxxxxx0x0000xx &
1(
1#
12
#10605454
b110001101101 7
0(
0#
02
#10607121
1(
1#
12
#10608788
b110001101110 7
0(
0#
02
#10610455
bx0x0x0000xxxxx00000xxxx0x0x0000xx &
1(
1#
12
#10612122
b110001101111 7
0(
0#
02
#10613789
1(
1#
12
#10615456
b110001110000 7
0(
0#
02
#10617123
bx0x0x0000xxxxx00000xxxxx00x0000xx &
1(
1#
12
#10618790
b110001110001 7
0(
0#
02
#10620457
bx0x0x0000xxxxx00000xxxxxx0x0000xx &
1(
1#
12
#10622124
b110001110010 7
0(
0#
02
#10623791
bx0x0x0000xxxxx00000xxxxx00x0000xx &
1(
1#
12
#10625458
b110001110011 7
0(
0#
02
#10627125
1(
1#
12
#10628792
b110001110100 7
0(
0#
02
#10630459
bx0x0x0000xxxxx00000xxxxxx0x0000xx &
1(
1#
12
#10632126
b110001110101 7
0(
0#
02
#10633793
bx0x0x0000xxxxx000000xxxxx0x0000xx &
1(
1#
12
#10635460
b110001110110 7
0(
0#
02
#10637127
bx0x0x0000xxxxx0000000xxxx0x0000xx &
1(
1#
12
#10638794
b110001110111 7
0(
0#
02
#10640461
bx0x0x0000xxxxx00000x00xxx0x0000xx &
1(
1#
12
#10642128
b110001111000 7
0(
0#
02
#10643795
bx0x0x0000xxxxx00000xx00xx0x0000xx &
1(
1#
12
#10645462
b110001111001 7
0(
0#
02
#10647129
bx0x0x0000xxxxx0000xxxx00x0x0000xx &
1(
1#
12
#10648796
b110001111010 7
0(
0#
02
#10650463
bx0x0x0000xxxxx00000xxxx000x0000xx &
1(
1#
12
#10652130
b110001111011 7
0(
0#
02
#10653797
bx0x0x0000xxxxx00000xxxxx00x0000xx &
1(
1#
12
#10655464
b110001111100 7
0(
0#
02
#10657131
bx0x0x0000xxxxx00000xxxxxx0x0000xx &
1(
1#
12
#10658798
b110001111101 7
0(
0#
02
#10660465
1(
1#
12
#10662132
b110001111110 7
0(
0#
02
#10663799
1(
1#
12
#10665466
b110001111111 7
0(
0#
02
#10667133
1(
1#
12
#10668800
b110010000000 7
0(
0#
02
#10670467
1(
1#
12
#10672134
b110010000001 7
0(
0#
02
#10673801
bx0x0x0000xxxxx00000x0xxxx0x0000xx &
1(
1#
12
#10675468
b110010000010 7
0(
0#
02
#10677135
1(
1#
12
#10678802
b110010000011 7
0(
0#
02
#10680469
bx0x0x0000xxxxx00000xxxxxx0x0000xx &
1(
1#
12
#10682136
b110010000100 7
0(
0#
02
#10683803
1(
1#
12
#10685470
b110010000101 7
0(
0#
02
#10687137
bx0x0x0000xxxxx00000xx0xxx0x0000xx &
1(
1#
12
#10688804
b110010000110 7
0(
0#
02
#10690471
bx0x0x0000xxxxx00000xxxxxx0x0000xx &
1(
1#
12
#10692138
b110010000111 7
0(
0#
02
#10693805
1(
1#
12
#10695472
b110010001000 7
0(
0#
02
#10697139
1(
1#
12
#10698806
b110010001001 7
0(
0#
02
#10700473
bx0x0x0000xxxxx00000xxx0xx0x0000xx &
1(
1#
12
#10702140
b110010001010 7
0(
0#
02
#10703807
1(
1#
12
#10705474
b110010001011 7
0(
0#
02
#10707141
bx0x0x0000xxxxx00000xxxxxx0x0000xx &
1(
1#
12
#10708808
b110010001100 7
0(
0#
02
#10710475
1(
1#
12
#10712142
b110010001101 7
0(
0#
02
#10713809
bx0x0x0000xxxxx00000xxxx0x0x0000xx &
1(
1#
12
#10715476
b110010001110 7
0(
0#
02
#10717143
1(
1#
12
#10718810
b110010001111 7
0(
0#
02
#10720477
bx0x0x0000xxxxx00000xxxxxx0x0000xx &
1(
1#
12
#10722144
b110010010000 7
0(
0#
02
#10723811
bx0x0x0000xxxxx00000xxxxx00x0000xx &
1(
1#
12
#10725478
b110010010001 7
0(
0#
02
#10727145
bx0x0x0000xxxxx00000xxxxxx0x0000xx &
1(
1#
12
#10728812
b110010010010 7
0(
0#
02
#10730479
bx0x0x0000xxxxx00000xxxxx00x0000xx &
1(
1#
12
#10732146
b110010010011 7
0(
0#
02
#10733813
bx0x0x0000xxxxx00000xxxxxx0x0000xx &
1(
1#
12
#10735480
b110010010100 7
0(
0#
02
#10737147
1(
1#
12
#10738814
b110010010101 7
0(
0#
02
#10740481
bx0x0x0000xxxxx000000xxxxx0x0000xx &
1(
1#
12
#10742148
b110010010110 7
0(
0#
02
#10743815
bx0x0x0000xxxxx00000x0xxxx0x0000xx &
1(
1#
12
#10745482
b110010010111 7
0(
0#
02
#10747149
bx0x0x0000xxxxx00000xx0xxx0x0000xx &
1(
1#
12
#10748816
b110010011000 7
0(
0#
02
#10750483
bx0x0x0000xxxxx00000xxx0xx0x0000xx &
1(
1#
12
#10752150
b110010011001 7
0(
0#
02
#10753817
bx0x0x0000xxxxx00000xxxx0x0x0000xx &
1(
1#
12
#10755484
b110010011010 7
0(
0#
02
#10757151
bx0x0x0000xxxxx00000xxxxx00x0000xx &
1(
1#
12
#10758818
b110010011011 7
0(
0#
02
#10760485
bx0x0x0000xxxxx00000xxxxxx0x0000xx &
1(
1#
12
#10762152
b110010011100 7
0(
0#
02
#10763819
1(
1#
12
#10765486
b110010011101 7
0(
0#
02
#10767153
1(
1#
12
#10768820
b110010011110 7
0(
0#
02
#10770487
1(
1#
12
#10772154
b110010011111 7
0(
0#
02
#10773821
1(
1#
12
#10775488
b110010100000 7
0(
0#
02
#10777155
1(
1#
12
#10778822
b110010100001 7
0(
0#
02
#10780489
1(
1#
12
#10782156
b110010100010 7
0(
0#
02
#10783823
1(
1#
12
#10785490
b110010100011 7
0(
0#
02
#10787157
1(
1#
12
#10788824
b110010100100 7
0(
0#
02
#10790491
1(
1#
12
#10792158
b110010100101 7
0(
0#
02
#10793825
1(
1#
12
#10795492
b110010100110 7
0(
0#
02
#10797159
1(
1#
12
#10798826
b110010100111 7
0(
0#
02
#10800493
1(
1#
12
#10802160
b110010101000 7
0(
0#
02
#10803827
1(
1#
12
#10805494
b110010101001 7
0(
0#
02
#10807161
1(
1#
12
#10808828
b110010101010 7
0(
0#
02
#10810495
1(
1#
12
#10812162
b110010101011 7
0(
0#
02
#10813829
1(
1#
12
#10815496
b110010101100 7
0(
0#
02
#10817163
1(
1#
12
#10818830
b110010101101 7
0(
0#
02
#10820497
1(
1#
12
#10822164
b110010101110 7
0(
0#
02
#10823831
1(
1#
12
#10825498
b110010101111 7
0(
0#
02
#10827165
1(
1#
12
#10828832
b110010110000 7
0(
0#
02
#10830499
1(
1#
12
#10832166
b110010110001 7
0(
0#
02
#10833833
1(
1#
12
#10835500
b110010110010 7
0(
0#
02
#10837167
1(
1#
12
#10838834
b110010110011 7
0(
0#
02
#10840501
1(
1#
12
#10842168
b110010110100 7
0(
0#
02
#10843835
1(
1#
12
#10845502
b110010110101 7
0(
0#
02
#10847169
1(
1#
12
#10848836
b110010110110 7
0(
0#
02
#10850503
1(
1#
12
#10852170
b110010110111 7
0(
0#
02
#10853837
1(
1#
12
#10855504
b110010111000 7
0(
0#
02
#10857171
1(
1#
12
#10858838
b110010111001 7
0(
0#
02
#10860505
1(
1#
12
#10862172
b110010111010 7
0(
0#
02
#10863839
1(
1#
12
#10865506
b110010111011 7
0(
0#
02
#10867173
1(
1#
12
#10868840
b110010111100 7
0(
0#
02
#10870507
1(
1#
12
#10872174
b110010111101 7
0(
0#
02
#10873841
1(
1#
12
#10875508
b110010111110 7
0(
0#
02
#10877175
1(
1#
12
#10878842
b110010111111 7
0(
0#
02
#10880509
1(
1#
12
#10882176
b110011000000 7
0(
0#
02
#10883843
1(
1#
12
#10885510
b110011000001 7
0(
0#
02
#10887177
1(
1#
12
#10888844
b110011000010 7
0(
0#
02
#10890511
1(
1#
12
#10892178
b110011000011 7
0(
0#
02
#10893845
1(
1#
12
#10895512
b110011000100 7
0(
0#
02
#10897179
1(
1#
12
#10898846
b110011000101 7
0(
0#
02
#10900513
1(
1#
12
#10902180
b110011000110 7
0(
0#
02
#10903847
1(
1#
12
#10905514
b110011000111 7
0(
0#
02
#10907181
1(
1#
12
#10908848
b110011001000 7
0(
0#
02
#10910515
1(
1#
12
#10912182
b110011001001 7
0(
0#
02
#10913849
1(
1#
12
#10915516
b110011001010 7
0(
0#
02
#10917183
1(
1#
12
#10918850
b110011001011 7
0(
0#
02
#10920517
1(
1#
12
#10922184
b110011001100 7
0(
0#
02
#10923851
1(
1#
12
#10925518
b110011001101 7
0(
0#
02
#10927185
1(
1#
12
#10928852
b110011001110 7
0(
0#
02
#10930519
1(
1#
12
#10932186
b110011001111 7
0(
0#
02
#10933853
1(
1#
12
#10935520
b110011010000 7
0(
0#
02
#10937187
1(
1#
12
#10938854
b110011010001 7
0(
0#
02
#10940521
1(
1#
12
#10942188
b110011010010 7
0(
0#
02
#10943855
1(
1#
12
#10945522
b110011010011 7
0(
0#
02
#10947189
1(
1#
12
#10948856
b110011010100 7
0(
0#
02
#10950523
1(
1#
12
#10952190
b110011010101 7
0(
0#
02
#10953857
1(
1#
12
#10955524
b110011010110 7
0(
0#
02
#10957191
1(
1#
12
#10958858
b110011010111 7
0(
0#
02
#10960525
1(
1#
12
#10962192
b110011011000 7
0(
0#
02
#10963859
1(
1#
12
#10965526
b110011011001 7
0(
0#
02
#10967193
1(
1#
12
#10968860
b110011011010 7
0(
0#
02
#10970527
1(
1#
12
#10972194
b110011011011 7
0(
0#
02
#10973861
1(
1#
12
#10975528
b110011011100 7
0(
0#
02
#10977195
1(
1#
12
#10978862
b110011011101 7
0(
0#
02
#10980529
1(
1#
12
#10982196
b110011011110 7
0(
0#
02
#10983863
1(
1#
12
#10985530
b110011011111 7
0(
0#
02
#10987197
1(
1#
12
#10988864
b110011100000 7
0(
0#
02
#10990531
1(
1#
12
#10992198
b110011100001 7
0(
0#
02
#10993865
1(
1#
12
#10995532
b110011100010 7
0(
0#
02
#10997199
1(
1#
12
#10998866
b110011100011 7
0(
0#
02
#11000533
1(
1#
12
#11002200
b110011100100 7
0(
0#
02
#11003867
1(
1#
12
#11005534
b110011100101 7
0(
0#
02
#11007201
1(
1#
12
#11008868
b110011100110 7
0(
0#
02
#11010535
1(
1#
12
#11012202
b110011100111 7
0(
0#
02
#11013869
1(
1#
12
#11015536
b110011101000 7
0(
0#
02
#11017203
1(
1#
12
#11018870
b110011101001 7
0(
0#
02
#11020537
1(
1#
12
#11022204
b110011101010 7
0(
0#
02
#11023871
1(
1#
12
#11025538
b110011101011 7
0(
0#
02
#11027205
1(
1#
12
#11028872
b110011101100 7
0(
0#
02
#11030539
1(
1#
12
#11032206
b110011101101 7
0(
0#
02
#11033873
1(
1#
12
#11035540
b110011101110 7
0(
0#
02
#11037207
1(
1#
12
#11038874
b110011101111 7
0(
0#
02
#11040541
1(
1#
12
#11042208
b110011110000 7
0(
0#
02
#11043875
1(
1#
12
#11045542
b110011110001 7
0(
0#
02
#11047209
1(
1#
12
#11048876
b110011110010 7
0(
0#
02
#11050543
1(
1#
12
#11052210
b110011110011 7
0(
0#
02
#11053877
1(
1#
12
#11055544
b110011110100 7
0(
0#
02
#11057211
1(
1#
12
#11058878
b110011110101 7
0(
0#
02
#11060545
1(
1#
12
#11062212
b110011110110 7
0(
0#
02
#11063879
1(
1#
12
#11065546
b110011110111 7
0(
0#
02
#11067213
1(
1#
12
#11068880
b110011111000 7
0(
0#
02
#11070547
1(
1#
12
#11072214
b110011111001 7
0(
0#
02
#11073881
1(
1#
12
#11075548
b110011111010 7
0(
0#
02
#11077215
1(
1#
12
#11078882
b110011111011 7
0(
0#
02
#11080549
1(
1#
12
#11082216
b110011111100 7
0(
0#
02
#11083883
1(
1#
12
#11085550
b110011111101 7
0(
0#
02
#11087217
1(
1#
12
#11088884
b110011111110 7
0(
0#
02
#11090551
bx0xxxxxxxxxxxxxxxxxxxxxxx0x0x0000xxxxx00000xxxxxx0x0000xx &
1(
1#
12
#11092218
b110011111111 7
0(
0#
02
#11093885
1(
1#
12
#11095552
b110100000000 7
0(
0#
02
#11097219
1(
1#
12
#11098886
b110100000001 7
0(
0#
02
#11100553
1(
1#
12
#11102220
b110100000010 7
0(
0#
02
#11103887
1(
1#
12
#11105554
b110100000011 7
0(
0#
02
#11107221
1,
bx01xxxxxxxxxxxxxxxxxxxxxx0x0x0000xxxxx00000xxxxxx0x0000xx &
1(
1#
12
#11108888
b110100000100 7
0(
0#
02
#11110555
1(
1#
12
#11112222
b110100000101 7
0(
0#
02
#11113889
1(
1#
12
#11115556
b110100000110 7
0(
0#
02
#11117223
1(
1#
12
#11118890
b110100000111 7
0(
0#
02
#11120557
1(
1#
12
#11122224
b110100001000 7
0(
0#
02
#11123891
1(
1#
12
#11125558
b110100001001 7
0(
0#
02
#11127225
bx01x0xxxxxxxxxxxxxxxxxxxx0x0x0000xxxxx00000xxxxxx0x0000xx &
1(
1#
12
#11128892
b110100001010 7
0(
0#
02
#11130559
1(
1#
12
#11132226
b110100001011 7
0(
0#
02
#11133893
1(
1#
12
#11135560
b110100001100 7
0(
0#
02
#11137227
1(
1#
12
#11138894
b110100001101 7
0(
0#
02
#11140561
1(
1#
12
#11142228
b110100001110 7
0(
0#
02
#11143895
1(
1#
12
#11145562
b110100001111 7
0(
0#
02
#11147229
1(
1#
12
#11148896
b110100010000 7
0(
0#
02
#11150563
1(
1#
12
#11152230
b110100010001 7
0(
0#
02
#11153897
1(
1#
12
#11155564
b110100010010 7
0(
0#
02
#11157231
1(
1#
12
#11158898
b110100010011 7
0(
0#
02
#11160565
bx01x0x0xxxxxxxxxxxxxxxxxx0x0x0000xxxxx00000xxxxxx0x0000xx &
1(
1#
12
#11162232
b110100010100 7
0(
0#
02
#11163899
1(
1#
12
#11165566
b110100010101 7
0(
0#
02
#11167233
1(
1#
12
#11168900
b110100010110 7
0(
0#
02
#11170567
1(
1#
12
#11172234
b110100010111 7
0(
0#
02
#11173901
1(
1#
12
#11175568
b110100011000 7
0(
0#
02
#11177235
1(
1#
12
#11178902
b110100011001 7
0(
0#
02
#11180569
bx01x0x0x0xxxxxxxxxxxxxxxx0x0x0000xxxxx00000xxxxxx0x0000xx &
1(
1#
12
#11182236
b110100011010 7
0(
0#
02
#11183903
1(
1#
12
#11185570
b110100011011 7
0(
0#
02
#11187237
1(
1#
12
#11188904
b110100011100 7
0(
0#
02
#11190571
1(
1#
12
#11192238
b110100011101 7
0(
0#
02
#11193905
1(
1#
12
#11195572
b110100011110 7
0(
0#
02
#11197239
1(
1#
12
#11198906
b110100011111 7
0(
0#
02
#11200573
1(
1#
12
#11202240
b110100100000 7
0(
0#
02
#11203907
1(
1#
12
#11205574
b110100100001 7
0(
0#
02
#11207241
1(
1#
12
#11208908
b110100100010 7
0(
0#
02
#11210575
1(
1#
12
#11212242
b110100100011 7
0(
0#
02
#11213909
1(
1#
12
#11215576
b110100100100 7
0(
0#
02
#11217243
1(
1#
12
#11218910
b110100100101 7
0(
0#
02
#11220577
1(
1#
12
#11222244
b110100100110 7
0(
0#
02
#11223911
1(
1#
12
#11225578
b110100100111 7
0(
0#
02
#11227245
1(
1#
12
#11228912
b110100101000 7
0(
0#
02
#11230579
1(
1#
12
#11232246
b110100101001 7
0(
0#
02
#11233913
1(
1#
12
#11235580
b110100101010 7
0(
0#
02
#11237247
1(
1#
12
#11238914
b110100101011 7
0(
0#
02
#11240581
1(
1#
12
#11242248
b110100101100 7
0(
0#
02
#11243915
1(
1#
12
#11245582
b110100101101 7
0(
0#
02
#11247249
1(
1#
12
#11248916
b110100101110 7
0(
0#
02
#11250583
1(
1#
12
#11252250
b110100101111 7
0(
0#
02
#11253917
1(
1#
12
#11255584
b110100110000 7
0(
0#
02
#11257251
1(
1#
12
#11258918
b110100110001 7
0(
0#
02
#11260585
1(
1#
12
#11262252
b110100110010 7
0(
0#
02
#11263919
1(
1#
12
#11265586
b110100110011 7
0(
0#
02
#11267253
1(
1#
12
#11268920
b110100110100 7
0(
0#
02
#11270587
1(
1#
12
#11272254
b110100110101 7
0(
0#
02
#11273921
1(
1#
12
#11275588
b110100110110 7
0(
0#
02
#11277255
1(
1#
12
#11278922
b110100110111 7
0(
0#
02
#11280589
1(
1#
12
#11282256
b110100111000 7
0(
0#
02
#11283923
1(
1#
12
#11285590
b110100111001 7
0(
0#
02
#11287257
1(
1#
12
#11288924
b110100111010 7
0(
0#
02
#11290591
1(
1#
12
#11292258
b110100111011 7
0(
0#
02
#11293925
1(
1#
12
#11295592
b110100111100 7
0(
0#
02
#11297259
1(
1#
12
#11298926
b110100111101 7
0(
0#
02
#11300593
1(
1#
12
#11302260
b110100111110 7
0(
0#
02
#11303927
1(
1#
12
#11305594
b110100111111 7
0(
0#
02
#11307261
1(
1#
12
#11308928
b110101000000 7
0(
0#
02
#11310595
1(
1#
12
#11312262
b110101000001 7
0(
0#
02
#11313929
1(
1#
12
#11315596
b110101000010 7
0(
0#
02
#11317263
1(
1#
12
#11318930
b110101000011 7
0(
0#
02
#11320597
1(
1#
12
#11322264
b110101000100 7
0(
0#
02
#11323931
1(
1#
12
#11325598
b110101000101 7
0(
0#
02
#11327265
1(
1#
12
#11328932
b110101000110 7
0(
0#
02
#11330599
1(
1#
12
#11332266
b110101000111 7
0(
0#
02
#11333933
1(
1#
12
#11335600
b110101001000 7
0(
0#
02
#11337267
1(
1#
12
#11338934
b110101001001 7
0(
0#
02
#11340601
bx01x0x0x0xxxxxxxx0xxxxxxx0x0x0000xxxxx00000xxxxxx0x0000xx &
1(
1#
12
#11342268
b110101001010 7
0(
0#
02
#11343935
bx01x0x0x0xxxxxxxxxxxxxxxx0x0x0000xxxxx00000xxxxxx0x0000xx &
1(
1#
12
#11345602
b110101001011 7
0(
0#
02
#11347269
bx01x0x0x0xxxxxxxx0xxxxxxx0x0x0000xxxxx00000xxxxxx0x0000xx &
1(
1#
12
#11348936
b110101001100 7
0(
0#
02
#11350603
bx01x0x0x0xxxxxxxxxxxxxxxx0x0x0000xxxxx00000xxxxxx0x0000xx &
1(
1#
12
#11352270
b110101001101 7
0(
0#
02
#11353937
bx01x0x0x0xxxxxxxx00xxxxxx0x0x0000xxxxx00000xxxxxx0x0000xx &
1(
1#
12
#11355604
b110101001110 7
0(
0#
02
#11357271
bx01x0x0x0xxxxxxxxx0xxxxxx0x0x0000xxxxx00000xxxxxx0x0000xx &
1(
1#
12
#11358938
b110101001111 7
0(
0#
02
#11360605
bx01x0x0x0xxxxxxxxxxxxxxxx0x0x0000xxxxx00000xxxxxx0x0000xx &
1(
1#
12
#11362272
b110101010000 7
0(
0#
02
#11363939
bx01x0x0x0xxxxxxxxx0xxxxxx0x0x0000xxxxx00000xxxxxx0x0000xx &
1(
1#
12
#11365606
b110101010001 7
0(
0#
02
#11367273
bx01x0x0x0xxxxxxxxx0xxxxxx0x0x0000xxxxx00000xxxxxx0x0000xx &
1(
1#
12
#11368940
b110101010010 7
0(
0#
02
#11370607
bx01x0x0x0xxxxxxxxx00xxxxx0x0x0000xxxxx00000xxxxxx0x0000xx &
1(
1#
12
#11372274
b110101010011 7
0(
0#
02
#11373941
bx01x0x0x0xx0xxxxxxx0xxxxx0x0x0000xxxxx00000xxxxxx0x0000xx &
1(
1#
12
#11375608
b110101010100 7
0(
0#
02
#11377275
bx01x0x0x0xx0xxxxxxxxxxxxx0x0x0000xxxxx00000xxxxxx0x0000xx &
1(
1#
12
#11378942
b110101010101 7
0(
0#
02
#11380609
bx01x0x0x0xx0xxxxx0xxxxxxx0x0x0000xxxxx00000xxxxxx0x0000xx &
1(
1#
12
#11382276
b110101010110 7
0(
0#
02
#11383943
bx01x0x0x0xx0xxxxx0xxxxxxx0x0x0000xxxxx00000xxxxxx0x0000xx &
1(
1#
12
#11385610
b110101010111 7
0(
0#
02
#11387277
bx01x0x0x0xx00xxxxxxx0xxxx0x0x0000xxxxx00000xxxxxx0x0000xx &
1(
1#
12
#11388944
b110101011000 7
0(
0#
02
#11390611
bx01x0x0x0xx00xxxx0xx00xxx0x0x0000xxxxx00000xxxxxx0x0000xx &
1(
1#
12
#11392278
b110101011001 7
0(
0#
02
#11393945
bx01x0x0x0xx00xxxx0xx00xxx0x0x0000xxxxx00000xxxxxx0x0000xx &
1(
1#
12
#11395612
b110101011010 7
0(
0#
02
#11397279
bx01x0x0x0xx00xxxxx0xx0xxx0x0x0000xxxxx00000xxxxxx0x0000xx &
1(
1#
12
#11398946
b110101011011 7
0(
0#
02
#11400613
1(
1#
12
#11402280
b110101011100 7
0(
0#
02
#11403947
bx01x0x0x0xx00xxxxxxxx0xxx0x0x0000xxxxx00000xxxxxx0x0000xx &
1(
1#
12
#11405614
b110101011101 7
0(
0#
02
#11407281
bx01x0x0x0xx00x0xxx00x00xx0x0x0000xxxxx00000xxxxxx0x0000xx &
1(
1#
12
#11408948
b110101011110 7
0(
0#
02
#11410615
bx01x0x0x0xx00x0xxx0xx00xx0x0x0000xxxxx00000xxxxxx0x0000xx &
1(
1#
12
#11412282
b110101011111 7
0(
0#
02
#11413949
bx01x0x0x0xx00x0xxxx0xxxxx0x0x0000xxxxx00000xxxxxx0x0000xx &
1(
1#
12
#11415616
b110101100000 7
0(
0#
02
#11417283
bx01x0x0x0xx00x0xxxx0xxxxx0x0x0000xxxxx00000xxxxxx0x0000xx &
1(
1#
12
#11418950
b110101100001 7
0(
0#
02
#11420617
bx01x0x0x0xx00x0xxxxx0xx0x0x0x0000xxxxx00000xxxxxx0x0000xx &
1(
1#
12
#11422284
b110101100010 7
0(
0#
02
#11423951
bx01x0x0x0xx00x01xxxx0xxxx0x0x0000xxxxx00000xxxxxx0x0000xx &
1(
1#
12
#11425618
b110101100011 7
0(
0#
02
#11427285
bx01x0x0x0xx00x01xxxxxxx0x0x0x0000xxxxx00000xxxxxx0x0000xx &
1(
1#
12
#11428952
b110101100100 7
0(
0#
02
#11430619
bx01x0x0x0xx00x01xxxx00x0x0x0x0000xxxxx00000xxxxxx0x0000xx &
1(
1#
12
#11432286
b110101100101 7
0(
0#
02
#11433953
bx01x0x0x0xx00x01xxxx00x000x0x0000xxxxx00000xxxxxx0x0000xx &
1(
1#
12
#11435620
b110101100110 7
0(
0#
02
#11437287
bx01x0x0x0xx00x01xxxxx0xx00x0x0000xxxxx00000xxxxxx0x0000xx &
1(
1#
12
#11438954
b110101100111 7
0(
0#
02
#11440621
bx01x0x0x0xx00x01xxxxx0xxx0x0x0000xxxxx00000xxxxxx0x0000xx &
1(
1#
12
#11442288
b110101101000 7
0(
0#
02
#11443955
bx01x0x0x0xx00x01xxxxx0xx00x0x0000xxxxx00000xxxxxx0x0000xx &
1(
1#
12
#11445622
b110101101001 7
0(
0#
02
#11447289
1(
1#
12
#11448956
b110101101010 7
0(
0#
02
#11450623
1(
1#
12
#11452290
b110101101011 7
0(
0#
02
#11453957
bx01x0x0x0xx00x01xxxxxx0xx0x0x0000xxxxx00000xxxxxx0x0000xx &
1(
1#
12
#11455624
b110101101100 7
0(
0#
02
#11457291
bx01x0x0x0xx00x01xxxxxxxxx0x0x0000xxxxx00000xxxxxx0x0000xx &
1(
1#
12
#11458958
b110101101101 7
0(
0#
02
#11460625
bx01x0x0x0xx00x01xxxxxxx0x0x0x0000xxxxx00000xxxxxx0x0000xx &
1(
1#
12
#11462292
b110101101110 7
0(
0#
02
#11463959
1(
1#
12
#11465626
b110101101111 7
0(
0#
02
#11467293
bx01x0x0x0xx00x01xxxxxxxxx0x0x0000xxxxx00000xxxxxx0x0000xx &
1(
1#
12
#11468960
b110101110000 7
0(
0#
02
#11470627
bx01x0x0x0xx00x01xxxxxxx0x0x0x0000xxxxx00000xxxxxx0x0000xx &
1(
1#
12
#11472294
b110101110001 7
0(
0#
02
#11473961
1(
1#
12
#11475628
b110101110010 7
0(
0#
02
#11477295
bx01x0x0x0xx00x01xxxxxxxx00x0x0000xxxxx00000xxxxxx0x0000xx &
1(
1#
12
#11478962
b110101110011 7
0(
0#
02
#11480629
1(
1#
12
#11482296
b110101110100 7
0(
0#
02
#11483963
bx01x0x0x0xx00x01xxxxxxxxx0x0x0000xxxxx00000xxxxxx0x0000xx &
1(
1#
12
#11485630
b110101110101 7
0(
0#
02
#11487297
bx01x0x0x0xx00x01xxxxxxxx00x0x0000xxxxx00000xxxxxx0x0000xx &
1(
1#
12
#11488964
b110101110110 7
0(
0#
02
#11490631
1(
1#
12
#11492298
b110101110111 7
0(
0#
02
#11493965
bx01x0x0x0xx00x01xxxxxxxxx0x0x0000xxxxx00000xxxxxx0x0000xx &
1(
1#
12
#11495632
b110101111000 7
0(
0#
02
#11497299
1(
1#
12
#11498966
b110101111001 7
0(
0#
02
#11500633
1(
1#
12
#11502300
b110101111010 7
0(
0#
02
#11503967
1(
1#
12
#11505634
b110101111011 7
0(
0#
02
#11507301
1(
1#
12
#11508968
b110101111100 7
0(
0#
02
#11510635
1(
1#
12
#11512302
b110101111101 7
0(
0#
02
#11513969
1(
1#
12
#11515636
b110101111110 7
0(
0#
02
#11517303
1(
1#
12
#11518970
b110101111111 7
0(
0#
02
#11520637
1(
1#
12
#11522304
b110110000000 7
0(
0#
02
#11523971
1(
1#
12
#11525638
b110110000001 7
0(
0#
02
#11527305
1(
1#
12
#11528972
b110110000010 7
0(
0#
02
#11530639
1(
1#
12
#11532306
b110110000011 7
0(
0#
02
#11533973
1(
1#
12
#11535640
b110110000100 7
0(
0#
02
#11537307
1(
1#
12
#11538974
b110110000101 7
0(
0#
02
#11540641
1(
1#
12
#11542308
b110110000110 7
0(
0#
02
#11543975
1(
1#
12
#11545642
b110110000111 7
0(
0#
02
#11547309
1(
1#
12
#11548976
b110110001000 7
0(
0#
02
#11550643
1(
1#
12
#11552310
b110110001001 7
0(
0#
02
#11553977
1(
1#
12
#11555644
b110110001010 7
0(
0#
02
#11557311
1(
1#
12
#11558978
b110110001011 7
0(
0#
02
#11560645
1(
1#
12
#11562312
b110110001100 7
0(
0#
02
#11563979
1(
1#
12
#11565646
b110110001101 7
0(
0#
02
#11567313
1(
1#
12
#11568980
b110110001110 7
0(
0#
02
#11570647
1(
1#
12
#11572314
b110110001111 7
0(
0#
02
#11573981
1(
1#
12
#11575648
b110110010000 7
0(
0#
02
#11577315
1(
1#
12
#11578982
b110110010001 7
0(
0#
02
#11580649
1(
1#
12
#11582316
b110110010010 7
0(
0#
02
#11583983
1(
1#
12
#11585650
b110110010011 7
0(
0#
02
#11587317
1(
1#
12
#11588984
b110110010100 7
0(
0#
02
#11590651
1(
1#
12
#11592318
b110110010101 7
0(
0#
02
#11593985
1(
1#
12
#11595652
b110110010110 7
0(
0#
02
#11597319
1(
1#
12
#11598986
b110110010111 7
0(
0#
02
#11600653
1(
1#
12
#11602320
b110110011000 7
0(
0#
02
#11603987
1(
1#
12
#11605654
b110110011001 7
0(
0#
02
#11607321
1(
1#
12
#11608988
b110110011010 7
0(
0#
02
#11610655
1(
1#
12
#11612322
b110110011011 7
0(
0#
02
#11613989
1(
1#
12
#11615656
b110110011100 7
0(
0#
02
#11617323
1(
1#
12
#11618990
b110110011101 7
0(
0#
02
#11620657
1(
1#
12
#11622324
b110110011110 7
0(
0#
02
#11623991
1(
1#
12
#11625658
b110110011111 7
0(
0#
02
#11627325
1(
1#
12
#11628992
b110110100000 7
0(
0#
02
#11630659
1(
1#
12
#11632326
b110110100001 7
0(
0#
02
#11633993
1(
1#
12
#11635660
b110110100010 7
0(
0#
02
#11637327
1(
1#
12
#11638994
b110110100011 7
0(
0#
02
#11640661
1(
1#
12
#11642328
b110110100100 7
0(
0#
02
#11643995
1(
1#
12
#11645662
b110110100101 7
0(
0#
02
#11647329
1(
1#
12
#11648996
b110110100110 7
0(
0#
02
#11650663
1(
1#
12
#11652330
b110110100111 7
0(
0#
02
#11653997
1(
1#
12
#11655664
b110110101000 7
0(
0#
02
#11657331
1(
1#
12
#11658998
b110110101001 7
0(
0#
02
#11660665
1(
1#
12
#11662332
b110110101010 7
0(
0#
02
#11663999
1(
1#
12
#11665666
b110110101011 7
0(
0#
02
#11667333
1(
1#
12
#11669000
b110110101100 7
0(
0#
02
#11670667
1(
1#
12
#11672334
b110110101101 7
0(
0#
02
#11674001
1(
1#
12
#11675668
b110110101110 7
0(
0#
02
#11677335
1(
1#
12
#11679002
b110110101111 7
0(
0#
02
#11680669
1(
1#
12
#11682336
b110110110000 7
0(
0#
02
#11684003
1(
1#
12
#11685670
b110110110001 7
0(
0#
02
#11687337
1(
1#
12
#11689004
b110110110010 7
0(
0#
02
#11690671
1(
1#
12
#11692338
b110110110011 7
0(
0#
02
#11694005
1(
1#
12
#11695672
b110110110100 7
0(
0#
02
#11697339
1(
1#
12
#11699006
b110110110101 7
0(
0#
02
#11700673
1(
1#
12
#11702340
b110110110110 7
0(
0#
02
#11704007
1(
1#
12
#11705674
b110110110111 7
0(
0#
02
#11707341
1(
1#
12
#11709008
b110110111000 7
0(
0#
02
#11710675
1(
1#
12
#11712342
b110110111001 7
0(
0#
02
#11714009
1(
1#
12
#11715676
b110110111010 7
0(
0#
02
#11717343
1(
1#
12
#11719010
b110110111011 7
0(
0#
02
#11720677
1(
1#
12
#11722344
b110110111100 7
0(
0#
02
#11724011
1(
1#
12
#11725678
b110110111101 7
0(
0#
02
#11727345
1(
1#
12
#11729012
b110110111110 7
0(
0#
02
#11730679
1(
1#
12
#11732346
b110110111111 7
0(
0#
02
#11734013
1(
1#
12
#11735680
b110111000000 7
0(
0#
02
#11737347
1(
1#
12
#11739014
b110111000001 7
0(
0#
02
#11740681
1(
1#
12
#11742348
b110111000010 7
0(
0#
02
#11744015
1(
1#
12
#11745682
b110111000011 7
0(
0#
02
#11747349
1(
1#
12
#11749016
b110111000100 7
0(
0#
02
#11750683
1(
1#
12
#11752350
b110111000101 7
0(
0#
02
#11754017
1(
1#
12
#11755684
b110111000110 7
0(
0#
02
#11757351
1(
1#
12
#11759018
b110111000111 7
0(
0#
02
#11760685
1(
1#
12
#11762352
b110111001000 7
0(
0#
02
#11764019
1(
1#
12
#11765686
b110111001001 7
0(
0#
02
#11767353
1(
1#
12
#11769020
b110111001010 7
0(
0#
02
#11770687
1(
1#
12
#11772354
b110111001011 7
0(
0#
02
#11774021
1(
1#
12
#11775688
b110111001100 7
0(
0#
02
#11777355
1(
1#
12
#11779022
b110111001101 7
0(
0#
02
#11780689
1(
1#
12
#11782356
b110111001110 7
0(
0#
02
#11784023
1(
1#
12
#11785690
b110111001111 7
0(
0#
02
#11787357
1(
1#
12
#11789024
b110111010000 7
0(
0#
02
#11790691
1(
1#
12
#11792358
b110111010001 7
0(
0#
02
#11794025
1(
1#
12
#11795692
b110111010010 7
0(
0#
02
#11797359
1(
1#
12
#11799026
b110111010011 7
0(
0#
02
#11800693
1(
1#
12
#11802360
b110111010100 7
0(
0#
02
#11804027
1(
1#
12
#11805694
b110111010101 7
0(
0#
02
#11807361
1(
1#
12
#11809028
b110111010110 7
0(
0#
02
#11810695
1(
1#
12
#11812362
b110111010111 7
0(
0#
02
#11814029
1(
1#
12
#11815696
b110111011000 7
0(
0#
02
#11817363
1(
1#
12
#11819030
b110111011001 7
0(
0#
02
#11820697
1(
1#
12
#11822364
b110111011010 7
0(
0#
02
#11824031
1(
1#
12
#11825698
b110111011011 7
0(
0#
02
#11827365
1(
1#
12
#11829032
b110111011100 7
0(
0#
02
#11830699
1(
1#
12
#11832366
b110111011101 7
0(
0#
02
#11834033
1(
1#
12
#11835700
b110111011110 7
0(
0#
02
#11837367
1(
1#
12
#11839034
b110111011111 7
0(
0#
02
#11840701
1(
1#
12
#11842368
b110111100000 7
0(
0#
02
#11844035
1(
1#
12
#11845702
b110111100001 7
0(
0#
02
#11847369
1(
1#
12
#11849036
b110111100010 7
0(
0#
02
#11850703
1(
1#
12
#11852370
b110111100011 7
0(
0#
02
#11854037
1(
1#
12
#11855704
b110111100100 7
0(
0#
02
#11857371
1(
1#
12
#11859038
b110111100101 7
0(
0#
02
#11860705
1(
1#
12
#11862372
b110111100110 7
0(
0#
02
#11864039
1(
1#
12
#11865706
b110111100111 7
0(
0#
02
#11867373
1(
1#
12
#11869040
b110111101000 7
0(
0#
02
#11870707
1(
1#
12
#11872374
b110111101001 7
0(
0#
02
#11874041
1(
1#
12
#11875708
b110111101010 7
0(
0#
02
#11877375
1(
1#
12
#11879042
b110111101011 7
0(
0#
02
#11880709
1(
1#
12
#11882376
b110111101100 7
0(
0#
02
#11884043
1(
1#
12
#11885710
b110111101101 7
0(
0#
02
#11887377
1(
1#
12
#11889044
b110111101110 7
0(
0#
02
#11890711
1(
1#
12
#11892378
b110111101111 7
0(
0#
02
#11894045
1(
1#
12
#11895712
b110111110000 7
0(
0#
02
#11897379
1(
1#
12
#11899046
b110111110001 7
0(
0#
02
#11900713
1(
1#
12
#11902380
b110111110010 7
0(
0#
02
#11904047
1(
1#
12
#11905714
b110111110011 7
0(
0#
02
#11907381
1(
1#
12
#11909048
b110111110100 7
0(
0#
02
#11910715
1(
1#
12
#11912382
b110111110101 7
0(
0#
02
#11914049
1(
1#
12
#11915716
b110111110110 7
0(
0#
02
#11917383
1(
1#
12
#11919050
b110111110111 7
0(
0#
02
#11920717
1(
1#
12
#11922384
b110111111000 7
0(
0#
02
#11924051
1(
1#
12
#11925718
b110111111001 7
0(
0#
02
#11927385
1(
1#
12
#11929052
b110111111010 7
0(
0#
02
#11930719
1(
1#
12
#11932386
b110111111011 7
0(
0#
02
#11934053
1(
1#
12
#11935720
b110111111100 7
0(
0#
02
#11937387
1(
1#
12
#11939054
b110111111101 7
0(
0#
02
#11940721
1(
1#
12
#11942388
b110111111110 7
0(
0#
02
#11944055
1(
1#
12
#11945722
b110111111111 7
0(
0#
02
#11947389
1(
1#
12
#11949056
b111000000000 7
0(
0#
02
#11950723
1(
1#
12
#11952390
b111000000001 7
0(
0#
02
#11954057
1(
1#
12
#11955724
b111000000010 7
0(
0#
02
#11957391
1(
1#
12
#11959058
b111000000011 7
0(
0#
02
#11960725
1(
1#
12
#11962392
b111000000100 7
0(
0#
02
#11964059
1(
1#
12
#11965726
b111000000101 7
0(
0#
02
#11967393
1(
1#
12
#11969060
b111000000110 7
0(
0#
02
#11970727
1(
1#
12
#11972394
b111000000111 7
0(
0#
02
#11974061
1(
1#
12
#11975728
b111000001000 7
0(
0#
02
#11977395
1(
1#
12
#11979062
b111000001001 7
0(
0#
02
#11980729
1(
1#
12
#11982396
b111000001010 7
0(
0#
02
#11984063
1(
1#
12
#11985730
b111000001011 7
0(
0#
02
#11987397
1(
1#
12
#11989064
b111000001100 7
0(
0#
02
#11990731
1(
1#
12
#11992398
b111000001101 7
0(
0#
02
#11994065
1(
1#
12
#11995732
b111000001110 7
0(
0#
02
#11997399
1(
1#
12
#11999066
b111000001111 7
0(
0#
02
#12000733
1(
1#
12
#12002400
b111000010000 7
0(
0#
02
#12004067
1(
1#
12
#12005734
b111000010001 7
0(
0#
02
#12007401
1(
1#
12
#12009068
b111000010010 7
0(
0#
02
#12010735
1(
1#
12
#12012402
b111000010011 7
0(
0#
02
#12014069
1(
1#
12
#12015736
b111000010100 7
0(
0#
02
#12017403
1(
1#
12
#12019070
b111000010101 7
0(
0#
02
#12020737
1(
1#
12
#12022404
b111000010110 7
0(
0#
02
#12024071
1(
1#
12
#12025738
b111000010111 7
0(
0#
02
#12027405
1(
1#
12
#12029072
b111000011000 7
0(
0#
02
#12030739
1(
1#
12
#12032406
b111000011001 7
0(
0#
02
#12034073
1(
1#
12
#12035740
b111000011010 7
0(
0#
02
#12037407
1(
1#
12
#12039074
b111000011011 7
0(
0#
02
#12040741
1(
1#
12
#12042408
b111000011100 7
0(
0#
02
#12044075
1(
1#
12
#12045742
b111000011101 7
0(
0#
02
#12047409
1(
1#
12
#12049076
b111000011110 7
0(
0#
02
#12050743
1(
1#
12
#12052410
b111000011111 7
0(
0#
02
#12054077
1(
1#
12
#12055744
b111000100000 7
0(
0#
02
#12057411
1(
1#
12
#12059078
b111000100001 7
0(
0#
02
#12060745
1(
1#
12
#12062412
b111000100010 7
0(
0#
02
#12064079
1(
1#
12
#12065746
b111000100011 7
0(
0#
02
#12067413
1(
1#
12
#12069080
b111000100100 7
0(
0#
02
#12070747
1(
1#
12
#12072414
b111000100101 7
0(
0#
02
#12074081
1(
1#
12
#12075748
b111000100110 7
0(
0#
02
#12077415
1(
1#
12
#12079082
b111000100111 7
0(
0#
02
#12080749
1(
1#
12
#12082416
b111000101000 7
0(
0#
02
#12084083
1(
1#
12
#12085750
b111000101001 7
0(
0#
02
#12087417
1(
1#
12
#12089084
b111000101010 7
0(
0#
02
#12090751
1(
1#
12
#12092418
b111000101011 7
0(
0#
02
#12094085
1(
1#
12
#12095752
b111000101100 7
0(
0#
02
#12097419
1(
1#
12
#12099086
b111000101101 7
0(
0#
02
#12100753
1(
1#
12
#12102420
b111000101110 7
0(
0#
02
#12104087
1(
1#
12
#12105754
b111000101111 7
0(
0#
02
#12107421
1(
1#
12
#12109088
b111000110000 7
0(
0#
02
#12110755
1(
1#
12
#12112422
b111000110001 7
0(
0#
02
#12114089
1(
1#
12
#12115756
b111000110010 7
0(
0#
02
#12117423
1(
1#
12
#12119090
b111000110011 7
0(
0#
02
#12120757
1(
1#
12
#12122424
b111000110100 7
0(
0#
02
#12124091
1(
1#
12
#12125758
b111000110101 7
0(
0#
02
#12127425
1(
1#
12
#12129092
b111000110110 7
0(
0#
02
#12130759
1(
1#
12
#12132426
b111000110111 7
0(
0#
02
#12134093
1(
1#
12
#12135760
b111000111000 7
0(
0#
02
#12137427
1(
1#
12
#12139094
b111000111001 7
0(
0#
02
#12140761
1(
1#
12
#12142428
b111000111010 7
0(
0#
02
#12144095
1(
1#
12
#12145762
b111000111011 7
0(
0#
02
#12147429
1(
1#
12
#12149096
b111000111100 7
0(
0#
02
#12150763
1(
1#
12
#12152430
b111000111101 7
0(
0#
02
#12154097
1(
1#
12
#12155764
b111000111110 7
0(
0#
02
#12157431
1(
1#
12
#12159098
b111000111111 7
0(
0#
02
#12160765
1(
1#
12
#12162432
b111001000000 7
0(
0#
02
#12164099
1(
1#
12
#12165766
b111001000001 7
0(
0#
02
#12167433
1(
1#
12
#12169100
b111001000010 7
0(
0#
02
#12170767
1(
1#
12
#12172434
b111001000011 7
0(
0#
02
#12174101
1(
1#
12
#12175768
b111001000100 7
0(
0#
02
#12177435
1(
1#
12
#12179102
b111001000101 7
0(
0#
02
#12180769
1(
1#
12
#12182436
b111001000110 7
0(
0#
02
#12184103
1(
1#
12
#12185770
b111001000111 7
0(
0#
02
#12187437
1(
1#
12
#12189104
b111001001000 7
0(
0#
02
#12190771
1(
1#
12
#12192438
b111001001001 7
0(
0#
02
#12194105
1(
1#
12
#12195772
b111001001010 7
0(
0#
02
#12197439
1(
1#
12
#12199106
b111001001011 7
0(
0#
02
#12200773
1(
1#
12
#12202440
b111001001100 7
0(
0#
02
#12204107
1(
1#
12
#12205774
b111001001101 7
0(
0#
02
#12207441
1(
1#
12
#12209108
b111001001110 7
0(
0#
02
#12210775
1(
1#
12
#12212442
b111001001111 7
0(
0#
02
#12214109
1(
1#
12
#12215776
b111001010000 7
0(
0#
02
#12217443
1(
1#
12
#12219110
b111001010001 7
0(
0#
02
#12220777
1(
1#
12
#12222444
b111001010010 7
0(
0#
02
#12224111
1(
1#
12
#12225778
b111001010011 7
0(
0#
02
#12227445
1(
1#
12
#12229112
b111001010100 7
0(
0#
02
#12230779
1(
1#
12
#12232446
b111001010101 7
0(
0#
02
#12234113
1(
1#
12
#12235780
b111001010110 7
0(
0#
02
#12237447
1(
1#
12
#12239114
b111001010111 7
0(
0#
02
#12240781
1(
1#
12
#12242448
b111001011000 7
0(
0#
02
#12244115
1(
1#
12
#12245782
b111001011001 7
0(
0#
02
#12247449
1(
1#
12
#12249116
b111001011010 7
0(
0#
02
#12250783
1(
1#
12
#12252450
b111001011011 7
0(
0#
02
#12254117
1(
1#
12
#12255784
b111001011100 7
0(
0#
02
#12257451
1(
1#
12
#12259118
b111001011101 7
0(
0#
02
#12260785
1(
1#
12
#12262452
b111001011110 7
0(
0#
02
#12264119
1(
1#
12
#12265786
b111001011111 7
0(
0#
02
#12267453
1(
1#
12
#12269120
b111001100000 7
0(
0#
02
#12270787
1(
1#
12
#12272454
b111001100001 7
0(
0#
02
#12274121
1(
1#
12
#12275788
b111001100010 7
0(
0#
02
#12277455
1(
1#
12
#12279122
b111001100011 7
0(
0#
02
#12280789
1(
1#
12
#12282456
b111001100100 7
0(
0#
02
#12284123
1(
1#
12
#12285790
b111001100101 7
0(
0#
02
#12287457
1(
1#
12
#12289124
b111001100110 7
0(
0#
02
#12290791
1(
1#
12
#12292458
b111001100111 7
0(
0#
02
#12294125
1(
1#
12
#12295792
b111001101000 7
0(
0#
02
#12297459
1(
1#
12
#12299126
b111001101001 7
0(
0#
02
#12300793
1(
1#
12
#12302460
b111001101010 7
0(
0#
02
#12304127
1(
1#
12
#12305794
b111001101011 7
0(
0#
02
#12307461
1(
1#
12
#12309128
b111001101100 7
0(
0#
02
#12310795
1(
1#
12
#12312462
b111001101101 7
0(
0#
02
#12314129
1(
1#
12
#12315796
b111001101110 7
0(
0#
02
#12317463
1(
1#
12
#12319130
b111001101111 7
0(
0#
02
#12320797
1(
1#
12
#12322464
b111001110000 7
0(
0#
02
#12324131
1(
1#
12
#12325798
b111001110001 7
0(
0#
02
#12327465
1(
1#
12
#12329132
b111001110010 7
0(
0#
02
#12330799
1(
1#
12
#12332466
b111001110011 7
0(
0#
02
#12334133
1(
1#
12
#12335800
b111001110100 7
0(
0#
02
#12337467
1(
1#
12
#12339134
b111001110101 7
0(
0#
02
#12340801
1(
1#
12
#12342468
b111001110110 7
0(
0#
02
#12344135
1(
1#
12
#12345802
b111001110111 7
0(
0#
02
#12347469
1(
1#
12
#12349136
b111001111000 7
0(
0#
02
#12350803
1(
1#
12
#12352470
b111001111001 7
0(
0#
02
#12354137
1(
1#
12
#12355804
b111001111010 7
0(
0#
02
#12357471
1(
1#
12
#12359138
b111001111011 7
0(
0#
02
#12360805
1(
1#
12
#12362472
b111001111100 7
0(
0#
02
#12364139
1(
1#
12
#12365806
b111001111101 7
19
0(
0#
02
#12367473
1(
1#
12
#12369140
b111001111110 7
0(
0#
02
#12370807
1(
1#
12
#12372474
b111001111111 7
09
0(
0#
02
#12374141
1(
1#
12
#12375808
b111010000000 7
0(
0#
02
#12377475
1(
1#
12
#12379142
b111010000001 7
0(
0#
02
#12380809
1(
1#
12
#12382476
b111010000010 7
0(
0#
02
#12384143
1(
1#
12
#12385810
b111010000011 7
0(
0#
02
#12387477
1(
1#
12
#12389144
b111010000100 7
0(
0#
02
#12390811
1(
1#
12
#12392478
b111010000101 7
0(
0#
02
#12394145
1(
1#
12
#12395812
b111010000110 7
0(
0#
02
#12397479
1(
1#
12
#12399146
b111010000111 7
0(
0#
02
#12400813
1(
1#
12
#12402480
b111010001000 7
0(
0#
02
#12404147
1(
1#
12
#12405814
b111010001001 7
0(
0#
02
#12407481
1(
1#
12
#12409148
b111010001010 7
0(
0#
02
#12410815
1(
1#
12
#12412482
b111010001011 7
0(
0#
02
#12414149
1(
1#
12
#12415816
b111010001100 7
0(
0#
02
#12417483
1(
1#
12
#12419150
b111010001101 7
0(
0#
02
#12420817
1(
1#
12
#12422484
b111010001110 7
0(
0#
02
#12424151
1(
1#
12
#12425818
b111010001111 7
0(
0#
02
#12427485
1(
1#
12
#12429152
b111010010000 7
0(
0#
02
#12430819
1(
1#
12
#12432486
b111010010001 7
0(
0#
02
#12434153
1(
1#
12
#12435820
b111010010010 7
0(
0#
02
#12437487
1(
1#
12
#12439154
b111010010011 7
0(
0#
02
#12440821
1(
1#
12
#12442488
b111010010100 7
0(
0#
02
#12444155
1(
1#
12
#12445822
b111010010101 7
0(
0#
02
#12447489
1(
1#
12
#12449156
b111010010110 7
0(
0#
02
#12450823
1(
1#
12
#12452490
b111010010111 7
0(
0#
02
#12454157
1(
1#
12
#12455824
b111010011000 7
0(
0#
02
#12457491
1(
1#
12
#12459158
b111010011001 7
0(
0#
02
#12460825
1(
1#
12
#12462492
b111010011010 7
0(
0#
02
#12464159
1(
1#
12
#12465826
b111010011011 7
0(
0#
02
#12467493
1(
1#
12
#12469160
b111010011100 7
0(
0#
02
#12470827
1(
1#
12
#12472494
b111010011101 7
0(
0#
02
#12474161
1(
1#
12
#12475828
b111010011110 7
0(
0#
02
#12477495
1(
1#
12
#12479162
b111010011111 7
0(
0#
02
#12480829
1(
1#
12
#12482496
b111010100000 7
0(
0#
02
#12484163
1(
1#
12
#12485830
b111010100001 7
0(
0#
02
#12487497
1(
1#
12
#12489164
b111010100010 7
0(
0#
02
#12490831
1(
1#
12
#12492498
b111010100011 7
0(
0#
02
#12494165
1(
1#
12
#12495832
b111010100100 7
0(
0#
02
#12497499
1(
1#
12
#12499166
b111010100101 7
0(
0#
02
#12500833
1(
1#
12
#12502500
b111010100110 7
0(
0#
02
#12504167
1(
1#
12
#12505834
b111010100111 7
0(
0#
02
#12507501
1(
1#
12
#12509168
b111010101000 7
0(
0#
02
#12510835
1(
1#
12
#12512502
b111010101001 7
0(
0#
02
#12514169
1(
1#
12
#12515836
b111010101010 7
0(
0#
02
#12517503
1(
1#
12
#12519170
b111010101011 7
0(
0#
02
#12520837
1(
1#
12
#12522504
b111010101100 7
0(
0#
02
#12524171
1(
1#
12
#12525838
b111010101101 7
0(
0#
02
#12527505
1(
1#
12
#12529172
b111010101110 7
0(
0#
02
#12530839
1(
1#
12
#12532506
b111010101111 7
0(
0#
02
#12534173
1(
1#
12
#12535840
b111010110000 7
0(
0#
02
#12537507
1(
1#
12
#12539174
b111010110001 7
0(
0#
02
#12540841
bx01x0x0x0xx00x01x0xxxxxxx0x0x0000xxxxx00000xxxxxx0x0000xx &
1(
1#
12
#12542508
b111010110010 7
0(
0#
02
#12544175
bx01x0x0x0xx00x01xxxxxxxxx0x0x0000xxxxx00000xxxxxx0x0000xx &
1(
1#
12
#12545842
b111010110011 7
0(
0#
02
#12547509
1(
1#
12
#12549176
b111010110100 7
0(
0#
02
#12550843
1(
1#
12
#12552510
b111010110101 7
0(
0#
02
#12554177
bx01x0x0x0xx00x01xx0xxxxxx0x0x0000xxxxx00000xxxxxx0x0000xx &
1(
1#
12
#12555844
b111010110110 7
0(
0#
02
#12557511
1(
1#
12
#12559178
b111010110111 7
0(
0#
02
#12560845
bx01x0x0x0xx00x01xxxxxxxxx0x0x0000xxxxx00000xxxxxx0x0000xx &
1(
1#
12
#12562512
b111010111000 7
0(
0#
02
#12564179
1(
1#
12
#12565846
b111010111001 7
0(
0#
02
#12567513
bx01x0x0x0xx00x01xxxxxxxxx0x0x0000xxxxx00000xxxxxx0x0000xx &
1(
1#
12
#12569180
b111010111010 7
0(
0#
02
#12570847
1(
1#
12
#12572514
b111010111011 7
0(
0#
02
#12574181
1(
1#
12
#12575848
b111010111100 7
0(
0#
02
#12577515
1(
1#
12
#12579182
b111010111101 7
0(
0#
02
#12580849
bx01x0x0x0xx00x01xxxxxxxxx0x0x0000xxxxx00000xxxxxx0x0000xx &
1(
1#
12
#12582516
b111010111110 7
0(
0#
02
#12584183
1(
1#
12
#12585850
b111010111111 7
0(
0#
02
#12587517
1(
1#
12
#12589184
b111011000000 7
0(
0#
02
#12590851
bx01x0x0x0xx00x01xxxxx0xxx0x0x0000xxxxx00000xxxxxx0x0000xx &
1(
1#
12
#12592518
b111011000001 7
0(
0#
02
#12594185
1(
1#
12
#12595852
b111011000010 7
0(
0#
02
#12597519
1(
1#
12
#12599186
b111011000011 7
0(
0#
02
#12600853
bx01x0x0x0xx00x01xxxxxxxxx0x0x0000xxxxx00000xxxxxx0x0000xx &
1(
1#
12
#12602520
b111011000100 7
0(
0#
02
#12604187
1(
1#
12
#12605854
b111011000101 7
0(
0#
02
#12607521
bx01x0x0x0xx00x01xxxxxx0xx0x0x0000xxxxx00000xxxxxx0x0000xx &
1(
1#
12
#12609188
b111011000110 7
0(
0#
02
#12610855
bx01x0x0x0xx00x01xxxxxxxxx0x0x0000xxxxx00000xxxxxx0x0000xx &
1(
1#
12
#12612522
b111011000111 7
0(
0#
02
#12614189
1(
1#
12
#12615856
b111011001000 7
0(
0#
02
#12617523
1(
1#
12
#12619190
b111011001001 7
0(
0#
02
#12620857
bx01x0x0x0xx00x01xxxxxxx0x0x0x0000xxxxx00000xxxxxx0x0000xx &
1(
1#
12
#12622524
b111011001010 7
0(
0#
02
#12624191
bx01x0x0x0xx00x01xxxxxxxxx0x0x0000xxxxx00000xxxxxx0x0000xx &
1(
1#
12
#12625858
b111011001011 7
0(
0#
02
#12627525
1(
1#
12
#12629192
b111011001100 7
0(
0#
02
#12630859
1(
1#
12
#12632526
b111011001101 7
0(
0#
02
#12634193
bx01x0x0x0xx00x01xxxxxxxx00x0x0000xxxxx00000xxxxxx0x0000xx &
1(
1#
12
#12635860
b111011001110 7
0(
0#
02
#12637527
1(
1#
12
#12639194
b111011001111 7
0(
0#
02
#12640861
bx01x0x0x0xx00x01xxxxxxxxx0x0x0000xxxxx00000xxxxxx0x0000xx &
1(
1#
12
#12642528
b111011010000 7
0(
0#
02
#12644195
1(
1#
12
#12645862
b111011010001 7
0(
0#
02
#12647529
1(
1#
12
#12649196
b111011010010 7
0(
0#
02
#12650863
1(
1#
12
#12652530
b111011010011 7
0(
0#
02
#12654197
1(
1#
12
#12655864
b111011010100 7
0(
0#
02
#12657531
1(
1#
12
#12659198
b111011010101 7
0(
0#
02
#12660865
1(
1#
12
#12662532
b111011010110 7
0(
0#
02
#12664199
1(
1#
12
#12665866
b111011010111 7
0(
0#
02
#12667533
1(
1#
12
#12669200
b111011011000 7
0(
0#
02
#12670867
1(
1#
12
#12672534
b111011011001 7
0(
0#
02
#12674201
1(
1#
12
#12675868
b111011011010 7
0(
0#
02
#12677535
1(
1#
12
#12679202
b111011011011 7
0(
0#
02
#12680869
bx01x0x0x0xx00x01x0xxxxxxx0x0x0000xxxxx00000xxxxxx0x0000xx &
1(
1#
12
#12682536
b111011011100 7
0(
0#
02
#12684203
bx01x0x0x0xx00x01xxxxxxxxx0x0x0000xxxxx00000xxxxxx0x0000xx &
1(
1#
12
#12685870
b111011011101 7
0(
0#
02
#12687537
1(
1#
12
#12689204
b111011011110 7
0(
0#
02
#12690871
1(
1#
12
#12692538
b111011011111 7
0(
0#
02
#12694205
1(
1#
12
#12695872
b111011100000 7
0(
0#
02
#12697539
1(
1#
12
#12699206
b111011100001 7
0(
0#
02
#12700873
1(
1#
12
#12702540
b111011100010 7
0(
0#
02
#12704207
bx01x0x0x0xx00x01x0xxxxxxx0x0x0000xxxxx00000xxxxxx0x0000xx &
1(
1#
12
#12705874
b111011100011 7
0(
0#
02
#12707541
bx01x0x0x0xx00x01xxx0xxxxx0x0x0000xxxxx00000xxxxxx0x0000xx &
1(
1#
12
#12709208
b111011100100 7
0(
0#
02
#12710875
bx01x0x0x0xx00x01xxxxxxxxx0x0x0000xxxxx00000xxxxxx0x0000xx &
1(
1#
12
#12712542
b111011100101 7
0(
0#
02
#12714209
bx01x0x0x0xx00x01xx0xxxxxx0x0x0000xxxxx00000xxxxxx0x0000xx &
1(
1#
12
#12715876
b111011100110 7
0(
0#
02
#12717543
1(
1#
12
#12719210
b111011100111 7
0(
0#
02
#12720877
bx01x0x0x0xx00x01xx0x0xxxx0x0x0000xxxxx00000xxxxxx0x0000xx &
1(
1#
12
#12722544
b111011101000 7
0(
0#
02
#12724211
bx01x0x0x0xx00x01xxxxxxxxx0x0x0000xxxxx00000xxxxxx0x0000xx &
1(
1#
12
#12725878
b111011101001 7
0(
0#
02
#12727545
1(
1#
12
#12729212
b111011101010 7
0(
0#
02
#12730879
bx01x0x0x0xx00x01xxxxx0xxx0x0x0000xxxxx00000xxxxxx0x0000xx &
1(
1#
12
#12732546
b111011101011 7
0(
0#
02
#12734213
bx01x0x0x0xx00x01x0xxx0xxx0x0x0000xxxxx00000xxxxxx0x0000xx &
1(
1#
12
#12735880
b111011101100 7
0(
0#
02
#12737547
bx01x0x0x0xx00x01xxxxxxxxx0x0x0000xxxxx00000xxxxxx0x0000xx &
1(
1#
12
#12739214
b111011101101 7
0(
0#
02
#12740881
bx01x0x0x0xx00x01xxxx0xxxx0x0x0000xxxxx00000xxxxxx0x0000xx &
1(
1#
12
#12742548
b111011101110 7
0(
0#
02
#12744215
1(
1#
12
#12745882
b111011101111 7
0(
0#
02
#12747549
bx01x0x0x0xx00x01xxxxxxxxx0x0x0000xxxxx00000xxxxxx0x0000xx &
1(
1#
12
#12749216
b111011110000 7
0(
0#
02
#12750883
bx01x0x0x0xx00x01xxxxxx0xx0x0x0000xxxxx00000xxxxxx0x0000xx &
1(
1#
12
#12752550
b111011110001 7
0(
0#
02
#12754217
bx01x0x0x0xx00x01xxxxx00xx0x0x0000xxxxx00000xxxxxx0x0000xx &
1(
1#
12
#12755884
b111011110010 7
0(
0#
02
#12757551
bx01x0x0x0xx00x01x0xxx00xx0x0x0000xxxxx00000xxxxxx0x0000xx &
1(
1#
12
#12759218
b111011110011 7
0(
0#
02
#12760885
bx01x0x0x0xx00x01xxx0x000x0x0x0000xxxxx00000xxxxxx0x0000xx &
1(
1#
12
#12762552
b111011110100 7
0(
0#
02
#12764219
bx01x0x0x0xx00x01xxxxxx00x0x0x0000xxxxx00000xxxxxx0x0000xx &
1(
1#
12
#12765886
b111011110101 7
0(
0#
02
#12767553
bx01x0x0x0xx00x01xx0xxxx0x0x0x0000xxxxx00000xxxxxx0x0000xx &
1(
1#
12
#12769220
b111011110110 7
0(
0#
02
#12770887
1(
1#
12
#12772554
b111011110111 7
0(
0#
02
#12774221
bx01x0x0x0xx00x01xx0x0xx0x0x0x0000xxxxx00000xxxxxx0x0000xx &
1(
1#
12
#12775888
b111011111000 7
0(
0#
02
#12777555
bx01x0x0x0xx00x01xxxxxxx0x0x0x0000xxxxx00000xxxxxx0x0000xx &
1(
1#
12
#12779222
b111011111001 7
0(
0#
02
#12780889
1(
1#
12
#12782556
b111011111010 7
0(
0#
02
#12784223
bx01x0x0x0xx00x01xxxxx0x0x0x0x0000xxxxx00000xxxxxx0x0000xx &
1(
1#
12
#12785890
b111011111011 7
0(
0#
02
#12787557
bx01x0x0x0xx00x01xxxxx0xxx0x0x0000xxxxx00000xxxxxx0x0000xx &
1(
1#
12
#12789224
b111011111100 7
0(
0#
02
#12790891
bx01x0x0x0xx00x01xxxxxxxxx0x0x0000xxxxx00000xxxxxx0x0000xx &
1(
1#
12
#12792558
b111011111101 7
0(
0#
02
#12794225
bx01x0x0x0xx00x01xxxx0xxx00x0x0000xxxxx00000xxxxxx0x0000xx &
1(
1#
12
#12795892
b111011111110 7
0(
0#
02
#12797559
1(
1#
12
#12799226
b111011111111 7
0(
0#
02
#12800893
bx01x0x0x0xx00x01xxxxxxxx00x0x0000xxxxx00000xxxxxx0x0000xx &
1(
1#
12
#12802560
b111100000000 7
0(
0#
02
#12804227
bx01x0x0x0xx00x01xxxxxx0xx0x0x0000xxxxx00000xxxxxx0x0000xx &
1(
1#
12
#12805894
b111100000001 7
0(
0#
02
#12807561
bx01x0x0x0xx00x01xxxxx00xx0x0x0000xxxxx00000xxxxxx0x0000xx &
1(
1#
12
#12809228
b111100000010 7
0(
0#
02
#12810895
1(
1#
12
#12812562
b111100000011 7
0(
0#
02
#12814229
bx01x0x0x0xx00x01xxxxx000x0x0x0000xxxxx00000xxxxxx0x0000xx &
1(
1#
12
#12815896
b111100000100 7
0(
0#
02
#12817563
bx01x0x0x0xx00x01xxxxxx00x0x0x0000xxxxx00000xxxxxx0x0000xx &
1(
1#
12
#12819230
b111100000101 7
0(
0#
02
#12820897
bx01x0x0x0xx00x01xxxxxxx0x0x0x0000xxxxx00000xxxxxx0x0000xx &
1(
1#
12
#12822564
b111100000110 7
0(
0#
02
#12824231
1(
1#
12
#12825898
b111100000111 7
0(
0#
02
#12827565
1(
1#
12
#12829232
b111100001000 7
0(
0#
02
#12830899
1(
1#
12
#12832566
b111100001001 7
0(
0#
02
#12834233
1(
1#
12
#12835900
b111100001010 7
0(
0#
02
#12837567
1(
1#
12
#12839234
b111100001011 7
0(
0#
02
#12840901
bx01x0x0x0xx00x01xxxxxxxxx0x0x0000xxxxx00000xxxxxx0x0000xx &
1(
1#
12
#12842568
b111100001100 7
0(
0#
02
#12844235
1(
1#
12
#12845902
b111100001101 7
0(
0#
02
#12847569
bx01x0x0x0xx00x01xxxxxxxx00x0x0000xxxxx00000xxxxxx0x0000xx &
1(
1#
12
#12849236
b111100001110 7
0(
0#
02
#12850903
1(
1#
12
#12852570
b111100001111 7
0(
0#
02
#12854237
1(
1#
12
#12855904
b111100010000 7
0(
0#
02
#12857571
bx01x0x0x0xx00x01xxxxxxxxx0x0x0000xxxxx00000xxxxxx0x0000xx &
1(
1#
12
#12859238
b111100010001 7
0(
0#
02
#12860905
1(
1#
12
#12862572
b111100010010 7
0(
0#
02
#12864239
1(
1#
12
#12865906
b111100010011 7
0(
0#
02
#12867573
1(
1#
12
#12869240
b111100010100 7
0(
0#
02
#12870907
1(
1#
12
#12872574
b111100010101 7
0(
0#
02
#12874241
1(
1#
12
#12875908
b111100010110 7
0(
0#
02
#12877575
1(
1#
12
#12879242
b111100010111 7
0(
0#
02
#12880909
1(
1#
12
#12882576
b111100011000 7
0(
0#
02
#12884243
1(
1#
12
#12885910
b111100011001 7
0(
0#
02
#12887577
1(
1#
12
#12889244
b111100011010 7
0(
0#
02
#12890911
1(
1#
12
#12892578
b111100011011 7
0(
0#
02
#12894245
1(
1#
12
#12895912
b111100011100 7
0(
0#
02
#12897579
1(
1#
12
#12899246
b111100011101 7
0(
0#
02
#12900913
1(
1#
12
#12902580
b111100011110 7
0(
0#
02
#12904247
1(
1#
12
#12905914
b111100011111 7
0(
0#
02
#12907581
1(
1#
12
#12909248
b111100100000 7
0(
0#
02
#12910915
1(
1#
12
#12912582
b111100100001 7
0(
0#
02
#12914249
1(
1#
12
#12915916
b111100100010 7
0(
0#
02
#12917583
1(
1#
12
#12919250
b111100100011 7
0(
0#
02
#12920917
1(
1#
12
#12922584
b111100100100 7
0(
0#
02
#12924251
1(
1#
12
#12925918
b111100100101 7
0(
0#
02
#12927585
1(
1#
12
#12929252
b111100100110 7
0(
0#
02
#12930919
1(
1#
12
#12932586
b111100100111 7
0(
0#
02
#12934253
1(
1#
12
#12935920
b111100101000 7
0(
0#
02
#12937587
1(
1#
12
#12939254
b111100101001 7
0(
0#
02
#12940921
1(
1#
12
#12942588
b111100101010 7
0(
0#
02
#12944255
1(
1#
12
#12945922
b111100101011 7
0(
0#
02
#12947589
1(
1#
12
#12949256
b111100101100 7
0(
0#
02
#12950923
1(
1#
12
#12952590
b111100101101 7
0(
0#
02
#12954257
1(
1#
12
#12955924
b111100101110 7
0(
0#
02
#12957591
1(
1#
12
#12959258
b111100101111 7
0(
0#
02
#12960925
1(
1#
12
#12962592
b111100110000 7
0(
0#
02
#12964259
1(
1#
12
#12965926
b111100110001 7
0(
0#
02
#12967593
1(
1#
12
#12969260
b111100110010 7
0(
0#
02
#12970927
1(
1#
12
#12972594
b111100110011 7
0(
0#
02
#12974261
1(
1#
12
#12975928
b111100110100 7
0(
0#
02
#12977595
1(
1#
12
#12979262
b111100110101 7
0(
0#
02
#12980929
1(
1#
12
#12982596
b111100110110 7
0(
0#
02
#12984263
1(
1#
12
#12985930
b111100110111 7
0(
0#
02
#12987597
1(
1#
12
#12989264
b111100111000 7
0(
0#
02
#12990931
1(
1#
12
#12992598
b111100111001 7
0(
0#
02
#12994265
1(
1#
12
#12995932
b111100111010 7
0(
0#
02
#12997599
1(
1#
12
#12999266
b111100111011 7
0(
0#
02
#13000933
1(
1#
12
#13002600
b111100111100 7
0(
0#
02
#13004267
1(
1#
12
#13005934
b111100111101 7
0(
0#
02
#13007601
1(
1#
12
#13009268
b111100111110 7
0(
0#
02
#13010935
1(
1#
12
#13012602
b111100111111 7
0(
0#
02
#13014269
bx01x0x0x0xx00x01xxxxxxxxx0x0x00000xxxx00000xxxxxx0x0000xx &
1(
1#
12
#13015936
b111101000000 7
0(
0#
02
#13017603
1(
1#
12
#13019270
b111101000001 7
0(
0#
02
#13020937
bx01x0x0x0xx00x01xxxxxxxxx0x0x0000xxxxx00000xxxxxx0x0000xx &
1(
1#
12
#13022604
b111101000010 7
0(
0#
02
#13024271
1(
1#
12
#13025938
b111101000011 7
0(
0#
02
#13027605
bx01x0x0x0xx00x01xxxxxxxxx0x0x0000x0xxx00000xxxxxx0x0000xx &
1(
1#
12
#13029272
b111101000100 7
0(
0#
02
#13030939
bx01x0x0x0xx00x01xxxxxxxxx0x0x0000xxxxx00000xxxxxx0x0000xx &
1(
1#
12
#13032606
b111101000101 7
0(
0#
02
#13034273
1(
1#
12
#13035940
b111101000110 7
0(
0#
02
#13037607
1(
1#
12
#13039274
b111101000111 7
0(
0#
02
#13040941
bx01x0x0x0xx00x01xxxxxxxxx0x0x0000xx0xx00000xxxxxx0x0000xx &
1(
1#
12
#13042608
b111101001000 7
0(
0#
02
#13044275
bx01x0x0x0xx00x01xxxxxxxxx0x0x0000xxxxx00000xxxxxx0x0000xx &
1(
1#
12
#13045942
b111101001001 7
0(
0#
02
#13047609
1(
1#
12
#13049276
b111101001010 7
0(
0#
02
#13050943
bx01x0x0x0xx00x01xxxxxxxxx0x0x0000xxx0x00000xxxxxx0x0000xx &
1(
1#
12
#13052610
b111101001011 7
0(
0#
02
#13054277
1(
1#
12
#13055944
b111101001100 7
0(
0#
02
#13057611
bx01x0x0x0xx00x01xxxxxxxxx0x0x0000xxxxx00000xxxxxx0x0000xx &
1(
1#
12
#13059278
b111101001101 7
0(
0#
02
#13060945
1(
1#
12
#13062612
b111101001110 7
0(
0#
02
#13064279
1(
1#
12
#13065946
b111101001111 7
0(
0#
02
#13067613
bx01x0x0x0xx00x01xxxxxxxxx0x0x0000xxxx000000xxxxxx0x0000xx &
1(
1#
12
#13069280
b111101010000 7
0(
0#
02
#13070947
bx01x0x0x0xx00x01xxxxxxxxx0x0x0000xxxxx00000xxxxxx0x0000xx &
1(
1#
12
#13072614
b111101010001 7
0(
0#
02
#13074281
1(
1#
12
#13075948
b111101010010 7
0(
0#
02
#13077615
1(
1#
12
#13079282
b111101010011 7
0(
0#
02
#13080949
1(
1#
12
#13082616
b111101010100 7
0(
0#
02
#13084283
bx01x0x0x0xx00x01xxxxxxxxx0x0x0000xxxxxx0000xxxxxx0x0000xx &
1(
1#
12
#13085950
b111101010101 7
0(
0#
02
#13087617
1(
1#
12
#13089284
b111101010110 7
0(
0#
02
#13090951
bx01x0x0x0xx00x01xxxxxxxxx0x0x0000xxxxx0x000xxxxxx0x0000xx &
1(
1#
12
#13092618
b111101010111 7
0(
0#
02
#13094285
1(
1#
12
#13095952
b111101011000 7
0(
0#
02
#13097619
bx01x0x0x0xx00x01xxxxxxxxx0x0x0000xxxxx00000xxxxxx0x0000xx &
1(
1#
12
#13099286
b111101011001 7
0(
0#
02
#13100953
1(
1#
12
#13102620
b111101011010 7
0(
0#
02
#13104287
bx01x0x0x0xx00x01xxxxxxxxx0x0x0000xxxxx00x00xxxxxx0x0000xx &
1(
1#
12
#13105954
b111101011011 7
0(
0#
02
#13107621
bx01x0x0x0xx00x01xxxxxxxxx0x0x0000xxxxx00000xxxxxx0x0000xx &
1(
1#
12
#13109288
b111101011100 7
0(
0#
02
#13110955
bx01x0x0x0xx00x01xxxxxxxxx0x0x0000xxxxx00x00xxxxxx0x0000xx &
1(
1#
12
#13112622
b111101011101 7
0(
0#
02
#13114289
bx01x0x0x0xx00x01xxxxxxxxx0x0x00000xxxx00000xxxxxx0x0000xx &
1(
1#
12
#13115956
b111101011110 7
0(
0#
02
#13117623
bx01x0x0x0xx00x01xxxxxxxxx0x0x000000xxx00000xxxxxx0x0000xx &
1(
1#
12
#13119290
b111101011111 7
0(
0#
02
#13120957
bx01x0x0x0xx00x01xxxxxxxxx0x0x0000x00xx00000xxxxxx0x0000xx &
1(
1#
12
#13122624
b111101100000 7
0(
0#
02
#13124291
bx01x0x0x0xx00x01xxxxxxxxx0x0x0000xx00x00000xxxxxx0x0000xx &
1(
1#
12
#13125958
b111101100001 7
0(
0#
02
#13127625
bx01x0x0x0xx00x01xxxxxxxxx0x0x0000xxx0000000xxxxxx0x0000xx &
1(
1#
12
#13129292
b111101100010 7
0(
0#
02
#13130959
bx01x0x0x0xx00x01xxxxxxxxx0x0x0000xxxx000000xxxxxx0x0000xx &
1(
1#
12
#13132626
b111101100011 7
0(
0#
02
#13134293
bx01x0x0x0xx00x01xxxxxxxxx0x0x0000xxxxx00000xxxxxx0x0000xx &
1(
1#
12
#13135960
b111101100100 7
0(
0#
02
#13137627
1(
1#
12
#13139294
b111101100101 7
0(
0#
02
#13140961
1(
1#
12
#13142628
b111101100110 7
0(
0#
02
#13144295
1(
1#
12
#13145962
b111101100111 7
0(
0#
02
#13147629
1(
1#
12
#13149296
b111101101000 7
0(
0#
02
#13150963
1(
1#
12
#13152630
b111101101001 7
0(
0#
02
#13154297
1(
1#
12
#13155964
b111101101010 7
0(
0#
02
#13157631
1(
1#
12
#13159298
b111101101011 7
0(
0#
02
#13160965
1(
1#
12
#13162632
b111101101100 7
0(
0#
02
#13164299
1(
1#
12
#13165966
b111101101101 7
0(
0#
02
#13167633
1(
1#
12
#13169300
b111101101110 7
0(
0#
02
#13170967
1(
1#
12
#13172634
b111101101111 7
0(
0#
02
#13174301
1(
1#
12
#13175968
b111101110000 7
0(
0#
02
#13177635
1(
1#
12
#13179302
b111101110001 7
0(
0#
02
#13180969
1(
1#
12
#13182636
b111101110010 7
0(
0#
02
#13184303
1(
1#
12
#13185970
b111101110011 7
0(
0#
02
#13187637
1(
1#
12
#13189304
b111101110100 7
0(
0#
02
#13190971
1(
1#
12
#13192638
b111101110101 7
0(
0#
02
#13194305
1(
1#
12
#13195972
b111101110110 7
0(
0#
02
#13197639
1(
1#
12
#13199306
b111101110111 7
0(
0#
02
#13200973
1(
1#
12
#13202640
b111101111000 7
0(
0#
02
#13204307
1(
1#
12
#13205974
b111101111001 7
0(
0#
02
#13207641
1(
1#
12
#13209308
b111101111010 7
0(
0#
02
#13210975
1(
1#
12
#13212642
b111101111011 7
0(
0#
02
#13214309
1(
1#
12
#13215976
b111101111100 7
0(
0#
02
#13217643
1(
1#
12
#13219310
b111101111101 7
0(
0#
02
#13220977
1(
1#
12
#13222644
b111101111110 7
0(
0#
02
#13224311
1(
1#
12
#13225978
b111101111111 7
0(
0#
02
#13227645
1(
1#
12
#13229312
b111110000000 7
0(
0#
02
#13230979
1(
1#
12
#13232646
b111110000001 7
0(
0#
02
#13234313
1(
1#
12
#13235980
b111110000010 7
0(
0#
02
#13237647
1(
1#
12
#13239314
b111110000011 7
0(
0#
02
#13240981
1(
1#
12
#13242648
b111110000100 7
0(
0#
02
#13244315
1(
1#
12
#13245982
b111110000101 7
0(
0#
02
#13247649
1(
1#
12
#13249316
b111110000110 7
0(
0#
02
#13250983
1(
1#
12
#13252650
b111110000111 7
0(
0#
02
#13254317
1(
1#
12
#13255984
b111110001000 7
0(
0#
02
#13257651
1(
1#
12
#13259318
b111110001001 7
0(
0#
02
#13260985
1(
1#
12
#13262652
b111110001010 7
0(
0#
02
#13264319
1(
1#
12
#13265986
b111110001011 7
0(
0#
02
#13267653
1(
1#
12
#13269320
b111110001100 7
0(
0#
02
#13270987
1(
1#
12
#13272654
b111110001101 7
0(
0#
02
#13274321
1(
1#
12
#13275988
b111110001110 7
0(
0#
02
#13277655
1(
1#
12
#13279322
b111110001111 7
0(
0#
02
#13280989
1(
1#
12
#13282656
b111110010000 7
0(
0#
02
#13284323
1(
1#
12
#13285990
b111110010001 7
0(
0#
02
#13287657
1(
1#
12
#13289324
b111110010010 7
0(
0#
02
#13290991
1(
1#
12
#13292658
b111110010011 7
0(
0#
02
#13294325
1(
1#
12
#13295992
b111110010100 7
0(
0#
02
#13297659
1(
1#
12
#13299326
b111110010101 7
0(
0#
02
#13300993
1(
1#
12
#13302660
b111110010110 7
0(
0#
02
#13304327
1(
1#
12
#13305994
b111110010111 7
0(
0#
02
#13307661
1(
1#
12
#13309328
b111110011000 7
0(
0#
02
#13310995
1(
1#
12
#13312662
b111110011001 7
0(
0#
02
#13314329
1(
1#
12
#13315996
b111110011010 7
0(
0#
02
#13317663
1(
1#
12
#13319330
b111110011011 7
0(
0#
02
#13320997
1(
1#
12
#13322664
b111110011100 7
0(
0#
02
#13324331
1(
1#
12
#13325998
b111110011101 7
0(
0#
02
#13327665
1(
1#
12
#13329332
b111110011110 7
0(
0#
02
#13330999
1(
1#
12
#13332666
b111110011111 7
0(
0#
02
#13334333
1(
1#
12
#13336000
b111110100000 7
0(
0#
02
#13337667
1(
1#
12
#13339334
b111110100001 7
0(
0#
02
#13341001
1(
1#
12
#13342668
b111110100010 7
0(
0#
02
#13344335
1(
1#
12
#13346002
b111110100011 7
0(
0#
02
#13347669
1(
1#
12
#13349336
b111110100100 7
0(
0#
02
#13351003
1(
1#
12
#13352670
b111110100101 7
0(
0#
02
#13354337
1(
1#
12
#13356004
b111110100110 7
0(
0#
02
#13357671
1(
1#
12
#13359338
b111110100111 7
0(
0#
02
#13361005
1(
1#
12
#13362672
b111110101000 7
0(
0#
02
#13364339
1(
1#
12
#13366006
b111110101001 7
0(
0#
02
#13367673
1(
1#
12
#13369340
b111110101010 7
0(
0#
02
#13371007
1(
1#
12
#13372674
b111110101011 7
0(
0#
02
#13374341
1(
1#
12
#13376008
b111110101100 7
0(
0#
02
#13377675
1(
1#
12
#13379342
b111110101101 7
0(
0#
02
#13381009
1(
1#
12
#13382676
b111110101110 7
0(
0#
02
#13384343
1(
1#
12
#13386010
b111110101111 7
0(
0#
02
#13387677
1(
1#
12
#13389344
b111110110000 7
0(
0#
02
#13391011
1(
1#
12
#13392678
b111110110001 7
0(
0#
02
#13394345
1(
1#
12
#13396012
b111110110010 7
0(
0#
02
#13397679
1(
1#
12
#13399346
b111110110011 7
0(
0#
02
#13401013
1(
1#
12
#13402680
b111110110100 7
0(
0#
02
#13404347
1(
1#
12
#13406014
b111110110101 7
0(
0#
02
#13407681
1(
1#
12
#13409348
b111110110110 7
0(
0#
02
#13411015
1(
1#
12
#13412682
b111110110111 7
0(
0#
02
#13414349
1(
1#
12
#13416016
b111110111000 7
0(
0#
02
#13417683
1(
1#
12
#13419350
b111110111001 7
0(
0#
02
#13421017
1(
1#
12
#13422684
b111110111010 7
0(
0#
02
#13424351
1(
1#
12
#13426018
b111110111011 7
0(
0#
02
#13427685
1(
1#
12
#13429352
b111110111100 7
0(
0#
02
#13431019
1(
1#
12
#13432686
b111110111101 7
0(
0#
02
#13434353
1(
1#
12
#13436020
b111110111110 7
0(
0#
02
#13437687
1(
1#
12
#13439354
b111110111111 7
0(
0#
02
#13441021
1(
1#
12
#13442688
b111111000000 7
0(
0#
02
#13444355
1(
1#
12
#13446022
b111111000001 7
0(
0#
02
#13447689
1(
1#
12
#13449356
b111111000010 7
0(
0#
02
#13451023
1(
1#
12
#13452690
b111111000011 7
0(
0#
02
#13454357
1(
1#
12
#13456024
b111111000100 7
0(
0#
02
#13457691
1(
1#
12
#13459358
b111111000101 7
0(
0#
02
#13461025
1(
1#
12
#13462692
b111111000110 7
0(
0#
02
#13464359
1(
1#
12
#13466026
b111111000111 7
0(
0#
02
#13467693
1(
1#
12
#13469360
b111111001000 7
0(
0#
02
#13471027
1(
1#
12
#13472694
b111111001001 7
0(
0#
02
#13474361
1(
1#
12
#13476028
b111111001010 7
0(
0#
02
#13477695
1(
1#
12
#13479362
b111111001011 7
0(
0#
02
#13481029
1(
1#
12
#13482696
b111111001100 7
0(
0#
02
#13484363
1(
1#
12
#13486030
b111111001101 7
0(
0#
02
#13487697
1(
1#
12
#13489364
b111111001110 7
0(
0#
02
#13491031
1(
1#
12
#13492698
b111111001111 7
0(
0#
02
#13494365
1(
1#
12
#13496032
b111111010000 7
0(
0#
02
#13497699
1(
1#
12
#13499366
b111111010001 7
0(
0#
02
#13501033
1(
1#
12
#13502700
b111111010010 7
0(
0#
02
#13504367
1(
1#
12
#13506034
b111111010011 7
0(
0#
02
#13507701
1(
1#
12
#13509368
b111111010100 7
0(
0#
02
#13511035
1(
1#
12
#13512702
b111111010101 7
0(
0#
02
#13514369
1(
1#
12
#13516036
b111111010110 7
0(
0#
02
#13517703
1(
1#
12
#13519370
b111111010111 7
0(
0#
02
#13521037
1(
1#
12
#13522704
b111111011000 7
0(
0#
02
#13524371
1(
1#
12
#13526038
b111111011001 7
0(
0#
02
#13527705
1(
1#
12
#13529372
b111111011010 7
0(
0#
02
#13531039
1(
1#
12
#13532706
b111111011011 7
0(
0#
02
#13534373
1(
1#
12
#13536040
b111111011100 7
0(
0#
02
#13537707
1(
1#
12
#13539374
b111111011101 7
0(
0#
02
#13541041
1(
1#
12
#13542708
b111111011110 7
0(
0#
02
#13544375
bx01x0x0x0xx00x01xxxxxxxxxxx0x0000xxxxx00000xxxxxx0x0000xx &
1(
1#
12
#13546042
b111111011111 7
0(
0#
02
#13547709
bx01x0x0x0xx00x01xxxxxxxxx0x0x0000xxxxx00000xxxxxx0x0000xx &
1(
1#
12
#13549376
b111111100000 7
0(
0#
02
#13551043
bx01x0x0x0xx00x01xxxxxxxxxxx0x0000xxxxx00000xxxxxx0x0000xx &
1(
1#
12
#13552710
b111111100001 7
0(
0#
02
#13554377
1(
1#
12
#13556044
b111111100010 7
0(
0#
02
#13557711
bx01x0x0x0xx00x01xxxxxxxxx0x0x0000xxxxx00000xxxxxx0x0000xx &
1(
1#
12
#13559378
b111111100011 7
0(
0#
02
#13561045
bx01x0x0x0xx00x01xxxxxxxxx000x0000xxxxx00000xxxxxx0x0000xx &
1(
1#
12
#13562712
b111111100100 7
0(
0#
02
#13564379
1(
1#
12
#13566046
b111111100101 7
0(
0#
02
#13567713
bx01x0x0x0xx00x01xxxxxxxxx0x0x0000xxxxx00000xxxxxx0x0000xx &
1(
1#
12
#13569380
b111111100110 7
0(
0#
02
#13571047
1(
1#
12
#13572714
b111111100111 7
0(
0#
02
#13574381
1(
1#
12
#13576048
b111111101000 7
0(
0#
02
#13577715
bx01x0x0x0xx00x01xxxxxxxxx0xxx0000xxxxx00000xxxxxx0x0000xx &
1(
1#
12
#13579382
b111111101001 7
0(
0#
02
#13581049
bx01x0x0x0xx00x01xxxxxxxxx0x0x0000xxxxx00000xxxxxx0x0000xx &
1(
1#
12
#13582716
b111111101010 7
0(
0#
02
#13584383
bx01x0x0x0xx00x01xxxxxxxxx0x000000xxxxx00000xxxxxx0x0000xx &
1(
1#
12
#13586050
b111111101011 7
0(
0#
02
#13587717
bx01x0x0x0xx00x01xxxxxxxxx0x0x0000xxxxx00000xxxxxx0x0000xx &
1(
1#
12
#13589384
b111111101100 7
0(
0#
02
#13591051
1(
1#
12
#13592718
b111111101101 7
0(
0#
02
#13594385
1(
1#
12
#13596052
b111111101110 7
0(
0#
02
#13597719
1(
1#
12
#13599386
b111111101111 7
0(
0#
02
#13601053
1(
1#
12
#13602720
b111111110000 7
0(
0#
02
#13604387
bx01x0x0x0xx00x01xxxxxxxxx0x0xx000xxxxx00000xxxxxx0x0000xx &
1(
1#
12
#13606054
b111111110001 7
0(
0#
02
#13607721
bx01x0x0x0xx00x01xxxxxxxxx0x0x0000xxxxx00000xxxxxx0x0000xx &
1(
1#
12
#13609388
b111111110010 7
0(
0#
02
#13611055
1(
1#
12
#13612722
b111111110011 7
0(
0#
02
#13614389
bx01x0x0x0xx00x01xxxxxxxxx0x0x0x00xxxxx00000xxxxxx0x0000xx &
1(
1#
12
#13616056
b111111110100 7
0(
0#
02
#13617723
bx01x0x0x0xx00x01xxxxxxxxx0x0x0x00xxxxx00000xxxxxx0x0000xx &
1(
1#
12
#13619390
b111111110101 7
0(
0#
02
#13621057
1(
1#
12
#13622724
b111111110110 7
0(
0#
02
#13624391
bx01x0x0x0xx00x01xxxxxxxxx0x0x00x0xxxxx00000xxxxxx0x0000xx &
1(
1#
12
#13626058
b111111110111 7
0(
0#
02
#13627725
bx01x0x0x0xx00x01xxxxxxxxx0x0x0000xxxxx00000xxxxxx0x0000xx &
1(
1#
12
#13629392
b111111111000 7
0(
0#
02
#13631059
bx01x0x0x0xx00x01xxxxxxxxx0x0x00x0xxxxx00000xxxxxx0x0000xx &
1(
1#
12
#13632726
b111111111001 7
0(
0#
02
#13634393
1(
1#
12
#13636060
b111111111010 7
0(
0#
02
#13637727
bx01x0x0x0xx00x01xxxxxxxxx0x0x000xxxxxx00000xxxxxx0x0000xx &
1(
1#
12
#13639394
b111111111011 7
0(
0#
02
#13641061
bx01x0x0x0xx00x01xxxxxxxxx0x0x0000xxxxx00000xxxxxx0x0000xx &
1(
1#
12
#13642728
b111111111100 7
0(
0#
02
#13644395
1(
1#
12
#13646062
b111111111101 7
0(
0#
02
#13647729
1(
1#
12
#13649396
b111111111110 7
0(
0#
02
#13651063
bx01x0x0x0xx00x01xxxxxxxxx000x0000xxxxx00000xxxxxx0x0000xx &
1(
1#
12
#13652730
b111111111111 7
0(
0#
02
#13654397
1(
1#
12
#13656064
b1000000000000 7
0(
0#
02
#13657731
bx01x0x0x0xx00x01xxxxxxxxx0x000000xxxxx00000xxxxxx0x0000xx &
1(
1#
12
#13659398
b1000000000001 7
0(
0#
02
#13661065
1(
1#
12
#13662732
b1000000000010 7
0(
0#
02
#13664399
bx01x0x0x0xx00x01xxxxxxxxx0x0x0000xxxxx00000xxxxxx0x0000xx &
1(
1#
12
#13666066
b1000000000011 7
0(
0#
02
#13667733
1(
1#
12
#13669400
b1000000000100 7
0(
0#
02
#13671067
1(
1#
12
#13672734
b1000000000101 7
0(
0#
02
#13674401
bx01x0x0x0xx00x01x0xxxxxxx0x0x0000xxxxx00000xxxxxx0x0000xx &
1(
1#
12
#13676068
b1000000000110 7
0(
0#
02
#13677735
bx01x0x0x0xx00x01x00xxxxxx0x0x0000xxxxx00000xxxxxx0x0000xx &
1(
1#
12
#13679402
b1000000000111 7
0(
0#
02
#13681069
bx01x0x0x0xx00x01xx00xxxxx0x0x0000xxxxx00000xxxxxx0x0000xx &
1(
1#
12
#13682736
b1000000001000 7
0(
0#
02
#13684403
bx01x0x0x0xx00x01xxx00xxxx0x0x0000xxxxx00000xxxxxx0x0000xx &
1(
1#
12
#13686070
b1000000001001 7
0(
0#
02
#13687737
bx01x0x0x0xx00x01xxxx00xxx0x0x0000xxxxx00000xxxxxx0x0000xx &
1(
1#
12
#13689404
b1000000001010 7
0(
0#
02
#13691071
bx01x0x0x0xx00x01xxxxx00xx0x0x0000xxxxx00000xxxxxx0x0000xx &
1(
1#
12
#13692738
b1000000001011 7
0(
0#
02
#13694405
bx01x0x0x0xx00x01xxxxxx00x0x0x0000xxxxx00000xxxxxx0x0000xx &
1(
1#
12
#13696072
b1000000001100 7
0(
0#
02
#13697739
bx01x0x0x0xx00x01xxxxxxx000x0x0000xxxxx00000xxxxxx0x0000xx &
1(
1#
12
#13699406
b1000000001101 7
0(
0#
02
#13701073
bx01x0x0x00x00x01xxxxxxxx00x0x0000xxxxx00000xxxxxx0x0000xx &
1(
1#
12
#13702740
b1000000001110 7
0(
0#
02
#13704407
bx01x0x0x00000x01xxxxxxxxx0x0x0000xxxxx00000xxxxxx0x0000xx &
1(
1#
12
#13706074
b1000000001111 7
0(
0#
02
#13707741
bx01x0x0x0x000x01xxxxxxxxx0x0x0000xxxxx00000xxxxxx0x0000xx &
1(
1#
12
#13709408
b1000000010000 7
0(
0#
02
#13711075
bx01x0x0x0xx00x01xxxxxxxxx0x0x0000xxxxx00000xxxxxx0x0000xx &
1(
1#
12
#13712742
b1000000010001 7
0(
0#
02
#13714409
bx01x0x0x0xx00001xxxxxxxxx0x0x0000xxxxx00000xxxxxx0x0000xx &
1(
1#
12
#13716076
b1000000010010 7
0(
0#
02
#13717743
1(
1#
12
#13719410
b1000000010011 7
0(
0#
02
#13721077
bx01x0x0x0xx00x01xxxxxxxxx0x0x0000xxxxx00000xxxxxx0x0000xx &
1(
1#
12
#13722744
b1000000010100 7
0(
0#
02
#13724411
bx01x0x0x0xx00x010xxxxxxxx0x0x0000xxxxx00000xxxxxx0x0000xx &
1(
1#
12
#13726078
b1000000010101 7
0(
0#
02
#13727745
1(
1#
12
#13729412
b1000000010110 7
0(
0#
02
#13731079
z,
bx0zx0x0x0xx00x01xxxxxxxxx0x0x0000xxxxx00000xxxxxx0x0000xx &
1(
1#
12
#13732746
b1000000010111 7
0(
0#
02
#13734413
bx0z00x0x0xx00x01xxxxxxxxx0x0x0000xxxxx00000xxxxxx0x0000xx &
1(
1#
12
#13736080
b1000000011000 7
0(
0#
02
#13737747
1,
bx0100x0x0xx00x01xxxxxxxxx0x0x0000xxxxx00000xxxxxx0x0000xx &
1(
1#
12
#13739414
b1000000011001 7
0(
0#
02
#13741081
bx01x000x0xx00x01xxxxxxxxx0x0x0000xxxxx00000xxxxxx0x0000xx &
1(
1#
12
#13742748
b1000000011010 7
0(
0#
02
#13744415
1(
1#
12
#13746082
b1000000011011 7
0(
0#
02
#13747749
bx01x0x000xx00x01xxxxxxxxx0x0x0000xxxxx00000xxxxxx0x0000xx &
1(
1#
12
#13749416
b1000000011100 7
0(
0#
02
#13751083
1(
1#
12
#13752750
b1000000011101 7
0(
0#
02
#13754417
b0xxxxxxx01x0x0x0xx00x01xxxxxxxxx0x0x0000xxxxx00000xxxxxx0x0000xx &
1(
1#
12
#13756084
b1000000011110 7
0(
0#
02
#13757751
b0xxxxxx01x0x0x0xx00x01xxxxxxxxx0x0x0000xxxxx00000xxxxxx0x0000xx &
1(
1#
12
#13759418
b1000000011111 7
0(
0#
02
#13761085
bx00xxxxx01x0x0x0xx00x01xxxxxxxxx0x0x0000xxxxx00000xxxxxx0x0000xx &
1(
1#
12
#13762752
b1000000100000 7
0(
0#
02
#13764419
bx00xxxx01x0x0x0xx00x01xxxxxxxxx0x0x0000xxxxx00000xxxxxx0x0000xx &
1(
1#
12
#13766086
b1000000100001 7
0(
0#
02
#13767753
bx00xxx01x0x0x0xx00x01xxxxxxxxx0x0x0000xxxxx00000xxxxxx0x0000xx &
1(
1#
12
#13769420
b1000000100010 7
0(
0#
02
#13771087
bx00xx01x0x0x0xx00x01xxxxxxxxx0x0x0000xxxxx00000xxxxxx0x0000xx &
1(
1#
12
#13772754
b1000000100011 7
0(
0#
02
#13774421
bx00x01x0x0x0xx00x01xxxxxxxxx0x0x0000xxxxx00000xxxxxx0x0000xx &
1(
1#
12
#13776088
b1000000100100 7
0(
0#
02
#13777755
bx0001x0x0x0xx00x01xxxxxxxxx0x0x0000xxxxx00000xxxxxx0x0000xx &
1(
1#
12
#13779422
b1000000100101 7
0(
0#
02
#13781089
bx001x0x0x0xx00x01xxxxxxxxx0x0x0000xxxxx00000xxxxxx0x0000xx &
1(
1#
12
#13782756
b1000000100110 7
0(
0#
02
#13784423
bx01x0x0x0xx00x01xxxxxxxxx0x0x0000xxxxx00000xxxxxx0x0000xx &
1(
1#
12
#13786090
b1000000100111 7
0(
0#
02
#13787757
1(
1#
12
#13789424
b1000000101000 7
0(
0#
02
#13791091
1(
1#
12
#13792758
b1000000101001 7
0(
0#
02
#13794425
1(
1#
12
#13796092
b1000000101010 7
0(
0#
02
#13797759
1(
1#
12
#13799426
b1000000101011 7
0(
0#
02
#13801093
1(
1#
12
#13802760
b1000000101100 7
0(
0#
02
#13804427
1(
1#
12
#13806094
b1000000101101 7
0(
0#
02
#13807761
1(
1#
12
#13809428
b1000000101110 7
0(
0#
02
#13811095
1(
1#
12
#13812762
b1000000101111 7
0(
0#
02
#13814429
1(
1#
12
#13816096
b1000000110000 7
0(
0#
02
#13817763
1(
1#
12
#13819430
b1000000110001 7
0(
0#
02
#13821097
1(
1#
12
#13822764
b1000000110010 7
0(
0#
02
#13824431
1(
1#
12
#13826098
b1000000110011 7
0(
0#
02
#13827765
1(
1#
12
#13829432
b1000000110100 7
0(
0#
02
#13831099
1(
1#
12
#13832766
b1000000110101 7
0(
0#
02
#13834433
1(
1#
12
#13836100
b1000000110110 7
0(
0#
02
#13837767
1(
1#
12
#13839434
b1000000110111 7
0(
0#
02
#13841101
1(
1#
12
#13842768
b1000000111000 7
0(
0#
02
#13844435
1(
1#
12
#13846102
b1000000111001 7
0(
0#
02
#13847769
1(
1#
12
#13849436
b1000000111010 7
0(
0#
02
#13851103
1(
1#
12
#13852770
b1000000111011 7
0(
0#
02
#13854437
1(
1#
12
#13856104
b1000000111100 7
0(
0#
02
#13857771
1(
1#
12
#13859438
b1000000111101 7
0(
0#
02
#13861105
1(
1#
12
#13862772
b1000000111110 7
0(
0#
02
#13864439
1(
1#
12
#13866106
b1000000111111 7
0(
0#
02
#13867773
1(
1#
12
#13869440
b1000001000000 7
0(
0#
02
#13871107
1(
1#
12
#13872774
b1000001000001 7
0(
0#
02
#13874441
1(
1#
12
#13876108
b1000001000010 7
0(
0#
02
#13877775
1(
1#
12
#13879442
b1000001000011 7
0(
0#
02
#13881109
1(
1#
12
#13882776
b1000001000100 7
0(
0#
02
#13884443
1(
1#
12
#13886110
b1000001000101 7
0(
0#
02
#13887777
1(
1#
12
#13889444
b1000001000110 7
0(
0#
02
#13891111
1(
1#
12
#13892778
b1000001000111 7
0(
0#
02
#13894445
1(
1#
12
#13896112
b1000001001000 7
0(
0#
02
#13897779
1(
1#
12
#13899446
b1000001001001 7
0(
0#
02
#13901113
1(
1#
12
#13902780
b1000001001010 7
0(
0#
02
#13904447
1(
1#
12
#13906114
b1000001001011 7
0(
0#
02
#13907781
1(
1#
12
#13909448
b1000001001100 7
0(
0#
02
#13911115
1(
1#
12
#13912782
b1000001001101 7
0(
0#
02
#13914449
1(
1#
12
#13916116
b1000001001110 7
0(
0#
02
#13917783
1(
1#
12
#13919450
b1000001001111 7
0(
0#
02
#13921117
1(
1#
12
#13922784
b1000001010000 7
0(
0#
02
#13924451
1(
1#
12
#13926118
b1000001010001 7
0(
0#
02
#13927785
1(
1#
12
#13929452
b1000001010010 7
0(
0#
02
#13931119
1(
1#
12
#13932786
b1000001010011 7
0(
0#
02
#13934453
1(
1#
12
#13936120
b1000001010100 7
0(
0#
02
#13937787
1(
1#
12
#13939454
b1000001010101 7
0(
0#
02
#13941121
1(
1#
12
#13942788
b1000001010110 7
0(
0#
02
#13944455
1(
1#
12
#13946122
b1000001010111 7
0(
0#
02
#13947789
1(
1#
12
#13949456
b1000001011000 7
0(
0#
02
#13951123
1(
1#
12
#13952790
b1000001011001 7
0(
0#
02
#13954457
1(
1#
12
#13956124
b1000001011010 7
0(
0#
02
#13957791
1(
1#
12
#13959458
b1000001011011 7
0(
0#
02
#13961125
1(
1#
12
#13962792
b1000001011100 7
0(
0#
02
#13964459
1(
1#
12
#13966126
b1000001011101 7
0(
0#
02
#13967793
1(
1#
12
#13969460
b1000001011110 7
0(
0#
02
#13971127
1(
1#
12
#13972794
b1000001011111 7
0(
0#
02
#13974461
1(
1#
12
#13976128
b1000001100000 7
0(
0#
02
#13977795
1(
1#
12
#13979462
b1000001100001 7
0(
0#
02
#13981129
1(
1#
12
#13982796
b1000001100010 7
0(
0#
02
#13984463
1(
1#
12
#13986130
b1000001100011 7
0(
0#
02
#13987797
1(
1#
12
#13989464
b1000001100100 7
0(
0#
02
#13991131
1(
1#
12
#13992798
b1000001100101 7
0(
0#
02
#13994465
1(
1#
12
#13996132
b1000001100110 7
0(
0#
02
#13997799
1(
1#
12
#13999466
b1000001100111 7
0(
0#
02
#14001133
1(
1#
12
#14002800
b1000001101000 7
0(
0#
02
#14004467
1(
1#
12
#14006134
b1000001101001 7
0(
0#
02
#14007801
1(
1#
12
#14009468
b1000001101010 7
0(
0#
02
#14011135
1(
1#
12
#14012802
b1000001101011 7
0(
0#
02
#14014469
1(
1#
12
#14016136
b1000001101100 7
0(
0#
02
#14017803
1(
1#
12
#14019470
b1000001101101 7
0(
0#
02
#14021137
1(
1#
12
#14022804
b1000001101110 7
0(
0#
02
#14024471
1(
1#
12
#14026138
b1000001101111 7
0(
0#
02
#14027805
1(
1#
12
#14029472
b1000001110000 7
0(
0#
02
#14031139
1(
1#
12
#14032806
b1000001110001 7
0(
0#
02
#14034473
1(
1#
12
#14036140
b1000001110010 7
0(
0#
02
#14037807
1(
1#
12
#14039474
b1000001110011 7
0(
0#
02
#14041141
1(
1#
12
#14042808
b1000001110100 7
0(
0#
02
#14044475
1(
1#
12
#14046142
b1000001110101 7
0(
0#
02
#14047809
1(
1#
12
#14049476
b1000001110110 7
0(
0#
02
#14051143
1(
1#
12
#14052810
b1000001110111 7
0(
0#
02
#14054477
1(
1#
12
#14056144
b1000001111000 7
0(
0#
02
#14057811
1(
1#
12
#14059478
b1000001111001 7
0(
0#
02
#14061145
1(
1#
12
#14062812
b1000001111010 7
0(
0#
02
#14064479
1(
1#
12
#14066146
b1000001111011 7
0(
0#
02
#14067813
1(
1#
12
#14069480
b1000001111100 7
0(
0#
02
#14071147
1(
1#
12
#14072814
b1000001111101 7
0(
0#
02
#14074481
1(
1#
12
#14076148
b1000001111110 7
0(
0#
02
#14077815
1(
1#
12
#14079482
b1000001111111 7
0(
0#
02
#14081149
1(
1#
12
#14082816
b1000010000000 7
0(
0#
02
#14084483
1(
1#
12
#14086150
b1000010000001 7
0(
0#
02
#14087817
1(
1#
12
#14089484
b1000010000010 7
0(
0#
02
#14091151
1(
1#
12
#14092818
b1000010000011 7
0(
0#
02
#14094485
1(
1#
12
#14096152
b1000010000100 7
0(
0#
02
#14097819
1(
1#
12
#14099486
b1000010000101 7
0(
0#
02
#14101153
1(
1#
12
#14102820
b1000010000110 7
0(
0#
02
#14104487
1(
1#
12
#14106154
b1000010000111 7
0(
0#
02
#14107821
1(
1#
12
#14109488
b1000010001000 7
0(
0#
02
#14111155
1(
1#
12
#14112822
b1000010001001 7
0(
0#
02
#14114489
1(
1#
12
#14116156
b1000010001010 7
0(
0#
02
#14117823
1(
1#
12
#14119490
b1000010001011 7
0(
0#
02
#14121157
1(
1#
12
#14122824
b1000010001100 7
0(
0#
02
#14124491
1(
1#
12
#14126158
b1000010001101 7
0(
0#
02
#14127825
1(
1#
12
#14129492
b1000010001110 7
0(
0#
02
#14131159
1(
1#
12
#14132826
b1000010001111 7
0(
0#
02
#14134493
1(
1#
12
#14136160
b1000010010000 7
0(
0#
02
#14137827
1(
1#
12
#14139494
b1000010010001 7
0(
0#
02
#14141161
1(
1#
12
#14142828
b1000010010010 7
0(
0#
02
#14144495
1(
1#
12
#14146162
b1000010010011 7
0(
0#
02
#14147829
1(
1#
12
#14149496
b1000010010100 7
0(
0#
02
#14151163
1(
1#
12
#14152830
b1000010010101 7
0(
0#
02
#14154497
1(
1#
12
#14156164
b1000010010110 7
0(
0#
02
#14157831
1(
1#
12
#14159498
b1000010010111 7
0(
0#
02
#14161165
1(
1#
12
#14162832
b1000010011000 7
0(
0#
02
#14164499
1(
1#
12
#14166166
b1000010011001 7
0(
0#
02
#14167833
1(
1#
12
#14169500
b1000010011010 7
0(
0#
02
#14171167
1(
1#
12
#14172834
b1000010011011 7
0(
0#
02
#14174501
1(
1#
12
#14176168
b1000010011100 7
0(
0#
02
#14177835
1(
1#
12
#14179502
b1000010011101 7
0(
0#
02
#14181169
1(
1#
12
#14182836
b1000010011110 7
0(
0#
02
#14184503
1(
1#
12
#14186170
b1000010011111 7
0(
0#
02
#14187837
bx01x0x0x0xx00x01xxxxxxxxx0x0x0000xxxxx00000xxxxxxxx0000xx &
1(
1#
12
#14189504
b1000010100000 7
0(
0#
02
#14191171
1(
1#
12
#14192838
b1000010100001 7
0(
0#
02
#14194505
bx01x0x0x0xx00x01xxxxxxxxx0x0x0000xxxxx00000xxxxxx0x0000xx &
1(
1#
12
#14196172
b1000010100010 7
0(
0#
02
#14197839
1(
1#
12
#14199506
b1000010100011 7
0(
0#
02
#14201173
bx01x0x0x0xx00x01xxxxxxxxx0x0x0000xxxxx00000xxxxxx000000xx &
1(
1#
12
#14202840
b1000010100100 7
0(
0#
02
#14204507
1(
1#
12
#14206174
b1000010100101 7
0(
0#
02
#14207841
1(
1#
12
#14209508
b1000010100110 7
0(
0#
02
#14211175
bx01x0x0x0xx00x01xxxxxxxxx0x0x0000xxxxx00000xxxxxx0xx000xx &
1(
1#
12
#14212842
b1000010100111 7
0(
0#
02
#14214509
bx01x0x0x0xx00x01xxxxxxxxx0x0x0000xxxxx00000xxxxxx0x0000xx &
1(
1#
12
#14216176
b1000010101000 7
0(
0#
02
#14217843
bx01x0x0x0xx00x01xxxxxxxxx0x0x0000xxxxx00000xxxxxx0x0000xx &
1(
1#
12
#14219510
b1000010101001 7
0(
0#
02
#14221177
1(
1#
12
#14222844
b1000010101010 7
0(
0#
02
#14224511
bx01x0x0x0xx00x01xxxxxxxxx0x0x0000xxxxx00000xxxxxx0x0x00xx &
1(
1#
12
#14226178
b1000010101011 7
0(
0#
02
#14227845
1(
1#
12
#14229512
b1000010101100 7
0(
0#
02
#14231179
bx01x0x0x0xx00x01xxxxxxxxx0x0x0000xxxxx00000xxxxxx0x0000xx &
1(
1#
12
#14232846
b1000010101101 7
0(
0#
02
#14234513
bx01x0x0x0xx00x01xxxxxxxxx0x0x0000xxxxx00000xxxxxx0x0x00xx &
1(
1#
12
#14236180
b1000010101110 7
0(
0#
02
#14237847
bx01x0x0x0xx00x01xxxxxxxxx0x0x0000xxxxx00000xxxxxx0x00x0xx &
1(
1#
12
#14239514
b1000010101111 7
0(
0#
02
#14241181
bx01x0x0x0xx00x01xxxxxxxxx0x0x0000xxxxx00000xxxxxx0x0000xx &
1(
1#
12
#14242848
b1000010110000 7
0(
0#
02
#14244515
bx01x0x0x0xx00x01xxxxxxxxx0x0x0000xxxxx00000xxxxxx0x00x0xx &
1(
1#
12
#14246182
b1000010110001 7
0(
0#
02
#14247849
bx01x0x0x0xx00x01xxxxxxxxx0x0x0000xxxxx00000xxxxxx0x0000xx &
1(
1#
12
#14249516
b1000010110010 7
0(
0#
02
#14251183
bx01x0x0x0xx00x01xxxxxxxxx0x0x0000xxxxx00000xxxxxx0x000xxx &
1(
1#
12
#14252850
b1000010110011 7
0(
0#
02
#14254517
1(
1#
12
#14256184
b1000010110100 7
0(
0#
02
#14257851
bx01x0x0x0xx00x01xxxxxxxxx0x0x0000xxxxx00000xxxxxx0x0000xx &
1(
1#
12
#14259518
b1000010110101 7
0(
0#
02
#14261185
bx01x0x0x0xx00x01xxxxxxxxx0x0x0000xxxxx00000xxxxxx0x000xxx &
1(
1#
12
#14262852
b1000010110110 7
0(
0#
02
#14264519
bx01x0x0x0xx00x01xxxxxxxxx0x0x0000xxxxx00000xxxxxx0x00000x &
1(
1#
12
#14266186
b1000010110111 7
0(
0#
02
#14267853
bx01x0x0x0xx00x01xxxxxxxxx0x0x0000xxxxx00000xxxxxx0x0000xx &
1(
1#
12
#14269520
b1000010111000 7
0(
0#
02
#14271187
1(
1#
12
#14272854
b1000010111001 7
0(
0#
02
#14274521
bx01x0x0x0xx00x01xxxxxxxxx0x0x0000xxxxx00000xxxxxx0x00000x &
1(
1#
12
#14276188
b1000010111010 7
0(
0#
02
#14277855
bx01x0x0x0xx00x01xxxxxxxxx0x0x0000xxxxx00000xxxxxx0x0000xx &
1(
1#
12
#14279522
b1000010111011 7
0(
0#
02
#14281189
1(
1#
12
#14282856
b1000010111100 7
0(
0#
02
#14284523
bx01x0x0x0xx00x01xxxxxxxxx0x0x0000xxxxx00000xxxxxx0x0000x0 &
1(
1#
12
#14286190
b1000010111101 7
0(
0#
02
#14287857
1(
1#
12
#14289524
b1000010111110 7
0(
0#
02
#14291191
bx01x0x0x0xx00x01xxxxxxxxx0x0x0000xxxxx00000xxxxxx000000xx &
1(
1#
12
#14292858
b1000010111111 7
0(
0#
02
#14294525
1(
1#
12
#14296192
b1000011000000 7
0(
0#
02
#14297859
bx01x0x0x0xx00x01xxxxxxxxx0x0x0000xxxxx00000xxxxxx0x0000xx &
1(
1#
12
#14299526
b1000011000001 7
0(
0#
02
#14301193
1(
1#
12
#14302860
b1000011000010 7
0(
0#
02
#14304527
1(
1#
12
#14306194
b1000011000011 7
0(
0#
02
#14307861
bx01x0x0x0xx00x01xxxxxxxxx0x0x0000xxxxx00000xxxxxx0x00000x &
1(
1#
12
#14309528
b1000011000100 7
0(
0#
02
#14311195
bx01x0x0x0xx00x01xxxxxxxxx0x0x0000xxxxx00000xxxxxx0x000000 &
1(
1#
12
#14312862
b1000011000101 7
0(
0#
02
#14314529
bx01x0x0x0xx00x01xxxxxxxxx0x0x0000xxxxx00000xxxxxx0x0000x0 &
1(
1#
12
#14316196
b1000011000110 7
0(
0#
02
#14317863
bx01x0x0x0xx00x01xxxxxxxxx0x0x0000xxxxx00000xxxxxx0x0000xx &
1(
1#
12
#14319530
b1000011000111 7
0(
0#
02
#14321197
1(
1#
12
#14322864
b1000011001000 7
0(
0#
02
#14324531
1(
1#
12
#14326198
b1000011001001 7
0(
0#
02
#14327865
1(
1#
12
#14329532
b1000011001010 7
0(
0#
02
#14331199
1(
1#
12
#14332866
b1000011001011 7
0(
0#
02
#14334533
1(
1#
12
#14336200
b1000011001100 7
0(
0#
02
#14337867
1(
1#
12
#14339534
b1000011001101 7
0(
0#
02
#14341201
1(
1#
12
#14342868
b1000011001110 7
0(
0#
02
#14344535
1(
1#
12
#14346202
b1000011001111 7
0(
0#
02
#14347869
1(
1#
12
#14349536
b1000011010000 7
0(
0#
02
#14351203
1(
1#
12
#14352870
b1000011010001 7
0(
0#
02
#14354537
1(
1#
12
#14356204
b1000011010010 7
0(
0#
02
#14357871
1(
1#
12
#14359538
b1000011010011 7
0(
0#
02
#14361205
1(
1#
12
#14362872
b1000011010100 7
0(
0#
02
#14364539
1(
1#
12
#14366206
b1000011010101 7
0(
0#
02
#14367873
1(
1#
12
#14369540
b1000011010110 7
0(
0#
02
#14371207
1(
1#
12
#14372874
b1000011010111 7
0(
0#
02
#14374541
1(
1#
12
#14376208
b1000011011000 7
0(
0#
02
#14377875
1(
1#
12
#14379542
b1000011011001 7
0(
0#
02
#14381209
1(
1#
12
#14382876
b1000011011010 7
0(
0#
02
#14384543
1(
1#
12
#14386210
b1000011011011 7
0(
0#
02
#14387877
1(
1#
12
#14389544
b1000011011100 7
0(
0#
02
#14391211
1(
1#
12
#14392878
b1000011011101 7
0(
0#
02
#14394545
1(
1#
12
#14396212
b1000011011110 7
0(
0#
02
#14397879
1(
1#
12
#14399546
b1000011011111 7
0(
0#
02
#14401213
1(
1#
12
#14402880
b1000011100000 7
0(
0#
02
#14404547
1(
1#
12
#14406214
b1000011100001 7
0(
0#
02
#14407881
1(
1#
12
#14409548
b1000011100010 7
0(
0#
02
#14411215
1(
1#
12
#14412882
b1000011100011 7
0(
0#
02
#14414549
1(
1#
12
#14416216
b1000011100100 7
0(
0#
02
#14417883
1(
1#
12
#14419550
b1000011100101 7
0(
0#
02
#14421217
1(
1#
12
#14422884
b1000011100110 7
0(
0#
02
#14424551
1(
1#
12
#14426218
b1000011100111 7
0(
0#
02
#14427885
1(
1#
12
#14429552
b1000011101000 7
0(
0#
02
#14431219
1(
1#
12
#14432886
b1000011101001 7
0(
0#
02
#14434553
1(
1#
12
#14436220
b1000011101010 7
0(
0#
02
#14437887
1(
1#
12
#14439554
b1000011101011 7
0(
0#
02
#14441221
1(
1#
12
#14442888
b1000011101100 7
0(
0#
02
#14444555
1(
1#
12
#14446222
b1000011101101 7
0(
0#
02
#14447889
1(
1#
12
#14449556
b1000011101110 7
0(
0#
02
#14451223
1(
1#
12
#14452890
b1000011101111 7
0(
0#
02
#14454557
1(
1#
12
#14456224
b1000011110000 7
0(
0#
02
#14457891
1(
1#
12
#14459558
b1000011110001 7
0(
0#
02
#14461225
1(
1#
12
#14462892
b1000011110010 7
0(
0#
02
#14464559
1(
1#
12
#14466226
b1000011110011 7
0(
0#
02
#14467893
1(
1#
12
#14469560
b1000011110100 7
0(
0#
02
#14471227
1(
1#
12
#14472894
b1000011110101 7
0(
0#
02
#14474561
1(
1#
12
#14476228
b1000011110110 7
0(
0#
02
#14477895
1(
1#
12
#14479562
b1000011110111 7
0(
0#
02
#14481229
1(
1#
12
#14482896
b1000011111000 7
0(
0#
02
#14484563
1(
1#
12
#14486230
b1000011111001 7
0(
0#
02
#14487897
1(
1#
12
#14489564
b1000011111010 7
0(
0#
02
#14491231
1(
1#
12
#14492898
b1000011111011 7
0(
0#
02
#14494565
1(
1#
12
#14496232
b1000011111100 7
0(
0#
02
#14497899
1(
1#
12
#14499566
b1000011111101 7
0(
0#
02
#14501233
1(
1#
12
#14502900
b1000011111110 7
0(
0#
02
#14504567
1(
1#
12
#14506234
b1000011111111 7
0(
0#
02
#14507901
1(
1#
12
#14509568
b1000100000000 7
0(
0#
02
#14511235
1(
1#
12
#14512902
b1000100000001 7
0(
0#
02
#14514569
1(
1#
12
#14516236
b1000100000010 7
0(
0#
02
#14517903
1(
1#
12
#14519570
b1000100000011 7
0(
0#
02
#14521237
1(
1#
12
#14522904
b1000100000100 7
0(
0#
02
#14524571
1(
1#
12
#14526238
b1000100000101 7
0(
0#
02
#14527905
1(
1#
12
#14529572
b1000100000110 7
0(
0#
02
#14531239
1(
1#
12
#14532906
b1000100000111 7
0(
0#
02
#14534573
1(
1#
12
#14536240
b1000100001000 7
0(
0#
02
#14537907
1(
1#
12
#14539574
b1000100001001 7
0(
0#
02
#14541241
1(
1#
12
#14542908
b1000100001010 7
0(
0#
02
#14544575
1(
1#
12
#14546242
b1000100001011 7
0(
0#
02
#14547909
1(
1#
12
#14549576
b1000100001100 7
0(
0#
02
#14551243
1(
1#
12
#14552910
b1000100001101 7
0(
0#
02
#14554577
1(
1#
12
#14556244
b1000100001110 7
0(
0#
02
#14557911
1(
1#
12
#14559578
b1000100001111 7
0(
0#
02
#14561245
1(
1#
12
#14562912
b1000100010000 7
0(
0#
02
#14564579
1(
1#
12
#14566246
b1000100010001 7
0(
0#
02
#14567913
1(
1#
12
#14569580
b1000100010010 7
0(
0#
02
#14571247
1(
1#
12
#14572914
b1000100010011 7
0(
0#
02
#14574581
1(
1#
12
#14576248
b1000100010100 7
0(
0#
02
#14577915
1(
1#
12
#14579582
b1000100010101 7
0(
0#
02
#14581249
1(
1#
12
#14582916
b1000100010110 7
0(
0#
02
#14584583
1(
1#
12
#14586250
b1000100010111 7
0(
0#
02
#14587917
1(
1#
12
#14589584
b1000100011000 7
0(
0#
02
#14591251
1(
1#
12
#14592918
b1000100011001 7
0(
0#
02
#14594585
1(
1#
12
#14596252
b1000100011010 7
0(
0#
02
#14597919
1(
1#
12
#14599586
b1000100011011 7
0(
0#
02
#14601253
1(
1#
12
#14602920
b1000100011100 7
0(
0#
02
#14604587
1(
1#
12
#14606254
b1000100011101 7
0(
0#
02
#14607921
1(
1#
12
#14609588
b1000100011110 7
0(
0#
02
#14611255
1(
1#
12
#14612922
b1000100011111 7
0(
0#
02
#14614589
1(
1#
12
#14616256
b1000100100000 7
0(
0#
02
#14617923
1(
1#
12
#14619590
b1000100100001 7
0(
0#
02
#14621257
1(
1#
12
#14622924
b1000100100010 7
0(
0#
02
#14624591
1(
1#
12
#14626258
b1000100100011 7
0(
0#
02
#14627925
1(
1#
12
#14629592
b1000100100100 7
0(
0#
02
#14631259
1(
1#
12
#14632926
b1000100100101 7
0(
0#
02
#14634593
1(
1#
12
#14636260
b1000100100110 7
0(
0#
02
#14637927
1(
1#
12
#14639594
b1000100100111 7
0(
0#
02
#14641261
1(
1#
12
#14642928
b1000100101000 7
0(
0#
02
#14644595
1(
1#
12
#14646262
b1000100101001 7
0(
0#
02
#14647929
1(
1#
12
#14649596
b1000100101010 7
0(
0#
02
#14651263
1(
1#
12
#14652930
b1000100101011 7
0(
0#
02
#14654597
1(
1#
12
#14656264
b1000100101100 7
0(
0#
02
#14657931
1(
1#
12
#14659598
b1000100101101 7
0(
0#
02
#14661265
1(
1#
12
#14662932
b1000100101110 7
0(
0#
02
#14664599
1(
1#
12
#14666266
b1000100101111 7
0(
0#
02
#14667933
1(
1#
12
#14669600
b1000100110000 7
0(
0#
02
#14671267
1(
1#
12
#14672934
b1000100110001 7
0(
0#
02
#14674601
1(
1#
12
#14676268
b1000100110010 7
0(
0#
02
#14677935
1(
1#
12
#14679602
b1000100110011 7
0(
0#
02
#14681269
1(
1#
12
#14682936
b1000100110100 7
0(
0#
02
#14684603
bx01x0x0x0xx00x01xxxxxxxxx0x0x0000xxxxx000x0xxxxxx0x0000xx &
1(
1#
12
#14686270
b1000100110101 7
0(
0#
02
#14687937
1(
1#
12
#14689604
b1000100110110 7
0(
0#
02
#14691271
bx01x0x0x0xx00x01xxxxxxxxx0x0x0000xxxxx00000xxxxxx0x0000xx &
1(
1#
12
#14692938
b1000100110111 7
0(
0#
02
#14694605
1(
1#
12
#14696272
b1000100111000 7
0(
0#
02
#14697939
1(
1#
12
#14699606
b1000100111001 7
0(
0#
02
#14701273
bx01x0x0x0xx00x01xxxxxxxxx0x0x0000xxxxx0000xxxxxxx0x0000xx &
1(
1#
12
#14702940
b1000100111010 7
0(
0#
02
#14704607
bx01x0x0x0xx00x01xxxxxxxxx0x0x0000xxxxx00000xxxxxx0x0000xx &
1(
1#
12
#14706274
b1000100111011 7
0(
0#
02
#14707941
1(
1#
12
#14709608
b1000100111100 7
0(
0#
02
#14711275
1(
1#
12
#14712942
b1000100111101 7
0(
0#
02
#14714609
1(
1#
12
#14716276
b1000100111110 7
0(
0#
02
#14717943
bx01x0x0x0xx00x01xxxxxxxxx0x0x0000xxxxx000000xxxxx0x0000xx &
1(
1#
12
#14719610
b1000100111111 7
0(
0#
02
#14721277
bx01x0x0x0xx00x01xxxxxxxxx0x0x0000xxxxx00000xxxxxx0x0000xx &
1(
1#
12
#14722944
b1000101000000 7
0(
0#
02
#14724611
1(
1#
12
#14726278
b1000101000001 7
0(
0#
02
#14727945
bx01x0x0x0xx00x01xxxxxxxxx0x0x0000xxxxx00000x0xxxx0x0000xx &
1(
1#
12
#14729612
b1000101000010 7
0(
0#
02
#14731279
bx01x0x0x0xx00x01xxxxxxxxx0x0x0000xxxxx00000x0xxxx0x0000xx &
1(
1#
12
#14732946
b1000101000011 7
0(
0#
02
#14734613
1(
1#
12
#14736280
b1000101000100 7
0(
0#
02
#14737947
bx01x0x0x0xx00x01xxxxxxxxx0x0x0000xxxxx00000xxxxxx0x0000xx &
1(
1#
12
#14739614
b1000101000101 7
0(
0#
02
#14741281
1(
1#
12
#14742948
b1000101000110 7
0(
0#
02
#14744615
bx01x0x0x0xx00x01xxxxxxxxx0x0x0000xxxxx00000xx0xxx0x0000xx &
1(
1#
12
#14746282
b1000101000111 7
0(
0#
02
#14747949
bx01x0x0x0xx00x01xxxxxxxxx0x0x0000xxxxx00000xxxxxx0x0000xx &
1(
1#
12
#14749616
b1000101001000 7
0(
0#
02
#14751283
1(
1#
12
#14752950
b1000101001001 7
0(
0#
02
#14754617
bx01x0x0x0xx00x01xxxxxxxxx0x0x0000xxxxx00000xxx0xx0x0000xx &
1(
1#
12
#14756284
b1000101001010 7
0(
0#
02
#14757951
bx01x0x0x0xx00x01xxxxxxxxx0x0x0000xxxxx00000xxxxxx0x0000xx &
1(
1#
12
#14759618
b1000101001011 7
0(
0#
02
#14761285
bx01x0x0x0xx00x01xxxxxxxxx0x0x0000xxxxx00000xxx0xx0x0000xx &
1(
1#
12
#14762952
b1000101001100 7
0(
0#
02
#14764619
bx01x0x0x0xx00x01xxxxxxxxx0x0x0000xxxxx00000xxxxxx0x0000xx &
1(
1#
12
#14766286
b1000101001101 7
0(
0#
02
#14767953
1(
1#
12
#14769620
b1000101001110 7
0(
0#
02
#14771287
bx01x0x0x0xx00x01xxxxxxxxx0x0x0000xxxxx00000xxxx0x0x0000xx &
1(
1#
12
#14772954
b1000101001111 7
0(
0#
02
#14774621
1(
1#
12
#14776288
b1000101010000 7
0(
0#
02
#14777955
bx01x0x0x0xx00x01xxxxxxxxx0x0x0000xxxxx00000xxxxx00x0000xx &
1(
1#
12
#14779622
b1000101010001 7
0(
0#
02
#14781289
bx01x0x0x0xx00x01xxxxxxxxx0x0x0000xxxxx00000xxxxxx0x0000xx &
1(
1#
12
#14782956
b1000101010010 7
0(
0#
02
#14784623
bx01x0x0x0xx00x01xxxxxxxxx0x0x0000xxxxx00000xxxxx00x0000xx &
1(
1#
12
#14786290
b1000101010011 7
0(
0#
02
#14787957
1(
1#
12
#14789624
b1000101010100 7
0(
0#
02
#14791291
bx01x0x0x0xx00x01xxxxxxxxx0x0x0000xxxxx00000xxxxxx0x0000xx &
1(
1#
12
#14792958
b1000101010101 7
0(
0#
02
#14794625
bx01x0x0x0xx00x01xxxxxxxxx0x0x0000xxxxx000000xxxxx0x0000xx &
1(
1#
12
#14796292
b1000101010110 7
0(
0#
02
#14797959
bx01x0x0x0xx00x01xxxxxxxxx0x0x0000xxxxx0000000xxxx0x0000xx &
1(
1#
12
#14799626
b1000101010111 7
0(
0#
02
#14801293
bx01x0x0x0xx00x01xxxxxxxxx0x0x0000xxxxx00000x00xxx0x0000xx &
1(
1#
12
#14802960
b1000101011000 7
0(
0#
02
#14804627
bx01x0x0x0xx00x01xxxxxxxxx0x0x0000xxxxx00000xx00xx0x0000xx &
1(
1#
12
#14806294
b1000101011001 7
0(
0#
02
#14807961
bx01x0x0x0xx00x01xxxxxxxxx0x0x0000xxxxx00000xxx00x0x0000xx &
1(
1#
12
#14809628
b1000101011010 7
0(
0#
02
#14811295
bx01x0x0x0xx00x01x0xxxxxxx0x0x0000xxxxx00000xxxx000x0000xx &
1(
1#
12
#14812962
b1000101011011 7
0(
0#
02
#14814629
bx01x0x0x0xx00x01xxxxxxxxx0x0x0000xxxxx00000xxxxx00x0000xx &
1(
1#
12
#14816296
b1000101011100 7
0(
0#
02
#14817963
bx01x0x0x0xx00x01xxxxxxxxx0x0x0000xxxxx00000xxxxxx0x0000xx &
1(
1#
12
#14819630
b1000101011101 7
0(
0#
02
#14821297
1(
1#
12
#14822964
b1000101011110 7
0(
0#
02
#14824631
bx01x0x0x0xx00x01xx0xxxxxx0x0x0000xxxxx00000xxxxxx0x0000xx &
1(
1#
12
#14826298
b1000101011111 7
0(
0#
02
#14827965
1(
1#
12
#14829632
b1000101100000 7
0(
0#
02
#14831299
bx01x0x0x0xx00x01xxxxxxxxx0x0x0000xxxxx00000xxxxxx0x0000xx &
1(
1#
12
#14832966
b1000101100001 7
0(
0#
02
#14834633
1(
1#
12
#14836300
b1000101100010 7
0(
0#
02
#14837967
1(
1#
12
#14839634
b1000101100011 7
0(
0#
02
#14841301
bx01x0x0x0xx00x01x0xxxxxxx0x0x0000xxxxx00000xxxxxx0x0000xx &
1(
1#
12
#14842968
b1000101100100 7
0(
0#
02
#14844635
bx01x0x0x0xx00x01xxxxxxxxx0x0x0000xxxxx00000xxxxxx0x0000xx &
1(
1#
12
#14846302
b1000101100101 7
0(
0#
02
#14847969
1(
1#
12
#14849636
b1000101100110 7
0(
0#
02
#14851303
1(
1#
12
#14852970
b1000101100111 7
0(
0#
02
#14854637
bx01x0x0x0xx00x01xx0xxxxxx0x0x0000xxxxx00000xxxxxx0x0000xx &
1(
1#
12
#14856304
b1000101101000 7
0(
0#
02
#14857971
1(
1#
12
#14859638
b1000101101001 7
0(
0#
02
#14861305
bx01x0x0x0xx00x01xxxxx0xxx0x0x0000xxxxx00000xxxxxx0x0000xx &
1(
1#
12
#14862972
b1000101101010 7
0(
0#
02
#14864639
1(
1#
12
#14866306
b1000101101011 7
0(
0#
02
#14867973
bx01x0x0x0xx00x01xxxxx0xxx0x0x0000xxxxx00000xxxxxx0x0000xx &
1(
1#
12
#14869640
b1000101101100 7
0(
0#
02
#14871307
bx01x0x0x0xx00x01xxxxxxxxx0x0x0000xxxxx00000xxxxxx0x0000xx &
1(
1#
12
#14872974
b1000101101101 7
0(
0#
02
#14874641
1(
1#
12
#14876308
b1000101101110 7
0(
0#
02
#14877975
bx01x0x0x0xx00x01xxxxxx0xx0x0x0000xxxxx00000xxxxxx0x0000xx &
1(
1#
12
#14879642
b1000101101111 7
0(
0#
02
#14881309
bx01x0x0x0xx00x01xxxxxxxxx0x0x0000xxxxx00000xxxxxx0x0000xx &
1(
1#
12
#14882976
b1000101110000 7
0(
0#
02
#14884643
1(
1#
12
#14886310
b1000101110001 7
0(
0#
02
#14887977
1(
1#
12
#14889644
b1000101110010 7
0(
0#
02
#14891311
bx01x0x0x0xx00x01xxxxx0x0x0x0x0000xxxxx00000xxxxxx0x0000xx &
1(
1#
12
#14892978
b1000101110011 7
0(
0#
02
#14894645
bx01x0x0x0xx00x01xxxxx0xxx0x0x0000xxxxx00000xxxxxx0x0000xx &
1(
1#
12
#14896312
b1000101110100 7
0(
0#
02
#14897979
1(
1#
12
#14899646
b1000101110101 7
0(
0#
02
#14901313
bx01x0x0x0xx00x01xxxxxxxxx0x0x0000xxxxx00000xxxxxx0x0000xx &
1(
1#
12
#14902980
b1000101110110 7
0(
0#
02
#14904647
bx01x0x0x0xx00x01xxxxxxxx00x0x0000xxxxx00000xxxxxx0x0000xx &
1(
1#
12
#14906314
b1000101110111 7
0(
0#
02
#14907981
bx01x0x0x0xx00x01xxxxxx0x00x0x0000xxxxx00000xxxxxx0x0000xx &
1(
1#
12
#14909648
b1000101111000 7
0(
0#
02
#14911315
bx01x0x0x0xx00x01xxxxxxxxx0x0x0000xxxxx00000xxxxxx0x0000xx &
1(
1#
12
#14912982
b1000101111001 7
0(
0#
02
#14914649
1(
1#
12
#14916316
b1000101111010 7
0(
0#
02
#14917983
1(
1#
12
#14919650
b1000101111011 7
0(
0#
02
#14921317
bx01x0x0x0xx00x01xxxxxxx0x0x0x0000xxxxx00000xxxxxx0x0000xx &
1(
1#
12
#14922984
b1000101111100 7
0(
0#
02
#14924651
bx01x0x0x0xx00x01xxxxxxxxx0x0x0000xxxxx00000xxxxxx0x0000xx &
1(
1#
12
#14926318
b1000101111101 7
0(
0#
02
#14927985
1(
1#
12
#14929652
b1000101111110 7
0(
0#
02
#14931319
1(
1#
12
#14932986
b1000101111111 7
0(
0#
02
#14934653
bx01x0x0x0xx00x01xxxxxxxx00x0x0000xxxxx00000xxxxxx0x0000xx &
1(
1#
12
#14936320
b1000110000000 7
0(
0#
02
#14937987
1(
1#
12
#14939654
b1000110000001 7
0(
0#
02
#14941321
bx01x0x0x0xx00x01xxxxxxxxx0x0x0000xxxxx00000xxxxxx0x0000xx &
1(
1#
12
#14942988
b1000110000010 7
0(
0#
02
#14944655
1(
1#
12
#14946322
b1000110000011 7
0(
0#
02
#14947989
1(
1#
12
#14949656
b1000110000100 7
0(
0#
02
#14951323
1(
1#
12
#14952990
b1000110000101 7
0(
0#
02
#14954657
1(
1#
12
#14956324
b1000110000110 7
0(
0#
02
#14957991
1(
1#
12
#14959658
b1000110000111 7
0(
0#
02
#14961325
1(
1#
12
#14962992
b1000110001000 7
0(
0#
02
#14964659
1(
1#
12
#14966326
b1000110001001 7
0(
0#
02
#14967993
1(
1#
12
#14969660
b1000110001010 7
0(
0#
02
#14971327
1(
1#
12
#14972994
b1000110001011 7
0(
0#
02
#14974661
1(
1#
12
#14976328
b1000110001100 7
0(
0#
02
#14977995
1(
1#
12
#14979662
b1000110001101 7
0(
0#
02
#14981329
1(
1#
12
#14982996
b1000110001110 7
0(
0#
02
#14984663
1(
1#
12
#14986330
b1000110001111 7
0(
0#
02
#14987997
1(
1#
12
#14989664
b1000110010000 7
0(
0#
02
#14991331
1(
1#
12
#14992998
b1000110010001 7
0(
0#
02
#14994665
1(
1#
12
#14996332
b1000110010010 7
0(
0#
02
#14997999
1(
1#
12
#14999666
b1000110010011 7
0(
0#
02
#15001333
1(
1#
12
#15003000
b1000110010100 7
0(
0#
02
#15004667
1(
1#
12
#15006334
b1000110010101 7
0(
0#
02
#15008001
1(
1#
12
#15009668
b1000110010110 7
0(
0#
02
#15011335
1(
1#
12
#15013002
b1000110010111 7
0(
0#
02
#15014669
1(
1#
12
#15016336
b1000110011000 7
0(
0#
02
#15018003
1(
1#
12
#15019670
b1000110011001 7
0(
0#
02
#15021337
1(
1#
12
#15023004
b1000110011010 7
0(
0#
02
#15024671
1(
1#
12
#15026338
b1000110011011 7
0(
0#
02
#15028005
1(
1#
12
#15029672
b1000110011100 7
0(
0#
02
#15031339
1(
1#
12
#15033006
b1000110011101 7
0(
0#
02
#15034673
1(
1#
12
#15036340
b1000110011110 7
0(
0#
02
#15038007
1(
1#
12
#15039674
b1000110011111 7
0(
0#
02
#15041341
1(
1#
12
#15043008
b1000110100000 7
0(
0#
02
#15044675
1(
1#
12
#15046342
b1000110100001 7
0(
0#
02
#15048009
1(
1#
12
#15049676
b1000110100010 7
0(
0#
02
#15051343
1(
1#
12
#15053010
b1000110100011 7
0(
0#
02
#15054677
1(
1#
12
#15056344
b1000110100100 7
0(
0#
02
#15058011
1(
1#
12
#15059678
b1000110100101 7
0(
0#
02
#15061345
1(
1#
12
#15063012
b1000110100110 7
0(
0#
02
#15064679
1(
1#
12
#15066346
b1000110100111 7
0(
0#
02
#15068013
1(
1#
12
#15069680
b1000110101000 7
0(
0#
02
#15071347
1(
1#
12
#15073014
b1000110101001 7
0(
0#
02
#15074681
1(
1#
12
#15076348
b1000110101010 7
0(
0#
02
#15078015
1(
1#
12
#15079682
b1000110101011 7
0(
0#
02
#15081349
1(
1#
12
#15083016
b1000110101100 7
0(
0#
02
#15084683
1(
1#
12
#15086350
b1000110101101 7
0(
0#
02
#15088017
1(
1#
12
#15089684
b1000110101110 7
0(
0#
02
#15091351
1(
1#
12
#15093018
b1000110101111 7
0(
0#
02
#15094685
1(
1#
12
#15096352
b1000110110000 7
0(
0#
02
#15098019
1(
1#
12
#15099686
b1000110110001 7
0(
0#
02
#15101353
1(
1#
12
#15103020
b1000110110010 7
0(
0#
02
#15104687
1(
1#
12
#15106354
b1000110110011 7
0(
0#
02
#15108021
1(
1#
12
#15109688
b1000110110100 7
0(
0#
02
#15111355
1(
1#
12
#15113022
b1000110110101 7
0(
0#
02
#15114689
1(
1#
12
#15116356
b1000110110110 7
0(
0#
02
#15118023
1(
1#
12
#15119690
b1000110110111 7
0(
0#
02
#15121357
1(
1#
12
#15123024
b1000110111000 7
0(
0#
02
#15124691
1(
1#
12
#15126358
b1000110111001 7
0(
0#
02
#15128025
1(
1#
12
#15129692
b1000110111010 7
0(
0#
02
#15131359
1(
1#
12
#15133026
b1000110111011 7
0(
0#
02
#15134693
1(
1#
12
#15136360
b1000110111100 7
0(
0#
02
#15138027
1(
1#
12
#15139694
b1000110111101 7
0(
0#
02
#15141361
1(
1#
12
#15143028
b1000110111110 7
0(
0#
02
#15144695
1(
1#
12
#15146362
b1000110111111 7
0(
0#
02
#15148029
1(
1#
12
#15149696
b1000111000000 7
0(
0#
02
#15151363
1(
1#
12
#15153030
b1000111000001 7
0(
0#
02
#15154697
1(
1#
12
#15156364
b1000111000010 7
0(
0#
02
#15158031
1(
1#
12
#15159698
b1000111000011 7
0(
0#
02
#15161365
1(
1#
12
#15163032
b1000111000100 7
0(
0#
02
#15164699
1(
1#
12
#15166366
b1000111000101 7
0(
0#
02
#15168033
1(
1#
12
#15169700
b1000111000110 7
0(
0#
02
#15171367
1(
1#
12
#15173034
b1000111000111 7
0(
0#
02
#15174701
1(
1#
12
#15176368
b1000111001000 7
0(
0#
02
#15178035
1(
1#
12
#15179702
b1000111001001 7
0(
0#
02
#15181369
1(
1#
12
#15183036
b1000111001010 7
0(
0#
02
#15184703
1(
1#
12
#15186370
b1000111001011 7
0(
0#
02
#15188037
1(
1#
12
#15189704
b1000111001100 7
0(
0#
02
#15191371
1(
1#
12
#15193038
b1000111001101 7
0(
0#
02
#15194705
1(
1#
12
#15196372
b1000111001110 7
0(
0#
02
#15198039
1(
1#
12
#15199706
b1000111001111 7
0(
0#
02
#15201373
1(
1#
12
#15203040
b1000111010000 7
0(
0#
02
#15204707
1(
1#
12
#15206374
b1000111010001 7
0(
0#
02
#15208041
1(
1#
12
#15209708
b1000111010010 7
0(
0#
02
#15211375
bx01x0x0x0xx00x01x0xxxxxxx0x0x0000xxxxx00000xxxxxx0x0000xx &
1(
1#
12
#15213042
b1000111010011 7
0(
0#
02
#15214709
bx01x0x0x0xx00x01xxxxxxxxx0x0x0000xxxxx00000xxxxxx0x0000xx &
1(
1#
12
#15216376
b1000111010100 7
0(
0#
02
#15218043
1(
1#
12
#15219710
b1000111010101 7
0(
0#
02
#15221377
1(
1#
12
#15223044
b1000111010110 7
0(
0#
02
#15224711
bx01x0x0x0xx00x01xx0xxxxxx0x0x0000xxxxx00000xxxxxx0x0000xx &
1(
1#
12
#15226378
b1000111010111 7
0(
0#
02
#15228045
1(
1#
12
#15229712
b1000111011000 7
0(
0#
02
#15231379
bx01x0x0x0xx00x01xxxxxxxxx0x0x0000xxxxx00000xxxxxx0x0000xx &
1(
1#
12
#15233046
b1000111011001 7
0(
0#
02
#15234713
1(
1#
12
#15236380
b1000111011010 7
0(
0#
02
#15238047
1(
1#
12
#15239714
b1000111011011 7
0(
0#
02
#15241381
1(
1#
12
#15243048
b1000111011100 7
0(
0#
02
#15244715
1(
1#
12
#15246382
b1000111011101 7
0(
0#
02
#15248049
1(
1#
12
#15249716
b1000111011110 7
0(
0#
02
#15251383
bx1x0x0x0xx00x01xxxxxxxxx0x0x0000xxxxx00000xxxxxx0x0000xx &
1(
1#
12
#15253050
b1000111011111 7
0(
0#
02
#15254717
bx1x0x0x0xx00x01xxxxxxxxx0x0x0000xxxxx00000xxxxxx0x0000xx &
1(
1#
12
#15256384
b1000111100000 7
0(
0#
02
#15258051
0,
bx00x0x0x0xx00x01xxxxxxxxx0x0x0000xxxxx00000xxxxxx0x0000xx &
1(
1#
12
#15259718
b1000111100001 7
0(
0#
02
#15261385
0,
bx0x0x0x0xx00x01xxxxx0xxx0x0x0000xxxxx00000xxxxxx0x0000xx &
1(
1#
12
#15263052
b1000111100010 7
0(
0#
02
#15264719
1(
1#
12
#15266386
b1000111100011 7
0(
0#
02
#15268053
1,
bx01x0x0x0xx00x01xxxxx0xxx0x0x0000xxxxx00000xxxxxx0x0000xx &
1(
1#
12
#15269720
b1000111100100 7
0(
0#
02
#15271387
1,
bx0100x0x0xx00x01xxxxxxxxx0x0x0000xxxxx00000xxxxxx0x0000xx &
1(
1#
12
#15273054
b1000111100101 7
0(
0#
02
#15274721
0,
bx0000x0x0xx00x01xxxxxxxxx0x0x0000xxxxx00000xxxxxx0x0000xx &
1(
1#
12
#15276388
b1000111100110 7
0(
0#
02
#15278055
bx0000x0x0xx00x01xxxxxx0xx0x0x0000xxxxx00000xxxxxx0x0000xx &
1(
1#
12
#15279722
b1000111100111 7
0(
0#
02
#15281389
1,
bx01x0x0x0xx00x01xxxxxxxxx0x0x0000xxxxx00000xxxxxx0x0000xx &
1(
1#
12
#15283056
b1000111101000 7
0(
0#
02
#15284723
bx0100x0x0xx00x01xxxxxxxxx0x0x0000xxxxx00000xxxxxx0x0000xx &
1(
1#
12
#15286390
b1000111101001 7
0(
0#
02
#15288057
bx0xxx1x0x0x0xx00x01xxxxxxxxx0x0x0000xxxxx00000xxxxxx0x0000xx &
1(
1#
12
#15289724
b1000111101010 7
0(
0#
02
#15291391
bx0xxx1x0x0x0xx00x01xxxxxxx0x0x0x0000xxxxx00000xxxxxx0x0000xx &
1(
1#
12
#15293058
b1000111101011 7
0(
0#
02
#15294725
bx0xxx1x0x0x0xx00x01xxxxxxxxx0x0x0000xxxxx00000xxxxxx0x0000xx &
1(
1#
12
#15296392
b1000111101100 7
0(
0#
02
#15298059
0,
bx0xxx0xx00x0xx00x01xxxxxxxxx0x0x0000xxxxx00000xxxxxx0x0000xx &
1(
1#
12
#15299726
b1000111101101 7
0(
0#
02
#15301393
1,
bx0xxx1x0x0x0xx00x01xxxxxxxxx0x0x0000xxxxx00000xxxxxx0x0000xx &
1(
1#
12
#15303060
b1000111101110 7
0(
0#
02
#15304727
0,
bx0xxx0x000x0xx00x01xxxxxxxx00x0x0000xxxxx00000xxxxxx0x0000xx &
1(
1#
12
#15306394
b1000111101111 7
0(
0#
02
#15308061
bx0xx00x000x0xx00x01xxxxxxxx00x0x0000xxxxx00000xxxxxx0x0000xx &
1(
1#
12
#15309728
b1000111110000 7
0(
0#
02
#15311395
1,
bx0x0010000x0xx00x01xxxxxxxxx0x0x0000xxxxx00000xxxxxx0x0000xx &
1(
1#
12
#15313062
b1000111110001 7
0(
0#
02
#15314729
0,
bx0x000x00xx0xx00x01xxxxxxxxx0x0x0000xxxxx00000xxxxxx0x0000xx &
1(
1#
12
#15316396
b1000111110010 7
0(
0#
02
#15318063
bx0x000x0x0x0xx00x01xxxxxxxxx0x0x0000xxxxx00000xxxxxx0x0000xx &
1(
1#
12
#15319730
b1000111110011 7
0(
0#
02
#15321397
1,
bx0x00100x0x0xx00x01xxxxxxxxx0x0x0000xxxxx00000xxxxxx0x0000xx &
1(
1#
12
#15323064
b1000111110100 7
0(
0#
02
#15324731
bx0x001x0x000xx00x01xxxxxxxxx0x0x0000xxxxx00000xxxxxx0x0000xx &
1(
1#
12
#15326398
b1000111110101 7
0(
0#
02
#15328065
bx0x001x0xx00xx00x01xxxxxxxxx0x0x0000xxxxx00000xxxxxx0x0000xx &
1(
1#
12
#15329732
b1000111110110 7
0(
0#
02
#15331399
bx0x001x0xxx0xx00x01xxxxxxxxx0x0x0000xxxxx00000xxxxxx0x0000xx &
1(
1#
12
#15333066
b1000111110111 7
0(
0#
02
#15334733
bx0x001x0x0x0xx00x01xxxxxxxxx0x0x0000xxxxx00000xxxxxx0x0000xx &
1(
1#
12
#15336400
b1000111111000 7
0(
0#
02
#15338067
bx0x001x00000xx00x01xxxxxxxxx0x0x0000xxxxx00000xxxxxx0x0000xx &
1(
1#
12
#15339734
b1000111111001 7
0(
0#
02
#15341401
bx0x001x000x0xx00x01xxxxxxxxx0x0x0000xxxxx00000xxxxxx0x0000xx &
1(
1#
12
#15343068
b1000111111010 7
0(
0#
02
#15344735
1(
1#
12
#15346402
b1000111111011 7
0(
0#
02
#15348069
bx0x001x000xxxx00x01xxxxxxxxx0x0x0000xxxxx00000xxxxxx0x0000xx &
1(
1#
12
#15349736
b1000111111100 7
0(
0#
02
#15351403
bx0x001x000x0xx00x01xxxxxxxxx0x0x0000xxxxx00000xxxxxx0x0000xx &
1(
1#
12
#15353070
b1000111111101 7
0(
0#
02
#15354737
1(
1#
12
#15356404
b1000111111110 7
0(
0#
02
#15358071
bx0x001x0xxx0xx00x01xxxxxxxxx0x0x0000xxxxx00000xxxxxx0x0000xx &
1(
1#
12
#15359738
b1000111111111 7
0(
0#
02
#15361405
bx0x001x0x0x0xx00x01xxxxxxxxx0x0x0000xxxxx00000xxxxxx0x0000xx &
1(
1#
12
#15363072
b1001000000000 7
0(
0#
02
#15364739
bx0x001x0x000xx00x01xxxxxxxxx0x0x0000xxxxx00000xxxxxx0x0000xx &
1(
1#
12
#15366406
b1001000000001 7
0(
0#
02
#15368073
bx0x001x0xxx0xx00x01xxxxxxxxx0x0x0000xxxxx00000xxxxxx0x0000xx &
1(
1#
12
#15369740
b1001000000010 7
0(
0#
02
#15371407
bx0x001x0xxx0xx00x01xxxxxxxxx0x0x0000xxxxx00000xxxxxx0x0000xx &
1(
1#
12
#15373074
b1001000000011 7
0(
0#
02
#15374741
bx0x001x0x0x0xx00x01xxxxxxxxx0x0x0000xxxxx00000xxxxxx0x0000xx &
1(
1#
12
#15376408
b1001000000100 7
0(
0#
02
#15378075
1(
1#
12
#15379742
b1001000000101 7
0(
0#
02
#15381409
bx0x001x0x0xxxx00x01xxxxxxxxx0x0x0000xxxxx00000xxxxxx0x0000xx &
1(
1#
12
#15383076
b1001000000110 7
0(
0#
02
#15384743
bx0x001x0x0x0xx00x01xxxxxxxxx0x0x0000xxxxx00000xxxxxx0x0000xx &
1(
1#
12
#15386410
b1001000000111 7
0(
0#
02
#15388077
bx0x001x0x0x0xx00x01x0xxxxxxx0x0x0000xxxxx00000xxxxxx0x0000xx &
1(
1#
12
#15389744
b1001000001000 7
0(
0#
02
#15391411
bx0x001x0x0xxxx00x01x0xxxxxxx0x0x0000xxxxx00000xxxxxx0x0000xx &
1(
1#
12
#15393078
b1001000001001 7
0(
0#
02
#15394745
bx0x001x0x0x0xx00x01xxxxxxxxx0x0x0000xxxxx00000xxxxxx0x0000xx &
1(
1#
12
#15396412
b1001000001010 7
0(
0#
02
#15398079
1(
1#
12
#15399746
b1001000001011 7
0(
0#
02
#15401413
1(
1#
12
#15403080
b1001000001100 7
0(
0#
02
#15404747
bx0x001x0x0x0xx00x01xx0xxxxxx0x0x0000xxxxx00000xxxxxx0x0000xx &
1(
1#
12
#15406414
b1001000001101 7
0(
0#
02
#15408081
1(
1#
12
#15409748
b1001000001110 7
0(
0#
02
#15411415
bx0x001x0x0x0xx00x01xxxxxxxxx0x0x0000xxxxx00000xxxxxx0x0000xx &
1(
1#
12
#15413082
b1001000001111 7
0(
0#
02
#15414749
bx0x001x0x0x0xx00x01xxx0xxxxx0x0x0000xxxxx00000xxxxxx0x0000xx &
1(
1#
12
#15416416
b1001000010000 7
0(
0#
02
#15418083
bx0x001x0x0x0xx00x01xxxxxxxxx0x0x0000xxxxx00000xxxxxx0x0000xx &
1(
1#
12
#15419750
b1001000010001 7
0(
0#
02
#15421417
1(
1#
12
#15423084
b1001000010010 7
0(
0#
02
#15424751
1(
1#
12
#15426418
b1001000010011 7
0(
0#
02
#15428085
bx0x001x0x0x0xx00x01xxxx0xxxx0x0x0000xxxxx00000xxxxxx0x0000xx &
1(
1#
12
#15429752
b1001000010100 7
0(
0#
02
#15431419
1(
1#
12
#15433086
b1001000010101 7
0(
0#
02
#15434753
bx0x001x0x0x0xx00x01xxxxxxxxx0x0x0000xxxxx00000xxxxxx0x0000xx &
1(
1#
12
#15436420
b1001000010110 7
0(
0#
02
#15438087
bx0x001x0x0x0xx00x01xxxxx0xxx0x0x0000xxxxx00000xxxxxx0x0000xx &
1(
1#
12
#15439754
b1001000010111 7
0(
0#
02
#15441421
1(
1#
12
#15443088
b1001000011000 7
0(
0#
02
#15444755
1(
1#
12
#15446422
b1001000011001 7
0(
0#
02
#15448089
1(
1#
12
#15449756
b1001000011010 7
0(
0#
02
#15451423
bx0x001x0x0x0xx00x01xxxxxxxxx0x0x0000xxxxx00000xxxxxx0x0000xx &
1(
1#
12
#15453090
b1001000011011 7
0(
0#
02
#15454757
1(
1#
12
#15456424
b1001000011100 7
0(
0#
02
#15458091
1(
1#
12
#15459758
b1001000011101 7
0(
0#
02
#15461425
1(
1#
12
#15463092
b1001000011110 7
0(
0#
02
#15464759
1(
1#
12
#15466426
b1001000011111 7
0(
0#
02
#15468093
bx0x001x0x0x0xx00x01xxxxxxx0x0x0x0000xxxxx00000xxxxxx0x0000xx &
1(
1#
12
#15469760
b1001000100000 7
0(
0#
02
#15471427
1(
1#
12
#15473094
b1001000100001 7
0(
0#
02
#15474761
bx0x001x0x0x0xx00x01xxxxxxxxx0x0x0000xxxxx00000xxxxxx0x0000xx &
1(
1#
12
#15476428
b1001000100010 7
0(
0#
02
#15478095
1(
1#
12
#15479762
b1001000100011 7
0(
0#
02
#15481429
1(
1#
12
#15483096
b1001000100100 7
0(
0#
02
#15484763
bx0x001x0x0x0xx00x01xxxxxxxx00x0x0000xxxxx00000xxxxxx0x0000xx &
1(
1#
12
#15486430
b1001000100101 7
0(
0#
02
#15488097
1(
1#
12
#15489764
b1001000100110 7
0(
0#
02
#15491431
bx0x001x0x0x0xx00x01xxxxxxxxx0x0x0000xxxxx00000xxxxxx0x0000xx &
1(
1#
12
#15493098
b1001000100111 7
0(
0#
02
#15494765
bx0x001x0x0x0xx00x01x0xxxxxxx0x0x0000xxxxx00000xxxxxx0x0000xx &
1(
1#
12
#15496432
b1001000101000 7
0(
0#
02
#15498099
bx0x001x0x0x0xx00x01xxxxxxxxx0x0x0000xxxxx00000xxxxxx0x0000xx &
1(
1#
12
#15499766
b1001000101001 7
0(
0#
02
#15501433
bx0x001x0x0x00x00x01xxxxxxxxx0x0x0000xxxxx00000xxxxxx0x0000xx &
1(
1#
12
#15503100
b1001000101010 7
0(
0#
02
#15504767
1(
1#
12
#15506434
b1001000101011 7
0(
0#
02
#15508101
bx0x001x0x0x0xx00x01xx0xxxxxx0x0x0000xxxxx00000xxxxxx0x0000xx &
1(
1#
12
#15509768
b1001000101100 7
0(
0#
02
#15511435
bx0x001x0x0x00000x01xx0xxxxxx0x0x0000xxxxx00000xxxxxx0x0000xx &
1(
1#
12
#15513102
b1001000101101 7
0(
0#
02
#15514769
bx0x001x0x0x0x000x01xxxxxxxxx0x0x0000xxxxx00000xxxxxx0x0000xx &
1(
1#
12
#15516436
b1001000101110 7
0(
0#
02
#15518103
1(
1#
12
#15519770
b1001000101111 7
0(
0#
02
#15521437
bx0x001x0x0x0xx00x01xxxxxxxxx0x0x0000xxxxx00000xxxxxx0x0000xx &
1(
1#
12
#15523104
b1001000110000 7
0(
0#
02
#15524771
bx0x001x0x0x0x0x0x01xxxxxxxxx0x0x0000xxxxx00000xxxxxx0x0000xx &
1(
1#
12
#15526438
b1001000110001 7
0(
0#
02
#15528105
bx0x001x0x0x0x000x01xxxxxxxxx0x0x0000xxxxx00000xxxxxx0x0000xx &
1(
1#
12
#15529772
b1001000110010 7
0(
0#
02
#15531439
bx0x001x0x0x0xxx0x01xxxxxxxxx0x0x0000xxxxx00000xxxxxx0x0000xx &
1(
1#
12
#15533106
b1001000110011 7
0(
0#
02
#15534773
bx0x001x0x0x0xx00x01xxxxxxxxx0x0x0000xxxxx00000xxxxxx0x0000xx &
1(
1#
12
#15536440
b1001000110100 7
0(
0#
02
#15538107
bx0x001x0x0x0xx00x01xxxxxxxxx0x0x0000xxxxx00000xxxxxx0x0000xx &
1(
1#
12
#15539774
b1001000110101 7
0(
0#
02
#15541441
bx0x001x0x0x0xxxxx01xxxxxxxxx0x0x0000xxxxx00000xxxxxx0x0000xx &
1(
1#
12
#15543108
b1001000110110 7
0(
0#
02
#15544775
bx0x001x0x0x0xxxxx01xxxxx0xxx0x0x0000xxxxx00000xxxxxx0x0000xx &
1(
1#
12
#15546442
b1001000110111 7
0(
0#
02
#15548109
bx0x001x0x0x00x00x01xxxxx0xxx0x0x0000xxxxx00000xxxxxx0x0000xx &
1(
1#
12
#15549776
b1001000111000 7
0(
0#
02
#15551443
bx0x001x0x0x0x000x01xxxxx0xxx0x0x0000xxxxx00000xxxxxx0x0000xx &
1(
1#
12
#15553110
b1001000111001 7
0(
0#
02
#15554777
bx0x001x0x0x0xx0x001xxxxxxxxx0x0x0000xxxxx00000xxxxxx0x0000xx &
1(
1#
12
#15556444
b1001000111010 7
0(
0#
02
#15558111
bx0x001x0x0x0x00x001xxxxxxxxx0x0x0000xxxxx00000xxxxxx0x0000xx &
1(
1#
12
#15559778
b1001000111011 7
0(
0#
02
#15561445
bx0x001x0x0x0x000x01xxxxxx0xx0x0x0000xxxxx00000xxxxxx0x0000xx &
1(
1#
12
#15563112
b1001000111100 7
0(
0#
02
#15564779
bx0x001x0x0x0xxx0xx1xxxxxxxxx0x0x0000xxxxx00000xxxxxx0x0000xx &
1(
1#
12
#15566446
b1001000111101 7
0(
0#
02
#15568113
bx0x001x0x0x0x000001xxxxxxxxx0x0x0000xxxxx00000xxxxxx0x0000xx &
1(
1#
12
#15569780
b1001000111110 7
0(
0#
02
#15571447
bx0x001x0x0x0xxx0xx1xxxxxxxxx0x0x0000xxxxx00000xxxxxx0x0000xx &
1(
1#
12
#15573114
b1001000111111 7
0(
0#
02
#15574781
bx0x001x0x0x0xxx0xx1xxxxxxx0x0x0x0000xxxxx00000xxxxxx0x0000xx &
1(
1#
12
#15576448
b1001001000000 7
0(
0#
02
#15578115
bx0x001x0x0x0xx00xx1xxxxxxxxx0x0x0000xxxxx00000xxxxxx0x0000xx &
1(
1#
12
#15579782
b1001001000001 7
0(
0#
02
#15581449
bx0x001x0x0x0xxx0x0xxxxxxxxxx0x0x0000xxxxx00000xxxxxx0x0000xx &
1(
1#
12
#15583116
b1001001000010 7
0(
0#
02
#15584783
bx0x001x0x0x0xxxxx0xxxxxxxxxx0x0x0000xxxxx00000xxxxxx0x0000xx &
1(
1#
12
#15586450
b1001001000011 7
0(
0#
02
#15588117
bx0x001x0x0x0xx0xx01xxxxxxxx00x0x0000xxxxx00000xxxxxx0x0000xx &
1(
1#
12
#15589784
b1001001000100 7
0(
0#
02
#15591451
bx0x001x0x0x0xx00x0x0xxxxxxx00x0x0000xxxxx00000xxxxxx0x0000xx &
1(
1#
12
#15593118
b1001001000101 7
0(
0#
02
#15594785
bx0x001x0x0x0xx0xx010xxxxxxxx0x0x0000xxxxx00000xxxxxx0x0000xx &
1(
1#
12
#15596452
b1001001000110 7
0(
0#
02
#15598119
bx0x001x0x0x0xx0x0010xxxxxxxx0x0x0000xxxxx00000xxxxxx0x0000xx &
1(
1#
12
#15599786
b1001001000111 7
0(
0#
02
#15601453
bx0x001x0x0x0xx00001xxxxxxxxx0x0x0000xxxxx00000xxxxxx0x0000xx &
1(
1#
12
#15603120
b1001001001000 7
0(
0#
02
#15604787
bx0x001x0x0x0xx00xx1xxxxxxxxx0x0x0000xxxxx00000xxxxxx0x0000xx &
1(
1#
12
#15606454
b1001001001001 7
0(
0#
02
#15608121
bx0x001x0x0x0xx000x10xxxxxxxx0x0x0000xxxxx00000xxxxxx0x0000xx &
1(
1#
12
#15609788
b1001001001010 7
0(
0#
02
#15611455
bx0x001x0x0x0xx00x01xxxxxxxxx0x0x0000xxxxx00000xxxxxx0x0000xx &
1(
1#
12
#15613122
b1001001001011 7
0(
0#
02
#15614789
bx0x001x0x0x0xx00xx1xxxxxxxxx0x0x0000xxxxx00000xxxxxx0x0000xx &
1(
1#
12
#15616456
b1001001001100 7
0(
0#
02
#15618123
1(
1#
12
#15619790
b1001001001101 7
0(
0#
02
#15621457
bx0x001x0x0x0xx00x01xxxxxxxxx0x0x0000xxxxx00000xxxxxx0x0000xx &
1(
1#
12
#15623124
b1001001001110 7
0(
0#
02
#15624791
bx0x001x0x0x0xx00x01xxxxxxxxx0x0x0000xxxxx00000xxxxxx0x0000xx &
1(
1#
12
#15626458
b1001001001111 7
0(
0#
02
#15628125
bx0x001x0x0x0xx00x0xxxxxxxxxx0x0x0000xxxxx00000xxxxxx0x0000xx &
1(
1#
12
#15629792
b1001001010000 7
0(
0#
02
#15631459
bx0x001x0x0x0xx00x010xxxxxxxx0x0x0000xxxxx00000xxxxxx0x0000xx &
1(
1#
12
#15633126
b1001001010001 7
0(
0#
02
#15634793
bx0x001x0x0x0xx00x01xxxxxxxxx0x0x0000xxxxx00000xxxxxx0x0000xx &
1(
1#
12
#15636460
b1001001010010 7
0(
0#
02
#15638127
bx0x001x0x0x0xx00x010xxxxxxxx0x0x0000xxxxx00000xxxxxx0x0000xx &
1(
1#
12
#15639794
b1001001010011 7
0(
0#
02
#15641461
bx0x001x0x0x0xx00x010xxxxxxxx0x0x0000xxxxx00000xxxxxx0x0000xx &
1(
1#
12
#15643128
b1001001010100 7
0(
0#
02
#15644795
bx0x001x0x0x0xx00x01xxxxxxxxx0x0x0000xxxxx00000xxxxxx0x0000xx &
1(
1#
12
#15646462
b1001001010101 7
0(
0#
02
#15648129
bx0x001x0x0x0xx00x010xxxxxxxx0x0x0000xxxxx00000xxxxxx0x0000xx &
1(
1#
12
#15649796
b1001001010110 7
0(
0#
02
#15651463
bx0x001x0x0x0xx00x01xxxxxxxxx0x0x0000xxxxx00000xxxxxx0x0000xx &
1(
1#
12
#15653130
b1001001010111 7
0(
0#
02
#15654797
1(
1#
12
#15656464
b1001001011000 7
0(
0#
02
#15658131
1(
1#
12
#15659798
b1001001011001 7
0(
0#
02
#15661465
1(
1#
12
#15663132
b1001001011010 7
0(
0#
02
#15664799
1(
1#
12
#15666466
b1001001011011 7
0(
0#
02
#15668133
1(
1#
12
#15669800
b1001001011100 7
0(
0#
02
#15671467
1(
1#
12
#15673134
b1001001011101 7
0(
0#
02
#15674801
1(
1#
12
#15676468
b1001001011110 7
0(
0#
02
#15678135
1(
1#
12
#15679802
b1001001011111 7
0(
0#
02
#15681469
1(
1#
12
#15683136
b1001001100000 7
0(
0#
02
#15684803
1(
1#
12
#15686470
b1001001100001 7
0(
0#
02
#15688137
1(
1#
12
#15689804
b1001001100010 7
0(
0#
02
#15691471
1(
1#
12
#15693138
b1001001100011 7
0(
0#
02
#15694805
1(
1#
12
#15696472
b1001001100100 7
0(
0#
02
#15698139
1(
1#
12
#15699806
b1001001100101 7
0(
0#
02
#15701473
1(
1#
12
#15703140
b1001001100110 7
0(
0#
02
#15704807
1(
1#
12
#15706474
b1001001100111 7
0(
0#
02
#15708141
1(
1#
12
#15709808
b1001001101000 7
0(
0#
02
#15711475
1(
1#
12
#15713142
b1001001101001 7
0(
0#
02
#15714809
1(
1#
12
#15716476
b1001001101010 7
0(
0#
02
#15718143
1(
1#
12
#15719810
b1001001101011 7
0(
0#
02
#15721477
1(
1#
12
#15723144
b1001001101100 7
0(
0#
02
#15724811
1(
1#
12
#15726478
b1001001101101 7
0(
0#
02
#15728145
1(
1#
12
#15729812
b1001001101110 7
0(
0#
02
#15731479
1(
1#
12
#15733146
b1001001101111 7
0(
0#
02
#15734813
1(
1#
12
#15736480
b1001001110000 7
0(
0#
02
#15738147
1(
1#
12
#15739814
b1001001110001 7
0(
0#
02
#15741481
1(
1#
12
#15743148
b1001001110010 7
0(
0#
02
#15744815
1(
1#
12
#15746482
b1001001110011 7
0(
0#
02
#15748149
1(
1#
12
#15749816
b1001001110100 7
0(
0#
02
#15751483
1(
1#
12
#15753150
b1001001110101 7
0(
0#
02
#15754817
1(
1#
12
#15756484
b1001001110110 7
0(
0#
02
#15758151
1(
1#
12
#15759818
b1001001110111 7
0(
0#
02
#15761485
1(
1#
12
#15763152
b1001001111000 7
0(
0#
02
#15764819
1(
1#
12
#15766486
b1001001111001 7
0(
0#
02
#15768153
1(
1#
12
#15769820
b1001001111010 7
0(
0#
02
#15771487
1(
1#
12
#15773154
b1001001111011 7
0(
0#
02
#15774821
1(
1#
12
#15776488
b1001001111100 7
0(
0#
02
#15778155
1(
1#
12
#15779822
b1001001111101 7
0(
0#
02
#15781489
1(
1#
12
#15783156
b1001001111110 7
0(
0#
02
#15784823
1(
1#
12
#15786490
b1001001111111 7
0(
0#
02
#15788157
1(
1#
12
#15789824
b1001010000000 7
0(
0#
02
#15791491
1(
1#
12
#15793158
b1001010000001 7
0(
0#
02
#15794825
1(
1#
12
#15796492
b1001010000010 7
0(
0#
02
#15798159
1(
1#
12
#15799826
b1001010000011 7
0(
0#
02
#15801493
1(
1#
12
#15803160
b1001010000100 7
0(
0#
02
#15804827
1(
1#
12
#15806494
b1001010000101 7
0(
0#
02
#15808161
1(
1#
12
#15809828
b1001010000110 7
0(
0#
02
#15811495
1(
1#
12
#15813162
b1001010000111 7
0(
0#
02
#15814829
1(
1#
12
#15816496
b1001010001000 7
0(
0#
02
#15818163
1(
1#
12
#15819830
b1001010001001 7
0(
0#
02
#15821497
1(
1#
12
#15823164
b1001010001010 7
0(
0#
02
#15824831
1(
1#
12
#15826498
b1001010001011 7
0(
0#
02
#15828165
1(
1#
12
#15829832
b1001010001100 7
0(
0#
02
#15831499
1(
1#
12
#15833166
b1001010001101 7
0(
0#
02
#15834833
1(
1#
12
#15836500
b1001010001110 7
0(
0#
02
#15838167
1(
1#
12
#15839834
b1001010001111 7
0(
0#
02
#15841501
1(
1#
12
#15843168
b1001010010000 7
0(
0#
02
#15844835
1(
1#
12
#15846502
b1001010010001 7
0(
0#
02
#15848169
1(
1#
12
#15849836
b1001010010010 7
0(
0#
02
#15851503
1(
1#
12
#15853170
b1001010010011 7
0(
0#
02
#15854837
1(
1#
12
#15856504
b1001010010100 7
0(
0#
02
#15858171
1(
1#
12
#15859838
b1001010010101 7
0(
0#
02
#15861505
1(
1#
12
#15863172
b1001010010110 7
0(
0#
02
#15864839
1(
1#
12
#15866506
b1001010010111 7
0(
0#
02
#15868173
1(
1#
12
#15869840
b1001010011000 7
0(
0#
02
#15871507
1(
1#
12
#15873174
b1001010011001 7
0(
0#
02
#15874841
1(
1#
12
#15876508
b1001010011010 7
0(
0#
02
#15878175
1(
1#
12
#15879842
b1001010011011 7
0(
0#
02
#15881509
1(
1#
12
#15883176
b1001010011100 7
0(
0#
02
#15884843
1(
1#
12
#15886510
b1001010011101 7
0(
0#
02
#15888177
1(
1#
12
#15889844
b1001010011110 7
0(
0#
02
#15891511
1(
1#
12
#15893178
b1001010011111 7
0(
0#
02
#15894845
1(
1#
12
#15896512
b1001010100000 7
0(
0#
02
#15898179
1(
1#
12
#15899846
b1001010100001 7
0(
0#
02
#15901513
1(
1#
12
#15903180
b1001010100010 7
0(
0#
02
#15904847
1(
1#
12
#15906514
b1001010100011 7
0(
0#
02
#15908181
1(
1#
12
#15909848
b1001010100100 7
0(
0#
02
#15911515
1(
1#
12
#15913182
b1001010100101 7
0(
0#
02
#15914849
1(
1#
12
#15916516
b1001010100110 7
0(
0#
02
#15918183
1(
1#
12
#15919850
b1001010100111 7
0(
0#
02
#15921517
1(
1#
12
#15923184
b1001010101000 7
0(
0#
02
#15924851
1(
1#
12
#15926518
b1001010101001 7
0(
0#
02
#15928185
1(
1#
12
#15929852
b1001010101010 7
0(
0#
02
#15931519
1(
1#
12
#15933186
b1001010101011 7
0(
0#
02
#15934853
1(
1#
12
#15936520
b1001010101100 7
0(
0#
02
#15938187
1(
1#
12
#15939854
b1001010101101 7
0(
0#
02
#15941521
1(
1#
12
#15943188
b1001010101110 7
0(
0#
02
#15944855
1(
1#
12
#15946522
b1001010101111 7
0(
0#
02
#15948189
1(
1#
12
#15949856
b1001010110000 7
0(
0#
02
#15951523
1(
1#
12
#15953190
b1001010110001 7
0(
0#
02
#15954857
1(
1#
12
#15956524
b1001010110010 7
0(
0#
02
#15958191
1(
1#
12
#15959858
b1001010110011 7
0(
0#
02
#15961525
1(
1#
12
#15963192
b1001010110100 7
0(
0#
02
#15964859
1(
1#
12
#15966526
b1001010110101 7
0(
0#
02
#15968193
1(
1#
12
#15969860
b1001010110110 7
0(
0#
02
#15971527
1(
1#
12
#15973194
b1001010110111 7
0(
0#
02
#15974861
1(
1#
12
#15976528
b1001010111000 7
0(
0#
02
#15978195
1(
1#
12
#15979862
b1001010111001 7
0(
0#
02
#15981529
1(
1#
12
#15983196
b1001010111010 7
0(
0#
02
#15984863
1(
1#
12
#15986530
b1001010111011 7
0(
0#
02
#15988197
1(
1#
12
#15989864
b1001010111100 7
0(
0#
02
#15991531
1(
1#
12
#15993198
b1001010111101 7
0(
0#
02
#15994865
1(
1#
12
#15996532
b1001010111110 7
0(
0#
02
#15998199
1(
1#
12
#15999866
b1001010111111 7
0(
0#
02
#16001533
1(
1#
12
#16003200
b1001011000000 7
0(
0#
02
#16004867
1(
1#
12
#16006534
b1001011000001 7
0(
0#
02
#16008201
1(
1#
12
#16009868
b1001011000010 7
0(
0#
02
#16011535
1(
1#
12
#16013202
b1001011000011 7
0(
0#
02
#16014869
1(
1#
12
#16016536
b1001011000100 7
0(
0#
02
#16018203
1(
1#
12
#16019870
b1001011000101 7
0(
0#
02
#16021537
1(
1#
12
#16023204
b1001011000110 7
0(
0#
02
#16024871
1(
1#
12
#16026538
b1001011000111 7
0(
0#
02
#16028205
1(
1#
12
#16029872
b1001011001000 7
0(
0#
02
#16031539
1(
1#
12
#16033206
b1001011001001 7
0(
0#
02
#16034873
1(
1#
12
#16036540
b1001011001010 7
0(
0#
02
#16038207
1(
1#
12
#16039874
b1001011001011 7
0(
0#
02
#16041541
1(
1#
12
#16043208
b1001011001100 7
0(
0#
02
#16044875
1(
1#
12
#16046542
b1001011001101 7
0(
0#
02
#16048209
1(
1#
12
#16049876
b1001011001110 7
0(
0#
02
#16051543
1(
1#
12
#16053210
b1001011001111 7
0(
0#
02
#16054877
1(
1#
12
#16056544
b1001011010000 7
0(
0#
02
#16058211
1(
1#
12
#16059878
b1001011010001 7
0(
0#
02
#16061545
1(
1#
12
#16063212
b1001011010010 7
0(
0#
02
#16064879
1(
1#
12
#16066546
b1001011010011 7
0(
0#
02
#16068213
1(
1#
12
#16069880
b1001011010100 7
0(
0#
02
#16071547
1(
1#
12
#16073214
b1001011010101 7
0(
0#
02
#16074881
1(
1#
12
#16076548
b1001011010110 7
0(
0#
02
#16078215
1(
1#
12
#16079882
b1001011010111 7
0(
0#
02
#16081549
1(
1#
12
#16083216
b1001011011000 7
0(
0#
02
#16084883
1(
1#
12
#16086550
b1001011011001 7
0(
0#
02
#16088217
1(
1#
12
#16089884
b1001011011010 7
0(
0#
02
#16091551
1(
1#
12
#16093218
b1001011011011 7
0(
0#
02
#16094885
1(
1#
12
#16096552
b1001011011100 7
0(
0#
02
#16098219
1(
1#
12
#16099886
b1001011011101 7
0(
0#
02
#16101553
1(
1#
12
#16103220
b1001011011110 7
0(
0#
02
#16104887
1(
1#
12
#16106554
b1001011011111 7
0(
0#
02
#16108221
1(
1#
12
#16109888
b1001011100000 7
0(
0#
02
#16111555
1(
1#
12
#16113222
b1001011100001 7
0(
0#
02
#16114889
1(
1#
12
#16116556
b1001011100010 7
0(
0#
02
#16118223
1(
1#
12
#16119890
b1001011100011 7
0(
0#
02
#16121557
1(
1#
12
#16123224
b1001011100100 7
0(
0#
02
#16124891
1(
1#
12
#16126558
b1001011100101 7
0(
0#
02
#16128225
1(
1#
12
#16129892
b1001011100110 7
0(
0#
02
#16131559
1(
1#
12
#16133226
b1001011100111 7
0(
0#
02
#16134893
1(
1#
12
#16136560
b1001011101000 7
0(
0#
02
#16138227
1(
1#
12
#16139894
b1001011101001 7
0(
0#
02
#16141561
1(
1#
12
#16143228
b1001011101010 7
0(
0#
02
#16144895
1(
1#
12
#16146562
b1001011101011 7
0(
0#
02
#16148229
1(
1#
12
#16149896
b1001011101100 7
0(
0#
02
#16151563
1(
1#
12
#16153230
b1001011101101 7
0(
0#
02
#16154897
1(
1#
12
#16156564
b1001011101110 7
0(
0#
02
#16158231
1(
1#
12
#16159898
b1001011101111 7
0(
0#
02
#16161565
1(
1#
12
#16163232
b1001011110000 7
0(
0#
02
#16164899
1(
1#
12
#16166566
b1001011110001 7
0(
0#
02
#16168233
1(
1#
12
#16169900
b1001011110010 7
0(
0#
02
#16171567
1(
1#
12
#16173234
b1001011110011 7
0(
0#
02
#16174901
1(
1#
12
#16176568
b1001011110100 7
0(
0#
02
#16178235
1(
1#
12
#16179902
b1001011110101 7
0(
0#
02
#16181569
1(
1#
12
#16183236
b1001011110110 7
0(
0#
02
#16184903
1(
1#
12
#16186570
b1001011110111 7
0(
0#
02
#16188237
1(
1#
12
#16189904
b1001011111000 7
0(
0#
02
#16191571
1(
1#
12
#16193238
b1001011111001 7
0(
0#
02
#16194905
1(
1#
12
#16196572
b1001011111010 7
0(
0#
02
#16198239
1(
1#
12
#16199906
b1001011111011 7
0(
0#
02
#16201573
1(
1#
12
#16203240
b1001011111100 7
0(
0#
02
#16204907
1(
1#
12
#16206574
b1001011111101 7
0(
0#
02
#16208241
1(
1#
12
#16209908
b1001011111110 7
0(
0#
02
#16211575
1(
1#
12
#16213242
b1001011111111 7
0(
0#
02
#16214909
1(
1#
12
#16216576
b1001100000000 7
0(
0#
02
#16218243
1(
1#
12
#16219910
b1001100000001 7
0(
0#
02
#16221577
1(
1#
12
#16223244
b1001100000010 7
0(
0#
02
#16224911
1(
1#
12
#16226578
b1001100000011 7
0(
0#
02
#16228245
1(
1#
12
#16229912
b1001100000100 7
0(
0#
02
#16231579
1(
1#
12
#16233246
b1001100000101 7
0(
0#
02
#16234913
1(
1#
12
#16236580
b1001100000110 7
0(
0#
02
#16238247
1(
1#
12
#16239914
b1001100000111 7
0(
0#
02
#16241581
1(
1#
12
#16243248
b1001100001000 7
0(
0#
02
#16244915
1(
1#
12
#16246582
b1001100001001 7
0(
0#
02
#16248249
1(
1#
12
#16249916
b1001100001010 7
0(
0#
02
#16251583
1(
1#
12
#16253250
b1001100001011 7
0(
0#
02
#16254917
1(
1#
12
#16256584
b1001100001100 7
0(
0#
02
#16258251
1(
1#
12
#16259918
b1001100001101 7
0(
0#
02
#16261585
1(
1#
12
#16263252
b1001100001110 7
0(
0#
02
#16264919
1(
1#
12
#16266586
b1001100001111 7
0(
0#
02
#16268253
1(
1#
12
#16269920
b1001100010000 7
0(
0#
02
#16271587
1(
1#
12
#16273254
b1001100010001 7
0(
0#
02
#16274921
1(
1#
12
#16276588
b1001100010010 7
0(
0#
02
#16278255
1(
1#
12
#16279922
b1001100010011 7
0(
0#
02
#16281589
1(
1#
12
#16283256
b1001100010100 7
0(
0#
02
#16284923
1(
1#
12
#16286590
b1001100010101 7
0(
0#
02
#16288257
1(
1#
12
#16289924
b1001100010110 7
0(
0#
02
#16291591
1(
1#
12
#16293258
b1001100010111 7
0(
0#
02
#16294925
1(
1#
12
#16296592
b1001100011000 7
0(
0#
02
#16298259
1(
1#
12
#16299926
b1001100011001 7
0(
0#
02
#16301593
1(
1#
12
#16303260
b1001100011010 7
0(
0#
02
#16304927
1(
1#
12
#16306594
b1001100011011 7
0(
0#
02
#16308261
1(
1#
12
#16309928
b1001100011100 7
0(
0#
02
#16311595
1(
1#
12
#16313262
b1001100011101 7
0(
0#
02
#16314929
1(
1#
12
#16316596
b1001100011110 7
0(
0#
02
#16318263
1(
1#
12
#16319930
b1001100011111 7
0(
0#
02
#16321597
1(
1#
12
#16323264
b1001100100000 7
0(
0#
02
#16324931
1(
1#
12
#16326598
b1001100100001 7
0(
0#
02
#16328265
1(
1#
12
#16329932
b1001100100010 7
0(
0#
02
#16331599
1(
1#
12
#16333266
b1001100100011 7
0(
0#
02
#16334933
1(
1#
12
#16336600
b1001100100100 7
0(
0#
02
#16338267
1(
1#
12
#16339934
b1001100100101 7
0(
0#
02
#16341601
1(
1#
12
#16343268
b1001100100110 7
0(
0#
02
#16344935
1(
1#
12
#16346602
b1001100100111 7
0(
0#
02
#16348269
1(
1#
12
#16349936
b1001100101000 7
0(
0#
02
#16351603
1(
1#
12
#16353270
b1001100101001 7
0(
0#
02
#16354937
1(
1#
12
#16356604
b1001100101010 7
0(
0#
02
#16358271
1(
1#
12
#16359938
b1001100101011 7
0(
0#
02
#16361605
1(
1#
12
#16363272
b1001100101100 7
0(
0#
02
#16364939
1(
1#
12
#16366606
b1001100101101 7
0(
0#
02
#16368273
1(
1#
12
#16369940
b1001100101110 7
0(
0#
02
#16371607
1(
1#
12
#16373274
b1001100101111 7
0(
0#
02
#16374941
1(
1#
12
#16376608
b1001100110000 7
0(
0#
02
#16378275
1(
1#
12
#16379942
b1001100110001 7
0(
0#
02
#16381609
1(
1#
12
#16383276
b1001100110010 7
0(
0#
02
#16384943
1(
1#
12
#16386610
b1001100110011 7
0(
0#
02
#16388277
1(
1#
12
#16389944
b1001100110100 7
0(
0#
02
#16391611
1(
1#
12
#16393278
b1001100110101 7
0(
0#
02
#16394945
1(
1#
12
#16396612
b1001100110110 7
0(
0#
02
#16398279
1(
1#
12
#16399946
b1001100110111 7
0(
0#
02
#16401613
1(
1#
12
#16403280
b1001100111000 7
0(
0#
02
#16404947
1(
1#
12
#16406614
b1001100111001 7
0(
0#
02
#16408281
1(
1#
12
#16409948
b1001100111010 7
0(
0#
02
#16411615
1(
1#
12
#16413282
b1001100111011 7
0(
0#
02
#16414949
1(
1#
12
#16416616
b1001100111100 7
0(
0#
02
#16418283
1(
1#
12
#16419950
b1001100111101 7
0(
0#
02
#16421617
1(
1#
12
#16423284
b1001100111110 7
0(
0#
02
#16424951
1(
1#
12
#16426618
b1001100111111 7
0(
0#
02
#16428285
1(
1#
12
#16429952
b1001101000000 7
0(
0#
02
#16431619
1(
1#
12
#16433286
b1001101000001 7
0(
0#
02
#16434953
1(
1#
12
#16436620
b1001101000010 7
0(
0#
02
#16438287
1(
1#
12
#16439954
b1001101000011 7
0(
0#
02
#16441621
1(
1#
12
#16443288
b1001101000100 7
0(
0#
02
#16444955
1(
1#
12
#16446622
b1001101000101 7
0(
0#
02
#16448289
bx0x001x0x0x0xx00x01xxxxxxxxx0x0x0000xxxxx00000xxxxxx0x0000xx &
1(
1#
12
#16449956
b1001101000110 7
0(
0#
02
#16451623
bx0x0x1x0x0x0xx00x01xxxxxxxxx0x0x0000xxxxx00000xxxxxx0x0000xx &
1(
1#
12
#16453290
b1001101000111 7
0(
0#
02
#16454957
bx0x001x0x0x0xx00x01xxxxxxxxx0x0x0000xxxxx00000xxxxxx0x0000xx &
1(
1#
12
#16456624
b1001101001000 7
0(
0#
02
#16458291
0,
bx0x000x0x0x0xx00x01xxxxxxxxx0x0x0000xxxxx00000xxxxxx0x0000xx &
1(
1#
12
#16459958
b1001101001001 7
0(
0#
02
#16461625
0,
bx0x000x0x0x0xx00x01xxxxxxxxx0x0x0000xxxxx00000xxxxxx0x0000xx &
1(
1#
12
#16463292
b1001101001010 7
0(
0#
02
#16464959
1(
1#
12
#16466626
b1001101001011 7
0(
0#
02
#16468293
1,
bx0x001x0x0x0xx00x01xxxxxxxxx0x0x0000xxxxx00000xxxxxx0x0000xx &
1(
1#
12
#16469960
b1001101001100 7
0(
0#
02
#16471627
bx0x00100x0x0xx00x01xxxxxxxxx0x0x0000xxxxx00000xxxxxx0x0000xx &
1(
1#
12
#16473294
b1001101001101 7
0(
0#
02
#16474961
bx0x00100x0x0xx00x01xxxxxxxxx0x0x0000xxxxx00000xxxxxx0x0000xx &
1(
1#
12
#16476628
b1001101001110 7
0(
0#
02
#16478295
bx0x001x0x0x0xx00x01xxxxxxxxx0x0x0000xxxxx00000xxxxxx0x0000xx &
1(
1#
12
#16479962
b1001101001111 7
0(
0#
02
#16481629
1(
1#
12
#16483296
b1001101010000 7
0(
0#
02
#16484963
1(
1#
12
#16486630
b1001101010001 7
0(
0#
02
#16488297
1(
1#
12
#16489964
b1001101010010 7
0(
0#
02
#16491631
1(
1#
12
#16493298
b1001101010011 7
0(
0#
02
#16494965
1(
1#
12
#16496632
b1001101010100 7
0(
0#
02
#16498299
bx0x001x000x0xx00x01xxxxxxxxx0x0x0000xxxxx00000xxxxxx0x0000xx &
1(
1#
12
#16499966
b1001101010101 7
0(
0#
02
#16501633
bx0x001x0x0x0xx00x01xxxxxxxxx0x0x0000xxxxx00000xxxxxx0x0000xx &
1(
1#
12
#16503300
b1001101010110 7
0(
0#
02
#16504967
1(
1#
12
#16506634
b1001101010111 7
0(
0#
02
#16508301
1(
1#
12
#16509968
b1001101011000 7
0(
0#
02
#16511635
1(
1#
12
#16513302
b1001101011001 7
0(
0#
02
#16514969
bx0x001x0xxx0xx00x01xxxxxxxxx0x0x0000xxxxx00000xxxxxx0x0000xx &
1(
1#
12
#16516636
b1001101011010 7
0(
0#
02
#16518303
1(
1#
12
#16519970
b1001101011011 7
0(
0#
02
#16521637
bx0x001x0x0x0xx00x01xxxxxxxxx0x0x0000xxxxx00000xxxxxx0x0000xx &
1(
1#
12
#16523304
b1001101011100 7
0(
0#
02
#16524971
bx0x001x0x000xx00x01xxxxxxxxx0x0x0000xxxxx00000xxxxxx0x0000xx &
1(
1#
12
#16526638
b1001101011101 7
0(
0#
02
#16528305
bx0x001x0x000xx00x01xxxxxxxxx0x0x0000xxxxx00000xxxxxx0x0000xx &
1(
1#
12
#16529972
b1001101011110 7
0(
0#
02
#16531639
bx0x001x0x0x0xx00x01xxxxxxxxx0x0x0000xxxxx00000xxxxxx0x0000xx &
1(
1#
12
#16533306
b1001101011111 7
0(
0#
02
#16534973
1(
1#
12
#16536640
b1001101100000 7
0(
0#
02
#16538307
1(
1#
12
#16539974
b1001101100001 7
0(
0#
02
#16541641
bx0x001x0x0x0xx00x01xxxxxxxxx0x0x0000xxxxx00000xxxxxx0x0000xx &
1(
1#
12
#16543308
b1001101100010 7
0(
0#
02
#16544975
1(
1#
12
#16546642
b1001101100011 7
0(
0#
02
#16548309
1(
1#
12
#16549976
b1001101100100 7
0(
0#
02
#16551643
1(
1#
12
#16553310
b1001101100101 7
0(
0#
02
#16554977
1(
1#
12
#16556644
b1001101100110 7
0(
0#
02
#16558311
1(
1#
12
#16559978
b1001101100111 7
0(
0#
02
#16561645
1(
1#
12
#16563312
b1001101101000 7
0(
0#
02
#16564979
1(
1#
12
#16566646
b1001101101001 7
0(
0#
02
#16568313
1(
1#
12
#16569980
b1001101101010 7
0(
0#
02
#16571647
1(
1#
12
#16573314
b1001101101011 7
0(
0#
02
#16574981
1(
1#
12
#16576648
b1001101101100 7
0(
0#
02
#16578315
1(
1#
12
#16579982
b1001101101101 7
0(
0#
02
#16581649
1(
1#
12
#16583316
b1001101101110 7
0(
0#
02
#16584983
1(
1#
12
#16586650
b1001101101111 7
0(
0#
02
#16588317
1(
1#
12
#16589984
b1001101110000 7
0(
0#
02
#16591651
1(
1#
12
#16593318
b1001101110001 7
0(
0#
02
#16594985
1(
1#
12
#16596652
b1001101110010 7
0(
0#
02
#16598319
0,
bx0x000x0x0x0xx00x01xxxxxxxxx0x0x0000xxxxx00000xxxxxx0x0000xx &
1(
1#
12
#16599986
b1001101110011 7
0(
0#
02
#16601653
1,
bx0x001x0x0x0xx00x01xxxxxxxxx0x0x0000xxxxx00000xxxxxx0x0000xx &
1(
1#
12
#16603320
b1001101110100 7
0(
0#
02
#16604987
0,
bx0x000x0x0x0xx00x01xxxxxxxxx0x0x0000xxxxx00000xxxxxx0x0000xx &
1(
1#
12
#16606654
b1001101110101 7
0(
0#
02
#16608321
1(
1#
12
#16609988
b1001101110110 7
0(
0#
02
#16611655
bx0x0x0x0x0x0xx00x01xxxxxxxxx0x0x0000xxxxx00000xxxxxx0x0000xx &
1(
1#
12
#16613322
b1001101110111 7
0(
0#
02
#16614989
1(
1#
12
#16616656
b1001101111000 7
0(
0#
02
#16618323
bx0x00000x0x0xx00x01xxxxxxxxx0x0x0000xxxxx00000xxxxxx0x0000xx &
1(
1#
12
#16619990
b1001101111001 7
0(
0#
02
#16621657
1,
bx0x00100x0x0xx00x01xxxxxxxxx0x0x0000xxxxx00000xxxxxx0x0000xx &
1(
1#
12
#16623324
b1001101111010 7
0(
0#
02
#16624991
0,
bx0x00000x0x0xx00x01xxxxxxxxx0x0x0000xxxxx00000xxxxxx0x0000xx &
1(
1#
12
#16626658
b1001101111011 7
0(
0#
02
#16628325
1(
1#
12
#16629992
b1001101111100 7
0(
0#
02
#16631659
1,
bx0x00100x0x0xx00x01xxxxxxxxx0x0x0000xxxxx00000xxxxxx0x0000xx &
1(
1#
12
#16633326
b1001101111101 7
0(
0#
02
#16634993
1(
1#
12
#16636660
b1001101111110 7
0(
0#
02
#16638327
bx0x001x000x0xx00x01xxxxxxxxx0x0x0000xxxxx00000xxxxxx0x0000xx &
1(
1#
12
#16639994
b1001101111111 7
0(
0#
02
#16641661
bx0x0x1x000x0xx00x01xxxxxxxxx0x0x0000xxxxx00000xxxxxx0x0000xx &
1(
1#
12
#16643328
b1001110000000 7
0(
0#
02
#16644995
bx0x001x0x0x0xx00x01xxxxxxxxx0x0x0000xxxxx00000xxxxxx0x0000xx &
1(
1#
12
#16646662
b1001110000001 7
0(
0#
02
#16648329
bx0x001xxx0x0xx00x01xxxxxxxxx0x0x0000xxxxx00000xxxxxx0x0000xx &
1(
1#
12
#16649996
b1001110000010 7
0(
0#
02
#16651663
0,
bx0x000x0x0x0xx00x01xxxxxxxxx0x0x0000xxxxx00000xxxxxx0x0000xx &
1(
1#
12
#16653330
b1001110000011 7
0(
0#
02
#16654997
1,
bx0x001x0x0x0xx00x01xxxxxxxxx0x0x0000xxxxx00000xxxxxx0x0000xx &
1(
1#
12
#16656664
b1001110000100 7
0(
0#
02
#16658331
0,
bx0x000x0x0x0xx00x01xxxxxxxxx0x0x0000xxxxx00000xxxxxx0x0000xx &
1(
1#
12
#16659998
b1001110000101 7
0(
0#
02
#16661665
bx0x000x000x0xx00x01xxxxxxxxx0x0x0000xxxxx00000xxxxxx0x0000xx &
1(
1#
12
#16663332
b1001110000110 7
0(
0#
02
#16664999
bx0x0x0000000xx00x01xxxxxxxxx0x0x0000xxxxx00000xxxxxx0x0000xx &
1(
1#
12
#16666666
b1001110000111 7
0(
0#
02
#16668333
bx0x0x0x0x0x0xx00x01xxxxxxxxx0x0x0000xxxxx00000xxxxxx0x0000xx &
1(
1#
12
#16670000
b1001110001000 7
0(
0#
02
#16671667
bx0x00000x000xx00x01xxxxxxxxx0x0x0000xxxxx00000xxxxxx0x0000xx &
1(
1#
12
#16673334
b1001110001001 7
0(
0#
02
#16675001
1,
bx0x00100x000xx00x01xxxxxxxxx0x0x0000xxxxx00000xxxxxx0x0000xx &
1(
1#
12
#16676668
b1001110001010 7
0(
0#
02
#16678335
0,
bx0x00000xx00xx00x01xxxxxxxxx0x0x0000xxxxx00000xxxxxx0x0000xx &
1(
1#
12
#16680002
b1001110001011 7
0(
0#
02
#16681669
bx0x00000xx0xxx00x01xxxxxxxxx0x0x0000xxxxx00000xxxxxx0x0000xx &
1(
1#
12
#16683336
b1001110001100 7
0(
0#
02
#16685003
1,
bx0x00100x00xxx00x01xxxxxxxxx0x0x0000xxxxx00000xxxxxx0x0000xx &
1(
1#
12
#16686670
b1001110001101 7
19
0(
0#
02
#16688337
1(
1#
12
#16690004
b1001110001110 7
0(
0#
02
#16691671
bx0x001x000xxxx00x01xxxxxxxxx0x0x0000xxxxx00000xxxxxx0x0000xx &
1(
1#
12
#16693338
b1001110001111 7
0(
0#
02
#16695005
1(
1#
12
#16696672
b1001110010000 7
0(
0#
02
#16698339
bx0x001x0x0xxxx00x01xxxxxxxxx0x0x0000xxxxx00000xxxxxx0x0000xx &
1(
1#
12
#16700006
b1001110010001 7
0(
0#
02
#16701673
bx0x001xxx0x00x00x01xxxxxxxxx0x0x0000xxxxx00000xxxxxx0x0000xx &
1(
1#
12
#16703340
b1001110010010 7
0(
0#
02
#16705007
bx0x001x0x0x0xx00x01xxxxxxxxx0x0x0000xxxxx00000xxxxxx0x0000xx &
1(
1#
12
#16706674
b1001110010011 7
0(
0#
02
#16708341
1(
1#
12
#16710008
b1001110010100 7
0(
0#
02
#16711675
bx0x001x0x0x0x000x01xxxxxxxxx0x0x0000xxxxx00000xxxxxx0x0000xx &
1(
1#
12
#16713342
b1001110010101 7
09
0(
0#
02
#16715009
bx0x001x000x0x000x01xxxxxxxxx0x0x0000xxxxx00000xxxxxx0x0000xx &
1(
1#
12
#16716676
b1001110010110 7
0(
0#
02
#16718343
bx0x001x00000xx00x01xxxxxxxxx0x0x0000xxxxx00000xxxxxx0x0000xx &
1(
1#
12
#16720010
b1001110010111 7
0(
0#
02
#16721677
bx0x001x0x0x0xx00x01xxxxxxxxx0x0x0000xxxxx00000xxxxxx0x0000xx &
1(
1#
12
#16723344
b1001110011000 7
0(
0#
02
#16725011
bx0x001x0x000xxx0x01xxxxxxxxx0x0x0000xxxxx00000xxxxxx0x0000xx &
1(
1#
12
#16726678
b1001110011001 7
0(
0#
02
#16728345
bx0x001x0x000xx00x01xxxxxxxxx0x0x0000xxxxx00000xxxxxx0x0000xx &
1(
1#
12
#16730012
b1001110011010 7
0(
0#
02
#16731679
bx0x001x0xx00xxx0x01xxxxxxxxx0x0x0000xxxxx00000xxxxxx0x0000xx &
1(
1#
12
#16733346
b1001110011011 7
0(
0#
02
#16735013
bx0x001x0xx0xxx00x01xxxxxxxxx0x0x0000xxxxx00000xxxxxx0x0000xx &
1(
1#
12
#16736680
b1001110011100 7
0(
0#
02
#16738347
bx0x001x0x00xxx00x01xxxxxxxxx0x0x0000xxxxx00000xxxxxx0x0000xx &
1(
1#
12
#16740014
b1001110011101 7
0(
0#
02
#16741681
bx0x001x0x00xxx0xx01xxxxxxxxx0x0x0000xxxxx00000xxxxxx0x0000xx &
1(
1#
12
#16743348
b1001110011110 7
0(
0#
02
#16745015
bx0x001x0x0xxxx0xx01xxxxxxxxx0x0x0000xxxxx00000xxxxxx0x0000xx &
1(
1#
12
#16746682
b1001110011111 7
0(
0#
02
#16748349
bx0x001x0x0xxxx00x01xxxxxxxxx0x0x0000xxxxx00000xxxxxx0x0000xx &
1(
1#
12
#16750016
b1001110100000 7
0(
0#
02
#16751683
1(
1#
12
#16753350
b1001110100001 7
0(
0#
02
#16755017
bx0x001x0x0x0xx00001xxxxxxxxx0x0x0000xxxxx00000xxxxxx0x0000xx &
1(
1#
12
#16756684
b1001110100010 7
0(
0#
02
#16758351
bx0x001x0x0x0xx00x01xxxxxxxxx0x0x0000xxxxx00000xxxxxx0x0000xx &
1(
1#
12
#16760018
b1001110100011 7
0(
0#
02
#16761685
1(
1#
12
#16763352
b1001110100100 7
0(
0#
02
#16765019
bx0x001x0x0x0xx00xx1xxxxxxxxx0x0x0000xxxxx00000xxxxxx0x0000xx &
1(
1#
12
#16766686
b1001110100101 7
0(
0#
02
#16768353
bx0x001x0x0x0xx00x01xxxxxxxxx0x0x0000xxxxx00000xxxxxx0x0000xx &
1(
1#
12
#16770020
b1001110100110 7
0(
0#
02
#16771687
1(
1#
12
#16773354
b1001110100111 7
0(
0#
02
#16775021
1(
1#
12
#16776688
b1001110101000 7
0(
0#
02
#16778355
1(
1#
12
#16780022
b1001110101001 7
0(
0#
02
#16781689
bx0x001x0x0x0xx00x0xxxxxxxxxx0x0x0000xxxxx00000xxxxxx0x0000xx &
1(
1#
12
#16783356
b1001110101010 7
0(
0#
02
#16785023
bx0x001x0x0x0xx00x01xxxxxxxxx0x0x0000xxxxx00000xxxxxx0x0000xx &
1(
1#
12
#16786690
b1001110101011 7
0(
0#
02
#16788357
1(
1#
12
#16790024
b1001110101100 7
0(
0#
02
#16791691
bx0x001x0x0x0xx00x010xxxxxxxx0x0x0000xxxxx00000xxxxxx0x0000xx &
1(
1#
12
#16793358
b1001110101101 7
0(
0#
02
#16795025
bx0x001x0x0x0xx00x010xxxxxxxx0x0x0000xxxxx00000xxxxxx0x0000xx &
1(
1#
12
#16796692
b1001110101110 7
0(
0#
02
#16798359
bx0x001x0x0x0xx00x01xxxxxxxxx0x0x0000xxxxx00000xxxxxx0x0000xx &
1(
1#
12
#16800026
b1001110101111 7
0(
0#
02
#16801693
1(
1#
12
#16803360
b1001110110000 7
0(
0#
02
#16805027
1(
1#
12
#16806694
b1001110110001 7
0(
0#
02
#16808361
1(
1#
12
#16810028
b1001110110010 7
0(
0#
02
#16811695
1(
1#
12
#16813362
b1001110110011 7
0(
0#
02
#16815029
1(
1#
12
#16816696
b1001110110100 7
0(
0#
02
#16818363
1(
1#
12
#16820030
b1001110110101 7
0(
0#
02
#16821697
1(
1#
12
#16823364
b1001110110110 7
0(
0#
02
#16825031
1(
1#
12
#16826698
b1001110110111 7
0(
0#
02
#16828365
1(
1#
12
#16830032
b1001110111000 7
0(
0#
02
#16831699
1(
1#
12
#16833366
b1001110111001 7
0(
0#
02
#16835033
1(
1#
12
#16836700
b1001110111010 7
0(
0#
02
#16838367
1(
1#
12
#16840034
b1001110111011 7
0(
0#
02
#16841701
1(
1#
12
#16843368
b1001110111100 7
0(
0#
02
#16845035
1(
1#
12
#16846702
b1001110111101 7
0(
0#
02
#16848369
1(
1#
12
#16850036
b1001110111110 7
0(
0#
02
#16851703
bx0x001x0x0x0x000x01xxxxxxxxx0x0x0000xxxxx00000xxxxxx0x0000xx &
1(
1#
12
#16853370
b1001110111111 7
0(
0#
02
#16855037
bx0x001x0x0x0xx00x01xxxxxxxxx0x0x0000xxxxx00000xxxxxx0x0000xx &
1(
1#
12
#16856704
b1001111000000 7
0(
0#
02
#16858371
1(
1#
12
#16860038
b1001111000001 7
0(
0#
02
#16861705
bx0x001x0x0x00x00x01xxxxxxxxx0x0x0000xxxxx00000xxxxxx0x0000xx &
1(
1#
12
#16863372
b1001111000010 7
0(
0#
02
#16865039
bx0x001x0x0x0xxx0x01xxxxxxxxx0x0x0000xxxxx00000xxxxxx0x0000xx &
1(
1#
12
#16866706
b1001111000011 7
0(
0#
02
#16868373
bx0x001x0x0x0xx00x01xxxxxxxxx0x0x0000xxxxx00000xxxxxx0x0000xx &
1(
1#
12
#16870040
b1001111000100 7
0(
0#
02
#16871707
bx0x001x0x0x0xxx0x01xxxxxxxxx0x0x0000xxxxx00000xxxxxx0x0000xx &
1(
1#
12
#16873374
b1001111000101 7
0(
0#
02
#16875041
bx0x001x0x0x0x0x0x01xxxxxxxxx0x0x0000xxxxx00000xxxxxx0x0000xx &
1(
1#
12
#16876708
b1001111000110 7
0(
0#
02
#16878375
1(
1#
12
#16880042
b1001111000111 7
0(
0#
02
#16881709
bx0x001x0x0x0xxx0x01xxxxxxxxx0x0x0000xxxxx00000xxxxxx0x0000xx &
1(
1#
12
#16883376
b1001111001000 7
0(
0#
02
#16885043
bx0x001x0x0x0xxxxx01xxxxxxxxx0x0x0000xxxxx00000xxxxxx0x0000xx &
1(
1#
12
#16886710
b1001111001001 7
0(
0#
02
#16888377
bx0x001x0x0x0xx0xx01xxxxxxxxx0x0x0000xxxxx00000xxxxxx0x0000xx &
1(
1#
12
#16890044
b1001111001010 7
0(
0#
02
#16891711
bx0x001x0x0x0xxxxx01xxxxxxxxx0x0x0000xxxxx00000xxxxxx0x0000xx &
1(
1#
12
#16893378
b1001111001011 7
0(
0#
02
#16895045
1(
1#
12
#16896712
b1001111001100 7
0(
0#
02
#16898379
bx0x001x0x0x0xx0xx01xxxxxxxxx0x0x0000xxxxx00000xxxxxx0x0000xx &
1(
1#
12
#16900046
b1001111001101 7
0(
0#
02
#16901713
bx0x001x0x0x0xx00x01xxxxxxxxx0x0x0000xxxxx00000xxxxxx0x0000xx &
1(
1#
12
#16903380
b1001111001110 7
0(
0#
02
#16905047
bx0x001x0x0x0x00xxx1xxxxxxxxx0x0x0000xxxxx00000xxxxxx0x0000xx &
1(
1#
12
#16906714
b1001111001111 7
0(
0#
02
#16908381
bx0x001x0x0x0xx0xxx1xxxxxxxxx0x0x0000xxxxx00000xxxxxx0x0000xx &
1(
1#
12
#16910048
b1001111010000 7
0(
0#
02
#16911715
bx0x001x0x0x0xx00xx1xxxxxxxxx0x0x0000xxxxx00000xxxxxx0x0000xx &
1(
1#
12
#16913382
b1001111010001 7
0(
0#
02
#16915049
bx0x001x0x0x00x00xx1xxxxxxxxx0x0x0000xxxxx00000xxxxxx0x0000xx &
1(
1#
12
#16916716
b1001111010010 7
0(
0#
02
#16918383
bx0x001x0x0x0xxx00x1xxxxxxxxx0x0x0000xxxxx00000xxxxxx0x0000xx &
1(
1#
12
#16920050
b1001111010011 7
0(
0#
02
#16921717
bx0x001x0x0x0xx00xx1xxxxxxxxx0x0x0000xxxxx00000xxxxxx0x0000xx &
1(
1#
12
#16923384
b1001111010100 7
0(
0#
02
#16925051
bx0x001x0x0x0xxx0xxxxxxxxxxxx0x0x0000xxxxx00000xxxxxx0x0000xx &
1(
1#
12
#16926718
b1001111010101 7
0(
0#
02
#16928385
bx0x001x0x0x0x0x0xxxxxxxxxxxx0x0x0000xxxxx00000xxxxxx0x0000xx &
1(
1#
12
#16930052
b1001111010110 7
0(
0#
02
#16931719
bx0x001x0x0x0x0x0x0x0xxxxxxxx0x0x0000xxxxx00000xxxxxx0x0000xx &
1(
1#
12
#16933386
b1001111010111 7
0(
0#
02
#16935053
bx0x001x0x0x0xxx0x0xxxxxxxxxx0x0x0000xxxxx00000xxxxxx0x0000xx &
1(
1#
12
#16936720
b1001111011000 7
0(
0#
02
#16938387
bx0x001x0x0x0xxxxx0x0xxxxxxxx0x0x0000xxxxx00000xxxxxx0x0000xx &
1(
1#
12
#16940054
b1001111011001 7
0(
0#
02
#16941721
bx0x001x0x0x0xx0xx0x0xxxxxxxx0x0x0000xxxxx00000xxxxxx0x0000xx &
1(
1#
12
#16943388
b1001111011010 7
0(
0#
02
#16945055
bx0x001x0x0x0xxxxx010xxxxxxxx0x0x0000xxxxx00000xxxxxx0x0000xx &
1(
1#
12
#16946722
b1001111011011 7
0(
0#
02
#16948389
1(
1#
12
#16950056
b1001111011100 7
0(
0#
02
#16951723
bx0x001x0x0x0xx0xx010xxxxxxxx0x0x0000xxxxx00000xxxxxx0x0000xx &
1(
1#
12
#16953390
b1001111011101 7
0(
0#
02
#16955057
bx0x001x0x0x0xx00x01xxxxxxxxx0x0x0000xxxxx00000xxxxxx0x0000xx &
1(
1#
12
#16956724
b1001111011110 7
0(
0#
02
#16958391
bx0x001x0x0x0xx0xxx10xxxxxxxx0x0x0000xxxxx00000xxxxxx0x0000xx &
1(
1#
12
#16960058
b1001111011111 7
0(
0#
02
#16961725
bx0x001x0x0x0xx0xxx1xxxxxxxxx0x0x0000xxxxx00000xxxxxx0x0000xx &
1(
1#
12
#16963392
b1001111100000 7
0(
0#
02
#16965059
bx0x001x0x0x0xx00xx1xxxxxxxxx0x0x0000xxxxx00000xxxxxx0x0000xx &
1(
1#
12
#16966726
b1001111100001 7
0(
0#
02
#16968393
1(
1#
12
#16970060
b1001111100010 7
0(
0#
02
#16971727
bx0x001x0x0x0xx000x1xxxxxxxxx0x0x0000xxxxx00000xxxxxx0x0000xx &
1(
1#
12
#16973394
b1001111100011 7
0(
0#
02
#16975061
bx0x001x0x0x0xx00xx1xxxxxxxxx0x0x0000xxxxx00000xxxxxx0x0000xx &
1(
1#
12
#16976728
b1001111100100 7
0(
0#
02
#16978395
bx0x001x0x0x0xx00xxxxxxxxxxxx0x0x0000xxxxx00000xxxxxx0x0000xx &
1(
1#
12
#16980062
b1001111100101 7
0(
0#
02
#16981729
1(
1#
12
#16983396
b1001111100110 7
0(
0#
02
#16985063
bx0x001x0x0x0xx00x0x0xxxxxxxx0x0x0000xxxxx00000xxxxxx0x0000xx &
1(
1#
12
#16986730
b1001111100111 7
0(
0#
02
#16988397
bx0x001x0x0x0xx00x0xxxxxxxxxx0x0x0000xxxxx00000xxxxxx0x0000xx &
1(
1#
12
#16990064
b1001111101000 7
0(
0#
02
#16991731
bx0x001x0x0x0xx00x0x0xxxxxxxx0x0x0000xxxxx00000xxxxxx0x0000xx &
1(
1#
12
#16993398
b1001111101001 7
0(
0#
02
#16995065
1(
1#
12
#16996732
b1001111101010 7
0(
0#
02
#16998399
bx0x001x0x0x0xx00x010xxxxxxxx0x0x0000xxxxx00000xxxxxx0x0000xx &
1(
1#
12
#17000066
b1001111101011 7
0(
0#
02
#17001733
1(
1#
12
#17003400
b1001111101100 7
0(
0#
02
#17005067
1(
1#
12
#17006734
b1001111101101 7
0(
0#
02
#17008401
bx0x001x0x0x0xx00x01xxxxxxxxx0x0x0000xxxxx00000xxxxxx0x0000xx &
1(
1#
12
#17010068
b1001111101110 7
0(
0#
02
#17011735
bx0x001x0x0x0xx00x010xxxxxxxx0x0x0000xxxxx00000xxxxxx0x0000xx &
1(
1#
12
#17013402
b1001111101111 7
0(
0#
02
#17015069
bx0x001x0x0x0xx00x01xxxxxxxxx0x0x0000xxxxx00000xxxxxx0x0000xx &
1(
1#
12
#17016736
b1001111110000 7
0(
0#
02
#17018403
1(
1#
12
#17020070
b1001111110001 7
0(
0#
02
#17021737
1(
1#
12
#17023404
b1001111110010 7
0(
0#
02
#17025071
1(
1#
12
#17026738
b1001111110011 7
0(
0#
02
#17028405
1(
1#
12
#17030072
b1001111110100 7
0(
0#
02
#17031739
1(
1#
12
#17033406
b1001111110101 7
0(
0#
02
#17035073
1(
1#
12
#17036740
b1001111110110 7
0(
0#
02
#17038407
1(
1#
12
#17040074
b1001111110111 7
0(
0#
02
#17041741
1(
1#
12
#17043408
b1001111111000 7
0(
0#
02
#17045075
1(
1#
12
#17046742
b1001111111001 7
0(
0#
02
#17048409
1(
1#
12
#17050076
b1001111111010 7
0(
0#
02
#17051743
1(
1#
12
#17053410
b1001111111011 7
0(
0#
02
#17055077
1(
1#
12
#17056744
b1001111111100 7
0(
0#
02
#17058411
1(
1#
12
#17060078
b1001111111101 7
0(
0#
02
#17061745
1(
1#
12
#17063412
b1001111111110 7
0(
0#
02
#17065079
1(
1#
12
#17066746
b1001111111111 7
0(
0#
02
#17068413
1(
1#
12
#17070080
b1010000000000 7
0(
0#
02
#17071747
1(
1#
12
#17073414
b1010000000001 7
0(
0#
02
#17075081
1(
1#
12
#17076748
b1010000000010 7
0(
0#
02
#17078415
1(
1#
12
#17080082
b1010000000011 7
0(
0#
02
#17081749
1(
1#
12
#17083416
b1010000000100 7
0(
0#
02
#17085083
1(
1#
12
#17086750
b1010000000101 7
0(
0#
02
#17088417
1(
1#
12
#17090084
b1010000000110 7
0(
0#
02
#17091751
1(
1#
12
#17093418
b1010000000111 7
0(
0#
02
#17095085
1(
1#
12
#17096752
b1010000001000 7
0(
0#
02
#17098419
1(
1#
12
#17100086
b1010000001001 7
0(
0#
02
#17101753
1(
1#
12
#17103420
b1010000001010 7
0(
0#
02
#17105087
1(
1#
12
#17106754
b1010000001011 7
0(
0#
02
#17108421
1(
1#
12
#17110088
b1010000001100 7
0(
0#
02
#17111755
1(
1#
12
#17113422
b1010000001101 7
0(
0#
02
#17115089
1(
1#
12
#17116756
b1010000001110 7
0(
0#
02
#17118423
1(
1#
12
#17120090
b1010000001111 7
0(
0#
02
#17121757
1(
1#
12
#17123424
b1010000010000 7
0(
0#
02
#17125091
1(
1#
12
#17126758
b1010000010001 7
0(
0#
02
#17128425
1(
1#
12
#17130092
b1010000010010 7
0(
0#
02
#17131759
1(
1#
12
#17133426
b1010000010011 7
0(
0#
02
#17135093
1(
1#
12
#17136760
b1010000010100 7
0(
0#
02
#17138427
1(
1#
12
#17140094
b1010000010101 7
0(
0#
02
#17141761
1(
1#
12
#17143428
b1010000010110 7
0(
0#
02
#17145095
1(
1#
12
#17146762
b1010000010111 7
0(
0#
02
#17148429
1(
1#
12
#17150096
b1010000011000 7
0(
0#
02
#17151763
1(
1#
12
#17153430
b1010000011001 7
0(
0#
02
#17155097
1(
1#
12
#17156764
b1010000011010 7
0(
0#
02
#17158431
1(
1#
12
#17160098
b1010000011011 7
0(
0#
02
#17161765
1(
1#
12
#17163432
b1010000011100 7
0(
0#
02
#17165099
1(
1#
12
#17166766
b1010000011101 7
0(
0#
02
#17168433
1(
1#
12
#17170100
b1010000011110 7
0(
0#
02
#17171767
1(
1#
12
#17173434
b1010000011111 7
0(
0#
02
#17175101
1(
1#
12
#17176768
b1010000100000 7
19
0(
0#
02
#17178435
1(
1#
12
#17180102
b1010000100001 7
09
0(
0#
02
#17181769
1(
1#
12
#17183436
b1010000100010 7
0(
0#
02
#17185103
1(
1#
12
#17186770
b1010000100011 7
19
0(
0#
02
#17188437
1(
1#
12
#17190104
b1010000100100 7
0(
0#
02
#17191771
1(
1#
12
#17193438
b1010000100101 7
0(
0#
02
#17195105
1(
1#
12
#17196772
b1010000100110 7
0(
0#
02
#17198439
1(
1#
12
#17200106
b1010000100111 7
0(
0#
02
#17201773
1(
1#
12
#17203440
b1010000101000 7
0(
0#
02
#17205107
1(
1#
12
#17206774
b1010000101001 7
0(
0#
02
#17208441
1(
1#
12
#17210108
b1010000101010 7
0(
0#
02
#17211775
1(
1#
12
#17213442
b1010000101011 7
09
0(
0#
02
#17215109
1(
1#
12
#17216776
b1010000101100 7
0(
0#
02
#17218443
1(
1#
12
#17220110
b1010000101101 7
0(
0#
02
#17221777
1(
1#
12
#17223444
b1010000101110 7
0(
0#
02
#17225111
1(
1#
12
#17226778
b1010000101111 7
0(
0#
02
#17228445
1(
1#
12
#17230112
b1010000110000 7
0(
0#
02
#17231779
1(
1#
12
#17233446
b1010000110001 7
0(
0#
02
#17235113
1(
1#
12
#17236780
b1010000110010 7
0(
0#
02
#17238447
1(
1#
12
#17240114
b1010000110011 7
0(
0#
02
#17241781
1(
1#
12
#17243448
b1010000110100 7
0(
0#
02
#17245115
1(
1#
12
#17246782
b1010000110101 7
0(
0#
02
#17248449
1(
1#
12
#17250116
b1010000110110 7
0(
0#
02
#17251783
1(
1#
12
#17253450
b1010000110111 7
0(
0#
02
#17255117
1(
1#
12
#17256784
b1010000111000 7
0(
0#
02
#17258451
1(
1#
12
#17260118
b1010000111001 7
0(
0#
02
#17261785
1(
1#
12
#17263452
b1010000111010 7
0(
0#
02
#17265119
1(
1#
12
#17266786
b1010000111011 7
0(
0#
02
#17268453
1(
1#
12
#17270120
b1010000111100 7
0(
0#
02
#17271787
1(
1#
12
#17273454
b1010000111101 7
0(
0#
02
#17275121
1(
1#
12
#17276788
b1010000111110 7
0(
0#
02
#17278455
1(
1#
12
#17280122
b1010000111111 7
0(
0#
02
#17281789
1(
1#
12
#17283456
b1010001000000 7
0(
0#
02
#17285123
1(
1#
12
#17286790
b1010001000001 7
0(
0#
02
#17288457
1(
1#
12
#17290124
b1010001000010 7
0(
0#
02
#17291791
1(
1#
12
#17293458
b1010001000011 7
0(
0#
02
#17295125
1(
1#
12
#17296792
b1010001000100 7
0(
0#
02
#17298459
1(
1#
12
#17300126
b1010001000101 7
0(
0#
02
#17301793
1(
1#
12
#17303460
b1010001000110 7
0(
0#
02
#17305127
1(
1#
12
#17306794
b1010001000111 7
0(
0#
02
#17308461
1(
1#
12
#17310128
b1010001001000 7
0(
0#
02
#17311795
1(
1#
12
#17313462
b1010001001001 7
0(
0#
02
#17315129
1(
1#
12
#17316796
b1010001001010 7
0(
0#
02
#17318463
1(
1#
12
#17320130
b1010001001011 7
0(
0#
02
#17321797
1(
1#
12
#17323464
b1010001001100 7
0(
0#
02
#17325131
1(
1#
12
#17326798
b1010001001101 7
0(
0#
02
#17328465
1(
1#
12
#17330132
b1010001001110 7
0(
0#
02
#17331799
1(
1#
12
#17333466
b1010001001111 7
0(
0#
02
#17335133
bx0x001x0x0x0xx00x01xxxxxxxxx0x0x00000xxxx00000xxxxxx0x0000xx &
1(
1#
12
#17336800
b1010001010000 7
0(
0#
02
#17338467
1(
1#
12
#17340134
b1010001010001 7
0(
0#
02
#17341801
1(
1#
12
#17343468
b1010001010010 7
0(
0#
02
#17345135
1(
1#
12
#17346802
b1010001010011 7
0(
0#
02
#17348469
bx0x001x0x0x0xx00x01xxxxxxxxx0x0x000000xxx00000xxxxxx0x0000xx &
1(
1#
12
#17350136
b1010001010100 7
0(
0#
02
#17351803
bx0x001x0x0x0xx00x01xxxxxxxxx0x0x00000xxxx00000xxxxxx0x0000xx &
1(
1#
12
#17353470
b1010001010101 7
0(
0#
02
#17355137
1(
1#
12
#17356804
b1010001010110 7
0(
0#
02
#17358471
1(
1#
12
#17360138
b1010001010111 7
0(
0#
02
#17361805
bx0x001x0x0x0xx00x01xxxxxxxxx0x0x0000xx0xx00000xxxxxx0x0000xx &
1(
1#
12
#17363472
b1010001011000 7
0(
0#
02
#17365139
bx0x001x0x0x0xx00x01xxxxxxxxx0x0x0000xxxxx00000xxxxxx0x0000xx &
1(
1#
12
#17366806
b1010001011001 7
0(
0#
02
#17368473
bx0x001x0x0x0xx00x01xxxxxxxxx0x0x0000x0xxx00000xxxxxx0x0000xx &
1(
1#
12
#17370140
b1010001011010 7
0(
0#
02
#17371807
bx0x001x0x0x0xx00x01xxxxxxxxx0x0x0000xxx0x00000xxxxxx0x0000xx &
1(
1#
12
#17373474
b1010001011011 7
0(
0#
02
#17375141
1(
1#
12
#17376808
b1010001011100 7
0(
0#
02
#17378475
bx0x001x0x0x0xx00x01xxxxxxxxx0x0x0000xx00x00000xxxxxx0x0000xx &
1(
1#
12
#17380142
b1010001011101 7
0(
0#
02
#17381809
bx0x001x0x0x0xx00x01xxxxxxxxx0x0x0000xxx0x00000xxxxxx0x0000xx &
1(
1#
12
#17383476
b1010001011110 7
0(
0#
02
#17385143
bx0x001x0x0x0xx00x01xxxxxxxxx0x0x0000xxxxx00000xxxxxx0x0000xx &
1(
1#
12
#17386810
b1010001011111 7
0(
0#
02
#17388477
bx0x001x0x0x0xx00x01xxxxxxxxx0x0x0000xxxx000000xxxxxx0x0000xx &
1(
1#
12
#17390144
b1010001100000 7
0(
0#
02
#17391811
1(
1#
12
#17393478
b1010001100001 7
0(
0#
02
#17395145
bx0x001x0x0x0xx00x01xxxxxxxxx0x0x0000xxx0000000xxxxxx0x0000xx &
1(
1#
12
#17396812
b1010001100010 7
0(
0#
02
#17398479
bx0x001x0x0x0xx00x01xxxxxxxxx0x0x0000xxxx000000xxxxxx0x0000xx &
1(
1#
12
#17400146
b1010001100011 7
0(
0#
02
#17401813
bx0x001x0x0x0xx00x01xxxxxxxxx0x0x0000xxx0000000xxxxxx0x0000xx &
1(
1#
12
#17403480
b1010001100100 7
0(
0#
02
#17405147
bx0x001x0x0x0xx00x01xxxxxxxxx0x0x0000xxxx0x0000xxxxxx0x0000xx &
1(
1#
12
#17406814
b1010001100101 7
0(
0#
02
#17408481
1(
1#
12
#17410148
b1010001100110 7
0(
0#
02
#17411815
bx0x001x0x0x0xx00x01xxxxxxxxx0x0x0000xxxxxxx000xxxxxx0x0000xx &
1(
1#
12
#17413482
b1010001100111 7
0(
0#
02
#17415149
1(
1#
12
#17416816
b1010001101000 7
0(
0#
02
#17418483
1(
1#
12
#17420150
b1010001101001 7
0(
0#
02
#17421817
bx0x001x0x0x0xx00x01xxxxxxxxx0x0x0000xxxxx0x000xxxxxx0x0000xx &
1(
1#
12
#17423484
b1010001101010 7
0(
0#
02
#17425151
bx0x001x0x0x0xx00x01xxxxxxxxx0x0x0000xxxxxxxx00xxxxxx0x0000xx &
1(
1#
12
#17426818
b1010001101011 7
0(
0#
02
#17428485
bx0x001x0x0x0xx00x01xxxxxxxxx0x0x0000xxxxxxx000xxxxxx0x0000xx &
1(
1#
12
#17430152
b1010001101100 7
0(
0#
02
#17431819
bx0x001x0x0x0xx00x01xxxxxxxxx0x0x0000xxxxx0xx00xxxxxx0x0000xx &
1(
1#
12
#17433486
b1010001101101 7
0(
0#
02
#17435153
bx0x001x0x0x0xx00x01xxxxxxxxx0x0x00000xxxx00x00xxxxxx0x0000xx &
1(
1#
12
#17436820
b1010001101110 7
0(
0#
02
#17438487
bx0x001x0x0x0xx00x01xxxxxxxxx0x0x000000xxx00x00xxxxxx0x0000xx &
1(
1#
12
#17440154
b1010001101111 7
0(
0#
02
#17441821
bx0x001x0x0x0xx00x01xxxxxxxxx0x0x0000000xx0xx00xxxxxx0x0000xx &
1(
1#
12
#17443488
b1010001110000 7
0(
0#
02
#17445155
bx0x001x0x0x0xx00x01xxxxxxxxx0x0x00000000x00x00xxxxxx0x0000xx &
1(
1#
12
#17446822
b1010001110001 7
0(
0#
02
#17448489
bx0x001x0x0x0xx00x01xxxxxxxxx0x0x00000000000000xxxxxx0x0000xx &
1(
1#
12
#17450156
b1010001110010 7
0(
0#
02
#17451823
bx0x001x0x0x0xx00x01xxxxxxxxx0x0x00000000000x00xxxxxx0x0000xx &
1(
1#
12
#17453490
b1010001110011 7
0(
0#
02
#17455157
bx0x001x0x0x0xx00x01xxxxxxxxx0x0x00000000000000xxxxxx0x0000xx &
1(
1#
12
#17456824
b1010001110100 7
0(
0#
02
#17458491
1(
1#
12
#17460158
b1010001110101 7
0(
0#
02
#17461825
bx0x001x0x0x0xx00x01xxxxxxxxx0x0x0000x000000000xxxxxx0x0000xx &
1(
1#
12
#17463492
b1010001110110 7
0(
0#
02
#17465159
bx0x001x0x0x0xx00x01xxxxxxxxx0x0x0000xx00000000xxxxxx0x0000xx &
1(
1#
12
#17466826
b1010001110111 7
0(
0#
02
#17468493
bx0x001x0x0x0xx00x01xxxxxxxxx0x0x0000xxx0000000xxxxxx0x0000xx &
1(
1#
12
#17470160
b1010001111000 7
0(
0#
02
#17471827
bx0x001x0x0x0xx00x01xxxxxxxxx0x0x0000xxxx000000xxxxxx0x0000xx &
1(
1#
12
#17473494
b1010001111001 7
0(
0#
02
#17475161
bx0x001x0x0x0xx00x01xxxxxxxxx0x0x0000xxxxx00000xxxxxx0x0000xx &
1(
1#
12
#17476828
b1010001111010 7
0(
0#
02
#17478495
1(
1#
12
#17480162
b1010001111011 7
0(
0#
02
#17481829
1(
1#
12
#17483496
b1010001111100 7
0(
0#
02
#17485163
1(
1#
12
#17486830
b1010001111101 7
0(
0#
02
#17488497
1(
1#
12
#17490164
b1010001111110 7
0(
0#
02
#17491831
1(
1#
12
#17493498
b1010001111111 7
0(
0#
02
#17495165
1(
1#
12
#17496832
b1010010000000 7
0(
0#
02
#17498499
1(
1#
12
#17500166
b1010010000001 7
0(
0#
02
#17501833
1(
1#
12
#17503500
b1010010000010 7
0(
0#
02
#17505167
1(
1#
12
#17506834
b1010010000011 7
0(
0#
02
#17508501
1(
1#
12
#17510168
b1010010000100 7
0(
0#
02
#17511835
1(
1#
12
#17513502
b1010010000101 7
0(
0#
02
#17515169
1(
1#
12
#17516836
b1010010000110 7
0(
0#
02
#17518503
1(
1#
12
#17520170
b1010010000111 7
0(
0#
02
#17521837
1(
1#
12
#17523504
b1010010001000 7
0(
0#
02
#17525171
1(
1#
12
#17526838
b1010010001001 7
0(
0#
02
#17528505
1(
1#
12
#17530172
b1010010001010 7
0(
0#
02
#17531839
1(
1#
12
#17533506
b1010010001011 7
0(
0#
02
#17535173
1(
1#
12
#17536840
b1010010001100 7
0(
0#
02
#17538507
1(
1#
12
#17540174
b1010010001101 7
0(
0#
02
#17541841
1(
1#
12
#17543508
b1010010001110 7
0(
0#
02
#17545175
1(
1#
12
#17546842
b1010010001111 7
0(
0#
02
#17548509
1(
1#
12
#17550176
b1010010010000 7
0(
0#
02
#17551843
1(
1#
12
#17553510
b1010010010001 7
0(
0#
02
#17555177
1(
1#
12
#17556844
b1010010010010 7
0(
0#
02
#17558511
1(
1#
12
#17560178
b1010010010011 7
0(
0#
02
#17561845
1(
1#
12
#17563512
b1010010010100 7
0(
0#
02
#17565179
1(
1#
12
#17566846
b1010010010101 7
0(
0#
02
#17568513
1(
1#
12
#17570180
b1010010010110 7
0(
0#
02
#17571847
1(
1#
12
#17573514
b1010010010111 7
0(
0#
02
#17575181
1(
1#
12
#17576848
b1010010011000 7
0(
0#
02
#17578515
1(
1#
12
#17580182
b1010010011001 7
0(
0#
02
#17581849
1(
1#
12
#17583516
b1010010011010 7
0(
0#
02
#17585183
1(
1#
12
#17586850
b1010010011011 7
0(
0#
02
#17588517
1(
1#
12
#17590184
b1010010011100 7
0(
0#
02
#17591851
1(
1#
12
#17593518
b1010010011101 7
19
0(
0#
02
#17595185
1(
1#
12
#17596852
b1010010011110 7
09
0(
0#
02
#17598519
1(
1#
12
#17600186
b1010010011111 7
0(
0#
02
#17601853
1(
1#
12
#17603520
b1010010100000 7
0(
0#
02
#17605187
1(
1#
12
#17606854
b1010010100001 7
0(
0#
02
#17608521
1(
1#
12
#17610188
b1010010100010 7
0(
0#
02
#17611855
1(
1#
12
#17613522
b1010010100011 7
0(
0#
02
#17615189
1(
1#
12
#17616856
b1010010100100 7
0(
0#
02
#17618523
1(
1#
12
#17620190
b1010010100101 7
0(
0#
02
#17621857
1(
1#
12
#17623524
b1010010100110 7
0(
0#
02
#17625191
1(
1#
12
#17626858
b1010010100111 7
0(
0#
02
#17628525
1(
1#
12
#17630192
b1010010101000 7
0(
0#
02
#17631859
1(
1#
12
#17633526
b1010010101001 7
0(
0#
02
#17635193
1(
1#
12
#17636860
b1010010101010 7
0(
0#
02
#17638527
1(
1#
12
#17640194
b1010010101011 7
0(
0#
02
#17641861
1(
1#
12
#17643528
b1010010101100 7
0(
0#
02
#17645195
1(
1#
12
#17646862
b1010010101101 7
0(
0#
02
#17648529
1(
1#
12
#17650196
b1010010101110 7
0(
0#
02
#17651863
1(
1#
12
#17653530
b1010010101111 7
0(
0#
02
#17655197
1(
1#
12
#17656864
b1010010110000 7
0(
0#
02
#17658531
1(
1#
12
#17660198
b1010010110001 7
0(
0#
02
#17661865
1(
1#
12
#17663532
b1010010110010 7
0(
0#
02
#17665199
1(
1#
12
#17666866
b1010010110011 7
0(
0#
02
#17668533
1(
1#
12
#17670200
b1010010110100 7
0(
0#
02
#17671867
1(
1#
12
#17673534
b1010010110101 7
0(
0#
02
#17675201
1(
1#
12
#17676868
b1010010110110 7
0(
0#
02
#17678535
1(
1#
12
#17680202
b1010010110111 7
0(
0#
02
#17681869
1(
1#
12
#17683536
b1010010111000 7
0(
0#
02
#17685203
1(
1#
12
#17686870
b1010010111001 7
0(
0#
02
#17688537
1(
1#
12
#17690204
b1010010111010 7
0(
0#
02
#17691871
1(
1#
12
#17693538
b1010010111011 7
0(
0#
02
#17695205
1(
1#
12
#17696872
b1010010111100 7
0(
0#
02
#17698539
1(
1#
12
#17700206
b1010010111101 7
0(
0#
02
#17701873
1(
1#
12
#17703540
b1010010111110 7
0(
0#
02
#17705207
1(
1#
12
#17706874
b1010010111111 7
0(
0#
02
#17708541
1(
1#
12
#17710208
b1010011000000 7
0(
0#
02
#17711875
1(
1#
12
#17713542
b1010011000001 7
0(
0#
02
#17715209
1(
1#
12
#17716876
b1010011000010 7
0(
0#
02
#17718543
1(
1#
12
#17720210
b1010011000011 7
19
0(
0#
02
#17721877
1(
1#
12
#17723544
b1010011000100 7
0(
0#
02
#17725211
1(
1#
12
#17726878
b1010011000101 7
0(
0#
02
#17728545
1(
1#
12
#17730212
b1010011000110 7
0(
0#
02
#17731879
1(
1#
12
#17733546
b1010011000111 7
0(
0#
02
#17735213
1(
1#
12
#17736880
b1010011001000 7
0(
0#
02
#17738547
1(
1#
12
#17740214
b1010011001001 7
0(
0#
02
#17741881
1(
1#
12
#17743548
b1010011001010 7
0(
0#
02
#17745215
1(
1#
12
#17746882
b1010011001011 7
0(
0#
02
#17748549
1(
1#
12
#17750216
b1010011001100 7
0(
0#
02
#17751883
1(
1#
12
#17753550
b1010011001101 7
0(
0#
02
#17755217
1(
1#
12
#17756884
b1010011001110 7
0(
0#
02
#17758551
1(
1#
12
#17760218
b1010011001111 7
0(
0#
02
#17761885
1(
1#
12
#17763552
b1010011010000 7
0(
0#
02
#17765219
1(
1#
12
#17766886
b1010011010001 7
09
0(
0#
02
#17768553
1(
1#
12
#17770220
b1010011010010 7
19
0(
0#
02
#17771887
1(
1#
12
#17773554
b1010011010011 7
0(
0#
02
#17775221
1(
1#
12
#17776888
b1010011010100 7
0(
0#
02
#17778555
1(
1#
12
#17780222
b1010011010101 7
0(
0#
02
#17781889
1(
1#
12
#17783556
b1010011010110 7
0(
0#
02
#17785223
1(
1#
12
#17786890
b1010011010111 7
0(
0#
02
#17788557
1(
1#
12
#17790224
b1010011011000 7
0(
0#
02
#17791891
1(
1#
12
#17793558
b1010011011001 7
0(
0#
02
#17795225
1(
1#
12
#17796892
b1010011011010 7
0(
0#
02
#17798559
1(
1#
12
#17800226
b1010011011011 7
0(
0#
02
#17801893
1(
1#
12
#17803560
b1010011011100 7
0(
0#
02
#17805227
1(
1#
12
#17806894
b1010011011101 7
0(
0#
02
#17808561
1(
1#
12
#17810228
b1010011011110 7
0(
0#
02
#17811895
1(
1#
12
#17813562
b1010011011111 7
0(
0#
02
#17815229
1(
1#
12
#17816896
b1010011100000 7
0(
0#
02
#17818563
1(
1#
12
#17820230
b1010011100001 7
0(
0#
02
#17821897
1(
1#
12
#17823564
b1010011100010 7
0(
0#
02
#17825231
bx0x001x0x0x0xx00x01xxxxxxxxx0x0x00000xxxx00000xxxxxx0x0000xx &
1(
1#
12
#17826898
b1010011100011 7
0(
0#
02
#17828565
bx0x001x0x0x0xx00x01xxxxxxxxx0x0x0000xxxxx00000xxxxxx0x0000xx &
1(
1#
12
#17830232
b1010011100100 7
0(
0#
02
#17831899
1(
1#
12
#17833566
b1010011100101 7
0(
0#
02
#17835233
bx0x001x0x0x0xx00x01xxxxxxxxx0x0x00000xxxx00000xxxxxx0x0000xx &
1(
1#
12
#17836900
b1010011100110 7
0(
0#
02
#17838567
bx0x001x0x0x0xx00x01xxxxxxxxx0x0x0000x0xxx00000xxxxxx0x0000xx &
1(
1#
12
#17840234
b1010011100111 7
0(
0#
02
#17841901
bx0x001x0x0x0xx00x01xxxxxxxxx0x0x0000xxxxx00000xxxxxx0x0000xx &
1(
1#
12
#17843568
b1010011101000 7
0(
0#
02
#17845235
1(
1#
12
#17846902
b1010011101001 7
0(
0#
02
#17848569
bx0x001x0x0x0xx00x01xxxxxxxxx0x0x0000x0xxx00000xxxxxx0x0000xx &
1(
1#
12
#17850236
b1010011101010 7
0(
0#
02
#17851903
bx0x001x0x0x0xx00x01xxxxxxxxx0x0x0000xx0xx00000xxxxxx0x0000xx &
1(
1#
12
#17853570
b1010011101011 7
09
0(
0#
02
#17855237
bx0x001x0x0x0xx00x01xxxxxxxxx0x0x00000xxxx00000xxxxxx0x0000xx &
1(
1#
12
#17856904
b1010011101100 7
0(
0#
02
#17858571
1(
1#
12
#17860238
b1010011101101 7
0(
0#
02
#17861905
bx0x001x0x0x0xx00x01xxxxxxxxx0x0x0000xx00x00000xxxxxx0x0000xx &
1(
1#
12
#17863572
b1010011101110 7
0(
0#
02
#17865239
bx0x001x0x0x0xx00x01xxxxxxxxxxx0x0000xx0xx00000xxxxxx0x0000xx &
1(
1#
12
#17866906
b1010011101111 7
0(
0#
02
#17868573
bx0x001x0x0x0xx00x01xxxxxxxxx0x0x0000x00xx00000xxxxxx0x0000xx &
1(
1#
12
#17870240
b1010011110000 7
0(
0#
02
#17871907
bx0x001x0x0x0xx00x01xxxxxxxxx0x0x0000xx00x00000xxxxxx0x0000xx &
1(
1#
12
#17873574
b1010011110001 7
0(
0#
02
#17875241
1(
1#
12
#17876908
b1010011110010 7
0(
0#
02
#17878575
bx0x001x0x0x0xx00x01xxxxxxxxx0x0x0000xx0x000000xxxxxx0x0000xx &
1(
1#
12
#17880242
b1010011110011 7
0(
0#
02
#17881909
bx0x001x0x0x0xx00x01xxxxxxxxx000x0000xxxxx00000xxxxxx0x0000xx &
1(
1#
12
#17883576
b1010011110100 7
0(
0#
02
#17885243
1(
1#
12
#17886910
b1010011110101 7
0(
0#
02
#17888577
bx0x001x0x0x0xx00x01xxxxxxxxx000x0000xxxx000000xxxxxx0x0000xx &
1(
1#
12
#17890244
b1010011110110 7
0(
0#
02
#17891911
bx0x001x0x0x0xx00x01xxxxxxxxxx00x0000xxx0x00000xxxxxx0x0000xx &
1(
1#
12
#17893578
b1010011110111 7
0(
0#
02
#17895245
bx0x001x0x0x0xx00x01xxxxxxxxxx00x0000xxx0xx0000xxxxxx0x0000xx &
1(
1#
12
#17896912
b1010011111000 7
0(
0#
02
#17898579
bx0x001x0x0x0xx00x01xxxxxxxxx00xx0000xxxxx00000xxxxxx0x0000xx &
1(
1#
12
#17900246
b1010011111001 7
0(
0#
02
#17901913
bx0x001x0x0x0xx00x01xxxxxxxxx00xx0000xxxx00x000xxxxxx0x0000xx &
1(
1#
12
#17903580
b1010011111010 7
0(
0#
02
#17905247
bx0x001x0x0x0xx00x01xxxxxxxxx00x00000xxxx000000xxxxxx0x0000xx &
1(
1#
12
#17906914
b1010011111011 7
0(
0#
02
#17908581
bx0x001x0x0x0xx00x01xxxxxxxxx0xxx0000xxxx000000xxxxxx0x0000xx &
1(
1#
12
#17910248
b1010011111100 7
0(
0#
02
#17911915
bx0x001x0x0x0xx00x01xxxxxxxxx0xxx0000xxxxx0x000xxxxxx0x0000xx &
1(
1#
12
#17913582
b1010011111101 7
0(
0#
02
#17915249
bx0x001x0x0x0xx00x01xxxxxxxxx0x0x0000xxxxx0xx00xxxxxx0x0000xx &
1(
1#
12
#17916916
b1010011111110 7
0(
0#
02
#17918583
bx0x001x0x0x0xx00x01xxxxxxxxx0x0x0000xxxxx00000xxxxxx0x0000xx &
1(
1#
12
#17920250
b1010011111111 7
0(
0#
02
#17921917
1(
1#
12
#17923584
b1010100000000 7
0(
0#
02
#17925251
bx0x001x0x0x0xx00x01xxxxxxxxx0x0xx0000xxxxx0x00xxxxxx0x0000xx &
1(
1#
12
#17926918
b1010100000001 7
0(
0#
02
#17928585
bx0x001x0x0x0xx00x01xxxxxxxxx0x0xx000x0xxxx0000xxxxxx0x0000xx &
1(
1#
12
#17930252
b1010100000010 7
0(
0#
02
#17931919
bx0x001x0x0x0xx00x01xxxxxxxxx0x00x000xx0xx00x00xxxxxx0x0000xx &
1(
1#
12
#17933586
b1010100000011 7
0(
0#
02
#17935253
bx0x001x0x0x0xx00x01xxxxxxxxx0x00xx000xx0x00x00xxxxxx0x0000xx &
1(
1#
12
#17936920
b1010100000100 7
0(
0#
02
#17938587
bx0x001x0x0x0xx00x01xxxxxxxxx0x0xxx0000xx000x00xxxxxx0x0000xx &
1(
1#
12
#17940254
b1010100000101 7
0(
0#
02
#17941921
bx0x001x0x0x0xx00x01xxxxxxxxx0x0x0x00000xx00x00xxxxxx0x0000xx &
1(
1#
12
#17943588
b1010100000110 7
0(
0#
02
#17945255
bx0x001x0x0x0xx00x01xxxxxxxxx0x0x0xx00000x00x00xxxxxx0x0000xx &
1(
1#
12
#17946922
b1010100000111 7
0(
0#
02
#17948589
bx0x001x0x0x0xx00x01xxxxxxxxx0x0x0x000000000000xxxxxx0x0000xx &
1(
1#
12
#17950256
b1010100001000 7
0(
0#
02
#17951923
1(
1#
12
#17953590
b1010100001001 7
0(
0#
02
#17955257
bx0x001x0x0x0xx00x01xxxxxxxxx0x0x00000000000000xxxxxx0x0000xx &
1(
1#
12
#17956924
b1010100001010 7
0(
0#
02
#17958591
bx0x001x0x0x0xx00x01xxxxxxxxx0x0x0x0x0000000000xxxxxx0x0000xx &
1(
1#
12
#17960258
b1010100001011 7
0(
0#
02
#17961925
bx0x001x0x0x0xx00x01xxxxxxxxx0x0x0x00x000000000xxxxxx0x0000xx &
1(
1#
12
#17963592
b1010100001100 7
0(
0#
02
#17965259
bx0x001x0x0x0xx00x01xxxxxxxxx0x0x0000xx00000000xxxxxx0x0000xx &
1(
1#
12
#17966926
b1010100001101 7
0(
0#
02
#17968593
bx0x001x0x0x0xx00x01xxxxxxxxx0x0x0000xxx0000000xxxxxx0x0000xx &
1(
1#
12
#17970260
b1010100001110 7
0(
0#
02
#17971927
bx0x001x0x0x0xx00x01xxxxxxxxx000x00x0xxxx000000xxxxxx0x0000xx &
1(
1#
12
#17973594
b1010100001111 7
0(
0#
02
#17975261
bx0x001x0x0x0xx00x01xxxxxxxxx000x00x0xxxxx00000xxxxxx0x0000xx &
1(
1#
12
#17976928
b1010100010000 7
0(
0#
02
#17978595
bx0x001x0x0x0xx00x01xxxxxxxxx00000000xxxxx00000xxxxxx0x0000xx &
1(
1#
12
#17980262
b1010100010001 7
0(
0#
02
#17981929
1(
1#
12
#17983596
b1010100010010 7
0(
0#
02
#17985263
1(
1#
12
#17986930
b1010100010011 7
0(
0#
02
#17988597
1(
1#
12
#17990264
b1010100010100 7
0(
0#
02
#17991931
1(
1#
12
#17993598
b1010100010101 7
0(
0#
02
#17995265
bx0x001x0x0x0xx00x01x0xxxxxxx00000000xxxxx00000xxxxxx0x0000xx &
1(
1#
12
#17996932
b1010100010110 7
0(
0#
02
#17998599
bx0x001x0x0x0xx00x01x00xxxxxx0x000000xxxxx00000xxxxxx0x0000xx &
1(
1#
12
#18000266
b1010100010111 7
0(
0#
02
#18001933
bx0x001x0x0x0xx00x01x000xxxxx0x000000xxxxx00000xxxxxx0x0000xx &
1(
1#
12
#18003600
b1010100011000 7
0(
0#
02
#18005267
bx0x001x0x0x0xx00x01x0000xxxx0x0x0000xxxxx00000xxxxxx0x0000xx &
1(
1#
12
#18006934
b1010100011001 7
0(
0#
02
#18008601
bx0x001x0x0x0xx00x01x00000xxx0x0x0000xxxxx00000xxxxxx0x0000xx &
1(
1#
12
#18010268
b1010100011010 7
0(
0#
02
#18011935
bx0x001x0x0x0xx00x01x000000xx0x0x0000xxxxx00000xxxxxx0x0000xx &
1(
1#
12
#18013602
b1010100011011 7
0(
0#
02
#18015269
bx0x001x0x0x0xx00x01x0000000x0x0x0000xxxxx00000xxxxxx0x0000xx &
1(
1#
12
#18016936
b1010100011100 7
0(
0#
02
#18018603
bx0x001x0x0x0xx00x01x000000000x0x0000xxxxx00000xxxxxx0x0000xx &
1(
1#
12
#18020270
b1010100011101 7
0(
0#
02
#18021937
bx0x001x0x0x00x00x01xx00000000x0x0000xxxxx00000xxxxxx0x0000xx &
1(
1#
12
#18023604
b1010100011110 7
0(
0#
02
#18025271
bx0x001x0x0x00000x01xxx0000000x0x0000xxxxx00000xxxxxx0x0000xx &
1(
1#
12
#18026938
b1010100011111 7
0(
0#
02
#18028605
bx0x001x0x0x00000x01xxxx000000x0x0000xxxxx00000xxxxxx0x0000xx &
1(
1#
12
#18030272
b1010100100000 7
0(
0#
02
#18031939
bx0x001x0x0x00000x01xxxxx00000x0x0000xxxxx00000xxxxxx0x0000xx &
1(
1#
12
#18033606
b1010100100001 7
0(
0#
02
#18035273
bx0x001x0x0x00000001xxxxxx0000x0x0000xxxxx00000xxxxxx0x0000xx &
1(
1#
12
#18036940
b1010100100010 7
0(
0#
02
#18038607
bx0x001x0x0x00000001xxxxxxx000x0x0000xxxxx00000xxxxxx0x0000xx &
1(
1#
12
#18040274
b1010100100011 7
0(
0#
02
#18041941
bx0x001x0x0x00000001xxxxxxxx00x0x0000xxxxx00000xxxxxx0x0000xx &
1(
1#
12
#18043608
b1010100100100 7
0(
0#
02
#18045275
bx0x001x0x0x000000010xxxxxxxx0x0x0000xxxxx00000xxxxxx0x0000xx &
1(
1#
12
#18046942
b1010100100101 7
0(
0#
02
#18048609
bx0x001x0x0x0x0000010xxxxxxxx0x0x0000xxxxx00000xxxxxx0x0000xx &
1(
1#
12
#18050276
b1010100100110 7
0(
0#
02
#18051943
z,
bx0x00zx0x0x0xx000010xxxxxxxx0x0x0000xxxxx00000xxxxxx0x0000xx &
1(
1#
12
#18053610
b1010100100111 7
0(
0#
02
#18055277
bx0x00z00x0x0xx000010xxxxxxxx0x0x0000xxxxx00000xxxxxx0x0000xx &
1(
1#
12
#18056944
b1010100101000 7
0(
0#
02
#18058611
1(
1#
12
#18060278
b1010100101001 7
0(
0#
02
#18061945
bx0x00z0000x0xx00x010xxxxxxxx0x0x0000xxxxx00000xxxxxx0x0000xx &
1(
1#
12
#18063612
b1010100101010 7
0(
0#
02
#18065279
1(
1#
12
#18066946
b1010100101011 7
0(
0#
02
#18068613
bx0x00z000000xx00x010xxxxxxxx0x0x0000xxxxx00000xxxxxx0x0000xx &
1(
1#
12
#18070280
b1010100101100 7
0(
0#
02
#18071947
bx0x00z000000xx00x01xxxxxxxxx0x0x0000xxxxx00000xxxxxx0x0000xx &
1(
1#
12
#18073614
b1010100101101 7
0(
0#
02
#18075281
b0xxxx0x00z000000xx00x01xxxxxxxxx0x0x0000xxxxx00000xxxxxx0x0000xx &
1(
1#
12
#18076948
b1010100101110 7
0(
0#
02
#18078615
1,
b0xxx0x001000000xx00x01xxxxxxxxx0x0x0000xxxxx00000xxxxxx0x0000xx &
1(
1#
12
#18080282
b1010100101111 7
0(
0#
02
#18081949
b0xx0x001x00000xx00x01xxxxxxxxx0x0x0000xxxxx00000xxxxxx0x0000xx &
1(
1#
12
#18083616
b1010100110000 7
0(
0#
02
#18085283
b0x0x001x00000xx00x01xxxxxxxxx0x0x0000xxxxx00000xxxxxx0x0000xx &
1(
1#
12
#18086950
b1010100110001 7
0(
0#
02
#18088617
b0x001x0x000xx00x01xxxxxxxxx0x0x0000xxxxx00000xxxxxx0x0000xx &
1(
1#
12
#18090284
b1010100110010 7
0(
0#
02
#18091951
1(
1#
12
#18093618
b1010100110011 7
0(
0#
02
#18095285
b1x0x0x0xx00x01xxxxxxxxx0x0x0000xxxxx00000xxxxxx0x0000xx &
1(
1#
12
#18096952
b1010100110100 7
0(
0#
02
#18098619
1(
1#
12
#18100286
b1010100110101 7
0(
0#
02
#18101953
bx000000001x0x0x0xx00x01xxxxxxxxx0x0x0000xxxxx00000xxxxxx0x0000xx &
1(
1#
12
#18103620
b1010100110110 7
0(
0#
02
#18105287
bx00000001x0x0x0xx00x01xxxxxxxxx0x0x0000xxxxx00000xxxxxx0x0000xx &
1(
1#
12
#18106954
b1010100110111 7
0(
0#
02
#18108621
bx0000001x0x0x0xx00x01xxxxxxxxx0x0x0000xxxxx00000xxxxxx0x0000xx &
1(
1#
12
#18110288
b1010100111000 7
0(
0#
02
#18111955
bx000001x0x0x0xx00x01xxxxxxxxx0x0x0000xxxxx00000xxxxxx0x0000xx &
1(
1#
12
#18113622
b1010100111001 7
0(
0#
02
#18115289
bx00001x0x0x0xx00x01xxxxxxxxx0x0x0000xxxxx00000xxxxxx0x0000xx &
1(
1#
12
#18116956
b1010100111010 7
0(
0#
02
#18118623
1(
1#
12
#18120290
b1010100111011 7
0(
0#
02
#18121957
bx0x001x0x0x0xx00x01xxxxxxxxx0x0x0000xxxxx00000xxxxxx0x0000xx &
1(
1#
12
#18123624
b1010100111100 7
0(
0#
02
#18125291
1(
1#
12
#18126958
b1010100111101 7
0(
0#
02
#18128625
1(
1#
12
#18130292
b1010100111110 7
0(
0#
02
#18131959
1(
1#
12
#18133626
b1010100111111 7
0(
0#
02
#18135293
1(
1#
12
#18136960
b1010101000000 7
0(
0#
02
#18138627
1(
1#
12
#18140294
b1010101000001 7
0(
0#
02
#18141961
1(
1#
12
#18143628
b1010101000010 7
0(
0#
02
#18145295
1(
1#
12
#18146962
b1010101000011 7
0(
0#
02
#18148629
1(
1#
12
#18150296
b1010101000100 7
0(
0#
02
#18151963
1(
1#
12
#18153630
b1010101000101 7
0(
0#
02
#18155297
1(
1#
12
#18156964
b1010101000110 7
0(
0#
02
#18158631
1(
1#
12
#18160298
b1010101000111 7
0(
0#
02
#18161965
1(
1#
12
#18163632
b1010101001000 7
0(
0#
02
#18165299
1(
1#
12
#18166966
b1010101001001 7
0(
0#
02
#18168633
1(
1#
12
#18170300
b1010101001010 7
0(
0#
02
#18171967
1(
1#
12
#18173634
b1010101001011 7
0(
0#
02
#18175301
1(
1#
12
#18176968
b1010101001100 7
0(
0#
02
#18178635
1(
1#
12
#18180302
b1010101001101 7
0(
0#
02
#18181969
1(
1#
12
#18183636
b1010101001110 7
0(
0#
02
#18185303
1(
1#
12
#18186970
b1010101001111 7
0(
0#
02
#18188637
1(
1#
12
#18190304
b1010101010000 7
0(
0#
02
#18191971
1(
1#
12
#18193638
b1010101010001 7
0(
0#
02
#18195305
1(
1#
12
#18196972
b1010101010010 7
0(
0#
02
#18198639
1(
1#
12
#18200306
b1010101010011 7
0(
0#
02
#18201973
1(
1#
12
#18203640
b1010101010100 7
0(
0#
02
#18205307
1(
1#
12
#18206974
b1010101010101 7
0(
0#
02
#18208641
1(
1#
12
#18210308
b1010101010110 7
0(
0#
02
#18211975
1(
1#
12
#18213642
b1010101010111 7
0(
0#
02
#18215309
1(
1#
12
#18216976
b1010101011000 7
0(
0#
02
#18218643
1(
1#
12
#18220310
b1010101011001 7
0(
0#
02
#18221977
1(
1#
12
#18223644
b1010101011010 7
0(
0#
02
#18225311
1(
1#
12
#18226978
b1010101011011 7
0(
0#
02
#18228645
1(
1#
12
#18230312
b1010101011100 7
0(
0#
02
#18231979
1(
1#
12
#18233646
b1010101011101 7
0(
0#
02
#18235313
1(
1#
12
#18236980
b1010101011110 7
0(
0#
02
#18238647
1(
1#
12
#18240314
b1010101011111 7
19
0(
0#
02
#18241981
bx0x001x0x0x0xx00x01xxxxxxxxx0x0x00000xxxx00000xxxxxx0x0000xx &
1(
1#
12
#18243648
b1010101100000 7
0(
0#
02
#18245315
bx0x001x0x0x0xx00x01xxxxxxxxx0x0x0000xxxxx00000xxxxxx0x0000xx &
1(
1#
12
#18246982
b1010101100001 7
09
0(
0#
02
#18248649
1(
1#
12
#18250316
b1010101100010 7
0(
0#
02
#18251983
1(
1#
12
#18253650
b1010101100011 7
0(
0#
02
#18255317
bx0x001x0x0x0xx00x01xxxxxxxxx0x0x0000x0xxx00000xxxxxx0x0000xx &
1(
1#
12
#18256984
b1010101100100 7
0(
0#
02
#18258651
bx0x001x0x0x0xx00x01xxxxxxxxx0x0x0000xxxxx00000xxxxxx0x0000xx &
1(
1#
12
#18260318
b1010101100101 7
0(
0#
02
#18261985
1(
1#
12
#18263652
b1010101100110 7
0(
0#
02
#18265319
1(
1#
12
#18266986
b1010101100111 7
0(
0#
02
#18268653
bx0x001x0x0x0xx00x01xxxxxxxxx0x0x0000xxxxx00000xxxxxx0x0000xx &
1(
1#
12
#18270320
b1010101101000 7
0(
0#
02
#18271987
1(
1#
12
#18273654
b1010101101001 7
0(
0#
02
#18275321
1(
1#
12
#18276988
b1010101101010 7
0(
0#
02
#18278655
bx0x001x0x0x0xx00x01xxxxxxxxx0x0x0000xxx0x00000xxxxxx0x0000xx &
1(
1#
12
#18280322
b1010101101011 7
0(
0#
02
#18281989
bx0x001x0x0x0xx00x01xxxxxxxxx0x0x0000xxxxx00000xxxxxx0x0000xx &
1(
1#
12
#18283656
b1010101101100 7
0(
0#
02
#18285323
1(
1#
12
#18286990
b1010101101101 7
0(
0#
02
#18288657
1(
1#
12
#18290324
b1010101101110 7
0(
0#
02
#18291991
1(
1#
12
#18293658
b1010101101111 7
0(
0#
02
#18295325
bx0x001x0x0x0xx00x01xxxxxxxxx0x0x0000xxxx000000xxxxxx0x0000xx &
1(
1#
12
#18296992
b1010101110000 7
0(
0#
02
#18298659
bx0x001x0x0x0xx00x01xxxxxxxxx0x0x0000xxxxx00000xxxxxx0x0000xx &
1(
1#
12
#18300326
b1010101110001 7
0(
0#
02
#18301993
1(
1#
12
#18303660
b1010101110010 7
0(
0#
02
#18305327
1(
1#
12
#18306994
b1010101110011 7
0(
0#
02
#18308661
1(
1#
12
#18310328
b1010101110100 7
0(
0#
02
#18311995
bx0x001x0x0x0xx00x01xxxxxxxxx0x0x0000xxxxxx0000xxxxxx0x0000xx &
1(
1#
12
#18313662
b1010101110101 7
0(
0#
02
#18315329
bx0x001x0x0x0xx00x01xxxxxxxxx0x0x0000xxxxx00000xxxxxx0x0000xx &
1(
1#
12
#18316996
b1010101110110 7
0(
0#
02
#18318663
bx0x001x0x0x0xx00x01xxxxxxxxx0x0x0000xxxxx0x000xxxxxx0x0000xx &
1(
1#
12
#18320330
b1010101110111 7
0(
0#
02
#18321997
bx0x001x0x0x0xx00x01xxxxxxxxx0x0x0000xxxxx00000xxxxxx0x0000xx &
1(
1#
12
#18323664
b1010101111000 7
0(
0#
02
#18325331
1(
1#
12
#18326998
b1010101111001 7
0(
0#
02
#18328665
1(
1#
12
#18330332
b1010101111010 7
0(
0#
02
#18331999
bx0x001x0x0x0xx00x01xxxxxxxxx0x0x0000xxxxx00x00xxxxxx0x0000xx &
1(
1#
12
#18333666
b1010101111011 7
0(
0#
02
#18335333
bx0x001x0x0x0xx00x01xxxxxxxxx0x0x0000xxxxx00000xxxxxx0x0000xx &
1(
1#
12
#18337000
b1010101111100 7
0(
0#
02
#18338667
1(
1#
12
#18340334
b1010101111101 7
0(
0#
02
#18342001
bx0x001x0x0x0xx00x01xxxxxxxxx0x0x00000xxxx00000xxxxxx0x0000xx &
1(
1#
12
#18343668
b1010101111110 7
0(
0#
02
#18345335
bx0x001x0x0x0xx00x01xxxxxxxxx0x0x0000x0xxx00000xxxxxx0x0000xx &
1(
1#
12
#18347002
b1010101111111 7
0(
0#
02
#18348669
bx0x001x0x0x0xx00x01xxxxxxxxx0x0x0000xx0xx00000xxxxxx0x0000xx &
1(
1#
12
#18350336
b1010110000000 7
0(
0#
02
#18352003
bx0x001x0x0x0xx00x01xxxxxxxxx0x0x0000xxx0x00000xxxxxx0x0000xx &
1(
1#
12
#18353670
b1010110000001 7
0(
0#
02
#18355337
bx0x001x0x0x0xx00x01xxxxxxxxxxx0x0000xxxx000000xxxxxx0x0000xx &
1(
1#
12
#18357004
b1010110000010 7
0(
0#
02
#18358671
bx0x001x0x0x0xx00x01xxxxxxxxx0x0x0000xxxxx00000xxxxxx0x0000xx &
1(
1#
12
#18360338
b1010110000011 7
19
0(
0#
02
#18362005
bx0x001x0x0x0xx00x01xxxxxxxxxxx0x0000xxxxx00000xxxxxx0x0000xx &
1(
1#
12
#18363672
b1010110000100 7
0(
0#
02
#18365339
bx0x001x0x0x0xx00x01xxxxxxxxxxx0x0000xxxxx00000xxxxxx0x0000xx &
1(
1#
12
#18367006
b1010110000101 7
0(
0#
02
#18368673
bx0x001x0x0x0xx00x01xxxxxxxxx0x0x00000xxxx00000xxxxxx0x0000xx &
1(
1#
12
#18370340
b1010110000110 7
0(
0#
02
#18372007
bx0x001x0x0x0xx00x01xxxxxxxxxx00x0000xxxxx00000xxxxxx0x0000xx &
1(
1#
12
#18373674
b1010110000111 7
0(
0#
02
#18375341
bx0x001x0x0x0xx00x01xxxxxxxxxxx0x0000xxxxx00000xxxxxx0x0000xx &
1(
1#
12
#18377008
b1010110001000 7
0(
0#
02
#18378675
1(
1#
12
#18380342
b1010110001001 7
0(
0#
02
#18382009
bx0x001x0x0x0xx00x01xxxxxxxxx000x0000x0xxx00000xxxxxx0x0000xx &
1(
1#
12
#18383676
b1010110001010 7
0(
0#
02
#18385343
bx0x001x0x0x0xx00x01xxxxxxxxx0x0x0000xxxxx00000xxxxxx0x0000xx &
1(
1#
12
#18387010
b1010110001011 7
09
0(
0#
02
#18388677
bx0x001x0x0x0xx00x01xxxxxxxxx000x00000xxxx00000xxxxxx0x0000xx &
1(
1#
12
#18390344
b1010110001100 7
0(
0#
02
#18392011
bx0x001x0x0x0xx00x01xxxxxxxxxx00x00000xxxx00000xxxxxx0x0000xx &
1(
1#
12
#18393678
b1010110001101 7
0(
0#
02
#18395345
bx0x001x0x0x0xx00x01xxxxxxxxxxx000000xx0xx00000xxxxxx0x0000xx &
1(
1#
12
#18397012
b1010110001110 7
0(
0#
02
#18398679
bx0x001x0x0x0xx00x01xxxxxxxxx0xxx0000xx0xx00000xxxxxx0x0000xx &
1(
1#
12
#18400346
b1010110001111 7
0(
0#
02
#18402013
bx0x001x0x0x0xx00x01xxxxxxxxx00xx0000x00xx00000xxxxxx0x0000xx &
1(
1#
12
#18403680
b1010110010000 7
0(
0#
02
#18405347
bx0x001x0x0x0xx00x01xxxxxxxxx00x00000xxx0x00000xxxxxx0x0000xx &
1(
1#
12
#18407014
b1010110010001 7
0(
0#
02
#18408681
bx0x001x0x0x0xx00x01xxxxxxxxx0xxx00000xx0x00000xxxxxx0x0000xx &
1(
1#
12
#18410348
b1010110010010 7
0(
0#
02
#18412015
bx0x001x0x0x0xx00x01xxxxxxxxx0xx0x0000x00x00000xxxxxx0x0000xx &
1(
1#
12
#18413682
b1010110010011 7
0(
0#
02
#18415349
bx0x001x0x0x0xx00x01xxxxxxxxx0x000000xx00x00000xxxxxx0x0000xx &
1(
1#
12
#18417016
b1010110010100 7
0(
0#
02
#18418683
bx0x001x0x0x0xx00x01xxxxxxxxx0xx000000x0xx00000xxxxxx0x0000xx &
1(
1#
12
#18420350
b1010110010101 7
0(
0#
02
#18422017
bx0x001x0x0x0xx00x01xxxxxxxxx0x000000x00x000000xxxxxx0x0000xx &
1(
1#
12
#18423684
b1010110010110 7
0(
0#
02
#18425351
bx0x001x0x0x0xx00x01xxxxxxxxx0x00x000xx0x000000xxxxxx0x0000xx &
1(
1#
12
#18427018
b1010110010111 7
0(
0#
02
#18428685
bx0x001x0x0x0xx00x01xxxxxxxxx0x0xxx00x00x000000xxxxxx0x0000xx &
1(
1#
12
#18430352
b1010110011000 7
0(
0#
02
#18432019
bx0x001x0x0x0xx00x01xxxxxxxxx0x0xx000x00x000000xxxxxx0x0000xx &
1(
1#
12
#18433686
b1010110011001 7
0(
0#
02
#18435353
bx0x001x0x0x0xx00x01xxxxxxxxx0x0xxxx0xxxx000000xxxxxx0x0000xx &
1(
1#
12
#18437020
b1010110011010 7
0(
0#
02
#18438687
bx0x001x0x0x0xx00x01xxxxxxxxx0x0xx000xxxx0x0000xxxxxx0x0000xx &
1(
1#
12
#18440354
b1010110011011 7
0(
0#
02
#18442021
bx0x001x0x0x0xx00x01xxxxxxxxx0x0x00x0xx0x0x0000xxxxxx0x0000xx &
1(
1#
12
#18443688
b1010110011100 7
0(
0#
02
#18445355
bx0x001x0x0x0xx00x01xxxxxxxxx0x0xx0x0xx0x0xx000xxxxxx0x0000xx &
1(
1#
12
#18447022
b1010110011101 7
0(
0#
02
#18448689
bx0x001x0x0x0xx00x01xxxxxxxxx0x0x000xxx000xx000xxxxxx0x0000xx &
1(
1#
12
#18450356
b1010110011110 7
0(
0#
02
#18452023
bx0x001x0x0x0xx00x01xxxxxxxxx0x0x00x0xx0x0xx000xxxxxx0x0000xx &
1(
1#
12
#18453690
b1010110011111 7
0(
0#
02
#18455357
bx0x001x0x0x0xx00x01xxxxxxxxx0x0x00x0xx000xx000xxxxxx0x0000xx &
1(
1#
12
#18457024
b1010110100000 7
0(
0#
02
#18458691
bx0x001x0x0x0xx00x01xxxxxxxxx0x0x0xxxxx000xxx00xxxxxx0x0000xx &
1(
1#
12
#18460358
b1010110100001 7
0(
0#
02
#18462025
bx0x001x0x0x0xx00x01xxxxxxxxx000x00x0xx0x0xx000xxxxxx0x0000xx &
1(
1#
12
#18463692
b1010110100010 7
0(
0#
02
#18465359
bx0x001x0x0x0xx00x01xxxxxxxxx0x0x00xxxx0xxxxx00xxxxxx0x0000xx &
1(
1#
12
#18467026
b1010110100011 7
0(
0#
02
#18468693
bx0x001x0x0x0xx00x01xxxxxxxxx0x00000x0x0xxxxx00xxxxxx0x0000xx &
1(
1#
12
#18470360
b1010110100100 7
0(
0#
02
#18472027
bx0x001x0x0x0xx00x01xxxxxxxxx000x00xx000x0xxx00xxxxxx0x0000xx &
1(
1#
12
#18473694
b1010110100101 7
0(
0#
02
#18475361
bx0x001x0x0x0xx00x01xxxxxxxxx000x00xx000x00xx00xxxxxx0x0000xx &
1(
1#
12
#18477028
b1010110100110 7
0(
0#
02
#18478695
bx0x001x0x0x0xx00x01xxxxxxxxx0000000x00000xxx00xxxxxx0x0000xx &
1(
1#
12
#18480362
b1010110100111 7
0(
0#
02
#18482029
bx0x001x0x0x0xx00x01xxxxxxxxx0000000000000xxx00xxxxxx0x0000xx &
1(
1#
12
#18483696
b1010110101000 7
0(
0#
02
#18485363
bx0x001x0x0x0xx00x01x0xxxxxxx00000000000000xx00xxxxxx0x0000xx &
1(
1#
12
#18487030
b1010110101001 7
0(
0#
02
#18488697
bx0x001x0x0x0xx00x01xx0xxxxxx000000000000000x00xxxxxx0x0000xx &
1(
1#
12
#18490364
b1010110101010 7
0(
0#
02
#18492031
bx0x001x0x0x0xx00x01xxx0xxxxx000000000000000000xxxxxx0x0000xx &
1(
1#
12
#18493698
b1010110101011 7
0(
0#
02
#18495365
bx0x001x0x0x0xx00x01x0xx0xxxx000000000000000000xxxxxx0x0000xx &
1(
1#
12
#18497032
b1010110101100 7
0(
0#
02
#18498699
bx0x001x0x0x0xx00x01x00xx0xxx0x0000000000000000xxxxxx0x0000xx &
1(
1#
12
#18500366
b1010110101101 7
0(
0#
02
#18502033
bx0x001x0x0x0xx00x01x000xx0xx0x0000000000000000xxxxxx0x0000xx &
1(
1#
12
#18503700
b1010110101110 7
0(
0#
02
#18505367
bx0x001x0x0x0xx00x01x0000xx0x0x0x00000000000000xxxxxx0x0000xx &
1(
1#
12
#18507034
b1010110101111 7
0(
0#
02
#18508701
bx0x001x0x0x0xx00x01x00000xx00x0x00000000000000xxxxxxxx0000xx &
1(
1#
12
#18510368
b1010110110000 7
0(
0#
02
#18512035
bx0x001x0x0x00x00x01x000000xx0x0x00000000000000xxxxxxxx0000xx &
1(
1#
12
#18513702
b1010110110001 7
0(
0#
02
#18515369
bx0x001x0x0x0x000x01x0000000x0x0x0000x000000000xxxxxxxx0000xx &
1(
1#
12
#18517036
b1010110110010 7
0(
0#
02
#18518703
bx0x001x0x0x0xx00x01x000000000x0x00000x00000000xxxxxxxx0000xx &
1(
1#
12
#18520370
b1010110110011 7
0(
0#
02
#18522037
bx0x001x0x0x00x00x01xx00000000x0x000000x0000000xxxxxxx00000xx &
1(
1#
12
#18523704
b1010110110100 7
0(
0#
02
#18525371
bx0x001x0x0x00000001xxx0000000x0x0000000x000000xxxxxxx00000xx &
1(
1#
12
#18527038
b1010110110101 7
0(
0#
02
#18528705
bx0x001x0x0x00000x01xxxx000000x0x00000000000000xxxxxxx00000xx &
1(
1#
12
#18530372
b1010110110110 7
0(
0#
02
#18532039
bx0x001x0x0x00000x01xxxxx00000x0x000000000x0000xxxxxxx0x000xx &
1(
1#
12
#18533706
b1010110110111 7
0(
0#
02
#18535373
bx0x001x0x0x000000010xxxxx0000x0x0000000000x000xxxxxx000000xx &
1(
1#
12
#18537040
b1010110111000 7
0(
0#
02
#18538707
bx0x001x0x0x00000001xxxxxxx000x0x00000000000x00xxxxxx00x000xx &
1(
1#
12
#18540374
b1010110111001 7
0(
0#
02
#18542041
z,
bx0x00zx0x0x00000001xxxxxxxx00x0x00000000000000xxxxxx00x000xx &
1(
1#
12
#18543708
b1010110111010 7
0(
0#
02
#18545375
1,
bx0x00100x0x000000010xxxxxxxx0x0x00000000000000xxxxxx00xx00xx &
1(
1#
12
#18547042
b1010110111011 7
0(
0#
02
#18548709
bx0x001x0x0x0x0000010xxxxxxxx0x0x00000000000000xxxxxx00xx00xx &
1(
1#
12
#18550376
b1010110111100 7
0(
0#
02
#18552043
z,
bx0x00zx000x0xx000010xxxxxxxx0x0x00000000000000xxxxxx0xxx00xx &
1(
1#
12
#18553710
b1010110111101 7
0(
0#
02
#18555377
bx0x00z00x0x0xx000010xxxxxxxx0x0x00000000000000xxxxxx0xxx00xx &
1(
1#
12
#18557044
b1010110111110 7
0(
0#
02
#18558711
bx0x00z00x000xx000010xxxxxxxx0x0x00000000000000xxxxxx0x0xx0xx &
1(
1#
12
#18560378
b1010110111111 7
0(
0#
02
#18562045
bx0x00z0000x0xx00x010xxxxxxxx0x0x00000000000000xxxxxx0x0x00xx &
1(
1#
12
#18563712
b1010111000000 7
0(
0#
02
#18565379
b0xxxx0x00z0000x0xx00x010xxxxxxxx0x0x00000000000000xxxxxx0x0xx0xx &
1(
1#
12
#18567046
b1010111000001 7
0(
0#
02
#18568713
bx0xxx0x00z000000xx00x010xxxxxxxx0x0x00000000000000xxxxxx0x0xx0xx &
1(
1#
12
#18570380
b1010111000010 7
0(
0#
02
#18572047
bx0xx0x00z000000xx00x01xxxxxxxxx0x0x00000000000000xxxxxx0x00xxxx &
1(
1#
12
#18573714
b1010111000011 7
0(
0#
02
#18575381
b0xx0x0x00z000000xx00x01xxxxxxxxx0x0x00000000000000xxxxxx0x0xxxxx &
1(
1#
12
#18577048
b1010111000100 7
0(
0#
02
#18578715
1,
b0xx00x001000000xx00x01xxxxxxxxx0x0x00000000000000xxxxxx0x00x0xx &
1(
1#
12
#18580382
b1010111000101 7
0(
0#
02
#18582049
b0xx0x001x00000xx00x01xxxxxxxxx0x0x00000000000000xxxxxx0x0000xx &
1(
1#
12
#18583716
b1010111000110 7
0(
0#
02
#18585383
b0x00001x00000xx00x01xxxxxxxxx0x0x00000000000000xxxxxx0x00x00x &
1(
1#
12
#18587050
b1010111000111 7
0(
0#
02
#18588717
b0x001x0x000xx00x01xxxxxxxxx0x0x00000000000000xxxxxx0x0000xx &
1(
1#
12
#18590384
b1010111001000 7
0(
0#
02
#18592051
1(
1#
12
#18593718
b1010111001001 7
0(
0#
02
#18595385
b1x0x0x0xx00x01xxxxxxxxx0x0x00000000000000xxxxxx0x000xxx &
1(
1#
12
#18597052
b1010111001010 7
0(
0#
02
#18598719
b1x0x0x0xx00x01xxxxxxxxx0x0x00000000000000xxxxxx0x0000xx &
1(
1#
12
#18600386
b1010111001011 7
0(
0#
02
#18602053
bx000000001x0x0x0xx00x01xxxxxxxxx0x0x0000x000000000xxxxxx0x000xxx &
1(
1#
12
#18603720
b1010111001100 7
0(
0#
02
#18605387
bx00000001x0x0x0xx00x01xxxxxxxxx0x0x0000xx00000000xxxxxx0x0000x0 &
1(
1#
12
#18607054
b1010111001101 7
0(
0#
02
#18608721
bx0000001x0x0x0xx00x01xxxxxxxxx0x0x0000xxx0000000xxxxxx0x0000x0 &
1(
1#
12
#18610388
b1010111001110 7
0(
0#
02
#18612055
bx000001x0x0x0xx00x01xxxxxxxxx0x0x0000xxxx000000xxxxxx000000x0 &
1(
1#
12
#18613722
b1010111001111 7
0(
0#
02
#18615389
bx00001x0x0x0xx00x01xxxxxxxxx0x0x0000xxxxx00000xxxxxx00000000 &
1(
1#
12
#18617056
b1010111010000 7
0(
0#
02
#18618723
bx00001x0x0x0xx00x01xxxxxxxxx0x0x0000xxxxx00000xxxxxx000000x0 &
1(
1#
12
#18620390
b1010111010001 7
0(
0#
02
#18622057
bx0x001x0x0x0xx00x01xxxxxxxxx0x0x0000xxxxx00000xxxxxx000000x0 &
1(
1#
12
#18623724
b1010111010010 7
0(
0#
02
#18625391
1(
1#
12
#18627058
b1010111010011 7
0(
0#
02
#18628725
bx0x001x0x0x0xx00x01xxxxxxxxx0x0x0000xxxxx00000xxxxxx00000000 &
1(
1#
12
#18630392
b1010111010100 7
0(
0#
02
#18632059
1(
1#
12
#18633726
b1010111010101 7
0(
0#
02
#18635393
1(
1#
12
#18637060
b1010111010110 7
0(
0#
02
#18638727
bx0x001x0x0x0xx00x01xxxxxxxxx0x0x0000xxxxx00000xxxxxx0x000000 &
1(
1#
12
#18640394
b1010111010111 7
0(
0#
02
#18642061
1(
1#
12
#18643728
b1010111011000 7
0(
0#
02
#18645395
1(
1#
12
#18647062
b1010111011001 7
0(
0#
02
#18648729
1(
1#
12
#18650396
b1010111011010 7
0(
0#
02
#18652063
1(
1#
12
#18653730
b1010111011011 7
0(
0#
02
#18655397
bx0x001x0x0x0xx00x01xxxxxxxxx0x0x0000xxxxx00000xxxxxx0x0000x0 &
1(
1#
12
#18657064
b1010111011100 7
0(
0#
02
#18658731
bx0x001x0x0x0xx00x01xxxxxxxxx0x0x0000xxxxx00000xxxxxx0x0000xx &
1(
1#
12
#18660398
b1010111011101 7
0(
0#
02
#18662065
1(
1#
12
#18663732
b1010111011110 7
0(
0#
02
#18665399
1(
1#
12
#18667066
b1010111011111 7
0(
0#
02
#18668733
1(
1#
12
#18670400
b1010111100000 7
0(
0#
02
#18672067
1(
1#
12
#18673734
b1010111100001 7
0(
0#
02
#18675401
1(
1#
12
#18677068
b1010111100010 7
0(
0#
02
#18678735
1(
1#
12
#18680402
b1010111100011 7
0(
0#
02
#18682069
1(
1#
12
#18683736
b1010111100100 7
0(
0#
02
#18685403
1(
1#
12
#18687070
b1010111100101 7
0(
0#
02
#18688737
1(
1#
12
#18690404
b1010111100110 7
0(
0#
02
#18692071
1(
1#
12
#18693738
b1010111100111 7
0(
0#
02
#18695405
1(
1#
12
#18697072
b1010111101000 7
0(
0#
02
#18698739
1(
1#
12
#18700406
b1010111101001 7
0(
0#
02
#18702073
1(
1#
12
#18703740
b1010111101010 7
0(
0#
02
#18705407
1(
1#
12
#18707074
b1010111101011 7
0(
0#
02
#18708741
1(
1#
12
#18710408
b1010111101100 7
0(
0#
02
#18712075
1(
1#
12
#18713742
b1010111101101 7
0(
0#
02
#18715409
1(
1#
12
#18717076
b1010111101110 7
0(
0#
02
#18718743
1(
1#
12
#18720410
b1010111101111 7
0(
0#
02
#18722077
bx0x0x1x0x0x0xx00x01xxxxxxxxx0x0x0000xxxxx00000xxxxxx0x0000xx &
1(
1#
12
#18723744
b1010111110000 7
0(
0#
02
#18725411
bx0x001x0x0x0xx00x01xxxxxxxxx0x0x0000xxxxx00000xxxxxx0x0000xx &
1(
1#
12
#18727078
b1010111110001 7
0(
0#
02
#18728745
0,
bx0x000x0x0x0xx00x01xxxxxxxxx0x0x0000xxxxx00000xxxxxx0x0000xx &
1(
1#
12
#18730412
b1010111110010 7
0(
0#
02
#18732079
1(
1#
12
#18733746
b1010111110011 7
0(
0#
02
#18735413
1(
1#
12
#18737080
b1010111110100 7
0(
0#
02
#18738747
1,
bx0x001x0x0x0xx00x01xxxxxxxxx0x0x0000xxxxx00000xxxxxx0x0000xx &
1(
1#
12
#18740414
b1010111110101 7
0(
0#
02
#18742081
bx0x00100x0x0xx00x01xxxxxxxxx0x0x0000xxxxx00000xxxxxx0x0000xx &
1(
1#
12
#18743748
b1010111110110 7
0(
0#
02
#18745415
1(
1#
12
#18747082
b1010111110111 7
0(
0#
02
#18748749
bx0x001x0x0x0xx00x01xxxxxxxxx0x0x0000xxxxx00000xxxxxx0x0000xx &
1(
1#
12
#18750416
b1010111111000 7
0(
0#
02
#18752083
bx0x0x1x0x0x0xx00x01xxxxxxxxx0x0x0000xxxxx00000xxxxxx0x0000xx &
1(
1#
12
#18753750
b1010111111001 7
0(
0#
02
#18755417
bx0x001x0x0x0xx00x01xxxxxxxxx0x0x0000xxxxx00000xxxxxx0x0000xx &
1(
1#
12
#18757084
b1010111111010 7
0(
0#
02
#18758751
0,
bx0x000x0x0x0xx00x01xxxxxxxxx0x0x0000xxxxx00000xxxxxx0x0000xx &
1(
1#
12
#18760418
b1010111111011 7
0(
0#
02
#18762085
0,
bx0x000x0x0x0xx00x01xxxxxxxxx0x0x0000xxxxx00000xxxxxx0x0000xx &
1(
1#
12
#18763752
b1010111111100 7
0(
0#
02
#18765419
1(
1#
12
#18767086
b1010111111101 7
0(
0#
02
#18768753
1,
bx0x001x000x0xx00x01xxxxxxxxx0x0x0000xxxxx00000xxxxxx0x0000xx &
1(
1#
12
#18770420
b1010111111110 7
0(
0#
02
#18772087
bx0x00100x0x0xx00x01xxxxxxxxx0x0x0000xxxxx00000xxxxxx0x0000xx &
1(
1#
12
#18773754
b1010111111111 7
0(
0#
02
#18775421
bx0x00100x0x0xx00x01xxxxxxxxx0x0x0000xxxxx00000xxxxxx0x0000xx &
1(
1#
12
#18777088
b1011000000000 7
0(
0#
02
#18778755
bx0x001x0x0x0xx00x01xxxxxxxxxxx0x0000xxxxx00000xxxxxx0x0000xx &
1(
1#
12
#18780422
b1011000000001 7
0(
0#
02
#18782089
bx0x001x0x0x0xx00x01xxxxxxxxx0x0x0000xxxxx00000xxxxxx0x0000xx &
1(
1#
12
#18783756
b1011000000010 7
0(
0#
02
#18785423
bx0x001x0xxx0xx00x01xxxxxxxxx0x0x0000xxxxx00000xxxxxx0x0000xx &
1(
1#
12
#18787090
b1011000000011 7
0(
0#
02
#18788757
bx0x001x0xxx0xx00x01xxxxxxxxx000x0000xxxxx00000xxxxxx0x0000xx &
1(
1#
12
#18790424
b1011000000100 7
0(
0#
02
#18792091
bx0x001x0x0x0xx00x01xxxxxxxxx0x0x0000xxxxx00000xxxxxx0x0000xx &
1(
1#
12
#18793758
b1011000000101 7
0(
0#
02
#18795425
bx0x001x0x000xx00x01xxxxxxxxx0x0x0000xxxxx00000xxxxxx0x0000xx &
1(
1#
12
#18797092
b1011000000110 7
0(
0#
02
#18798759
bx0x001x00000xx00x01xxxxxxxxx0x0x0000xxxxx00000xxxxxx0x0000xx &
1(
1#
12
#18800426
b1011000000111 7
0(
0#
02
#18802093
bx0x001x0x0x0xx00x01xxxxxxxxx0x0x0000xxxxx00000xxxxxx0x0000xx &
1(
1#
12
#18803760
b1011000001000 7
0(
0#
02
#18805427
1(
1#
12
#18807094
b1011000001001 7
0(
0#
02
#18808761
1(
1#
12
#18810428
b1011000001010 7
0(
0#
02
#18812095
bx0x001x0x0x0xx00x01xxxxxxxxx0x000000xxxxx00000xxxxxx0x0000xx &
1(
1#
12
#18813762
b1011000001011 7
0(
0#
02
#18815429
bx0x001x0xxx0xx00x01xxxxxxxxx0x0x0000xxxxx00000xxxxxx0x0000xx &
1(
1#
12
#18817096
b1011000001100 7
0(
0#
02
#18818763
1(
1#
12
#18820430
b1011000001101 7
0(
0#
02
#18822097
bx0x001x0x0x0xx00x01xxxxxxxxx0x0x0000xxxxx00000xxxxxx0x0000xx &
1(
1#
12
#18823764
b1011000001110 7
0(
0#
02
#18825431
bx0x001x0x000xx00x01xxxxxxxxx0x0xx000xxxxx00000xxxxxx0x0000xx &
1(
1#
12
#18827098
b1011000001111 7
0(
0#
02
#18828765
bx0x001x0x000xx00x01xxxxxxxxx0x0xx000xxxxx00000xxxxxx0x0000xx &
1(
1#
12
#18830432
b1011000010000 7
0(
0#
02
#18832099
bx0x001x0x0x0xx00x01xxxxxxxxx0x0x0000xxxxx00000xxxxxx0x0000xx &
1(
1#
12
#18833766
b1011000010001 7
0(
0#
02
#18835433
1(
1#
12
#18837100
b1011000010010 7
0(
0#
02
#18838767
1(
1#
12
#18840434
b1011000010011 7
0(
0#
02
#18842101
bx0x001x0x0x0xx00x01xxxxxxxxx0x0x0000xxxxx00000xxxxxx0x0000xx &
1(
1#
12
#18843768
b1011000010100 7
0(
0#
02
#18845435
bx0x001x0x0x0xx00x01xxxxxxxxx0x0x0x00xxxxx00000xxxxxx0x0000xx &
1(
1#
12
#18847102
b1011000010101 7
0(
0#
02
#18848769
bx0x001x0x0x0xx00x01xxxxxxxxx0x0x0000xxxxx00000xxxxxx0x0000xx &
1(
1#
12
#18850436
b1011000010110 7
0(
0#
02
#18852103
1(
1#
12
#18853770
b1011000010111 7
0(
0#
02
#18855437
bx0x001x0x0x0xx00x01xxxxxxxxx0x0x0000xxxxx00000xxxxxx0x0000xx &
1(
1#
12
#18857104
b1011000011000 7
0(
0#
02
#18858771
bx0x001x0x0x0xx00x01xxxxxxxxx0x0x00x0xxxxx00000xxxxxx0x0000xx &
1(
1#
12
#18860438
b1011000011001 7
0(
0#
02
#18862105
bx0x001x0x0x0xx00x01xxxxxxxxx0x0x0000xxxxx00000xxxxxx0x0000xx &
1(
1#
12
#18863772
b1011000011010 7
0(
0#
02
#18865439
bx0x001x0x0x0xx00x01xxxxxxxxx0x0x000xxxxxx00000xxxxxx0x0000xx &
1(
1#
12
#18867106
b1011000011011 7
0(
0#
02
#18868773
bx0x001x0x0x0xx00x01xxxxxxxxx0x0x0000xxxxx00000xxxxxx0x0000xx &
1(
1#
12
#18870440
b1011000011100 7
0(
0#
02
#18872107
1(
1#
12
#18873774
b1011000011101 7
0(
0#
02
#18875441
1(
1#
12
#18877108
b1011000011110 7
0(
0#
02
#18878775
bx0x001x0x0x0xx00x01xxxxxxxxx000x0000xxxxx00000xxxxxx0x0000xx &
1(
1#
12
#18880442
b1011000011111 7
0(
0#
02
#18882109
bx0x001x0x0x0xx00x01xxxxxxxxx0x0x0000xxxxx00000xxxxxx0x0000xx &
1(
1#
12
#18883776
b1011000100000 7
0(
0#
02
#18885443
bx0x001x0x0x0xx00x01xxxxxxxxx0x0000000xxxx00000xxxxxx0x0000xx &
1(
1#
12
#18887110
b1011000100001 7
0(
0#
02
#18888777
bx0x001x0x0x0xx00x01xxxxxxxxx0x0x00000xxxx00000xxxxxx0x0000xx &
1(
1#
12
#18890444
b1011000100010 7
0(
0#
02
#18892111
1(
1#
12
#18893778
b1011000100011 7
0(
0#
02
#18895445
bx0x001x0x0x0xx00x01xxxxxxxxx0x0x0000xxxxx00000xxxxxx0x0000xx &
1(
1#
12
#18897112
b1011000100100 7
0(
0#
02
#18898779
bx0x001x0x0x0xx00x01xxxxxxxxxxx0x0000xxxxx00000xxxxxx0x0000xx &
1(
1#
12
#18900446
b1011000100101 7
0(
0#
02
#18902113
bx0x001x0x0x0xx00x01x0xxxxxxx0x0x0000x0xxx00000xxxxxx0x0000xx &
1(
1#
12
#18903780
b1011000100110 7
0(
0#
02
#18905447
bx0x001x0x0x0xx00x01xx0xxxxxxxx0x0000xxxxx00000xxxxxx0x0000xx &
1(
1#
12
#18907114
b1011000100111 7
0(
0#
02
#18908781
bx0x001x0x0x0xx00x01xxx0xxxxxxx0x0000xxxxx00000xxxxxx0x0000xx &
1(
1#
12
#18910448
b1011000101000 7
0(
0#
02
#18912115
bx0x001x0x0x0xx00x01xxxx0xxxxxx0x0000xxxxx00000xxxxxx0x0000xx &
1(
1#
12
#18913782
b1011000101001 7
0(
0#
02
#18915449
bx0x001x0x0x0xx00x01xxxxx0xxxx00x0000xx0xx00000xxxxxx0x0000xx &
1(
1#
12
#18917116
b1011000101010 7
0(
0#
02
#18918783
bx0x001x0x0x0xx00x01xxxxxx0xxxx0x0000xxxxx00000xxxxxx0x0000xx &
1(
1#
12
#18920450
b1011000101011 7
0(
0#
02
#18922117
bx0x001x0x0x0xx00x01xxxxxxx0xxx0x0000xxxxx00000xxxxxx0x0000xx &
1(
1#
12
#18923784
b1011000101100 7
0(
0#
02
#18925451
bx0x001x0x0x0xx00x01xxxxxxxx0xx0x0000xxx0x00000xxxxxx0x0000xx &
1(
1#
12
#18927118
b1011000101101 7
0(
0#
02
#18928785
bx0x001x0x0x00x00x01xxxxxxxxxxx0x0000xxx0x00000xxxxxx0x0000xx &
1(
1#
12
#18930452
b1011000101110 7
0(
0#
02
#18932119
bx0x001x0x0x0x000x01xxxxxxxxxxxxx0000xxxxx00000xxxxxx0x0000xx &
1(
1#
12
#18933786
b1011000101111 7
0(
0#
02
#18935453
bx0x001x0x0x0xx00x01xxxxxxxxxxxxx0000xxxxx00000xxxxxx0x0000xx &
1(
1#
12
#18937120
b1011000110000 7
0(
0#
02
#18938787
bx0x001x0x0x0xx00x01xxxxxxxxxxxx00000xxxxx00000xxxxxx0x0000xx &
1(
1#
12
#18940454
b1011000110001 7
0(
0#
02
#18942121
bx0x001x0x0x0xx00001xxxxxxxxx0xxx0000xxxx000000xxxxxx0x0000xx &
1(
1#
12
#18943788
b1011000110010 7
0(
0#
02
#18945455
bx0x001x0x0x0xx00x01xxxxxxxxxxxx00000xxxxx00000xxxxxx0x0000xx &
1(
1#
12
#18947122
b1011000110011 7
0(
0#
02
#18948789
bx0x001x0x0x0xx00x01xxxxxxxxx0xx00000xxxxx00000xxxxxx0x0000xx &
1(
1#
12
#18950456
b1011000110100 7
0(
0#
02
#18952123
bx0x001x0x0x0xx00x010xxxxxxxx0xx00000xxxxx00000xxxxxx0x0000xx &
1(
1#
12
#18953790
b1011000110101 7
0(
0#
02
#18955457
bx0x001x0x0x0xx00x01xxxxxxxxxx0x00000xxxxx00000xxxxxx0x0000xx &
1(
1#
12
#18957124
b1011000110110 7
0(
0#
02
#18958791
z,
bx0x00zx0x0x0xx00x01xxxxxxxxxx0x0x000xxxxxx0000xxxxxx0x0000xx &
1(
1#
12
#18960458
b1011000110111 7
0(
0#
02
#18962125
1,
bx0x00100x0x0xx00x01xxxxxxxxxx0x0x000xxxxxx0000xxxxxx0x0000xx &
1(
1#
12
#18963792
b1011000111000 7
0(
0#
02
#18965459
bx0x001x0x0x0xx00x01xxxxxxxxxx0x0x000xxxxx0x000xxxxxx0x0000xx &
1(
1#
12
#18967126
b1011000111001 7
0(
0#
02
#18968793
bx0x001x000x00x00x01xxxxxxxxxxx00xx00xxxxx0x000xxxxxx0x0000xx &
1(
1#
12
#18970460
b1011000111010 7
0(
0#
02
#18972127
bx0x001x0x0x00x00x01xxxxxxxxxxxx0x000xxxxx00000xxxxxx0x0000xx &
1(
1#
12
#18973794
b1011000111011 7
0(
0#
02
#18975461
bx0x001x0x000xx00x01xxxxxxxxxxx00x000xxxxx00000xxxxxx0x0000xx &
1(
1#
12
#18977128
b1011000111100 7
0(
0#
02
#18978795
bx0x001x0x0x0xx00x01xxxxxxxxxxx00x0x0xxxxx00x00xxxxxx0x0000xx &
1(
1#
12
#18980462
b1011000111101 7
0(
0#
02
#18982129
b0xxxx0x001x0x0x0x000x01xxxxxxxxxxxxxx000xxxxx00000xxxxxx0x0000xx &
1(
1#
12
#18983796
b1011000111110 7
0(
0#
02
#18985463
bx0xxx0x001x0x0x0x000x01xxxxxxxxxxxxxx0x0xxxxx00x00xxxxxx0x0000xx &
1(
1#
12
#18987130
b1011000111111 7
0(
0#
02
#18988797
bx0xx0x001x0x0x0xx00x01xxxxxxxxxxxx0x0x00xxxx00000xxxxxx0x0000xx &
1(
1#
12
#18990464
b1011001000000 7
0(
0#
02
#18992131
bx0x0x001x0x0x0xx00x01xxxxxxxxxxxxxx0xx00xxx00000xxxxxx0x0000xx &
1(
1#
12
#18993798
b1011001000001 7
0(
0#
02
#18995465
bx00x001x0x0x0xxx0x01xxxxxxxxxxxx000x0x00xx00000xxxxxx0x0000xx &
1(
1#
12
#18997132
b1011001000010 7
0(
0#
02
#18998799
bx0x001x0x0x0xx00x01xxxxxxxxxxxx0x0xxxx00x00000xxxxxx0x0000xx &
1(
1#
12
#19000466
b1011001000011 7
0(
0#
02
#19002133
bx00001x0x0x00xx0x01xxxxxxxxx0xx0x0xxxxx0000000xxxxxx0x0000xx &
1(
1#
12
#19003800
b1011001000100 7
0(
0#
02
#19005467
bx0x001x0x0x0xx00x01xxxxxxxxx00x000xxxxxx0000x0xxxxxx0x0000xx &
1(
1#
12
#19007134
b1011001000101 7
0(
0#
02
#19008801
bx0x001x0x0x0xx00x01xxxxxxxxx0000x0xx0xxxx000x0xxxxxxxx0000xx &
1(
1#
12
#19010468
b1011001000110 7
0(
0#
02
#19012135
bx0x001x0x0x0x00xx01xxxxxxxxx0000xxxxxxxxx00000xxxxxxx00000xx &
1(
1#
12
#19013802
b1011001000111 7
0(
0#
02
#19015469
bx0x001x0x0x0x00xx01xxxxxxxxx000000xxxxxxx00000xxxxxxx00000xx &
1(
1#
12
#19017136
b1011001001000 7
0(
0#
02
#19018803
bx0x001x0x0x0xx00x01xxxxxxxxx000000xxxxxxx00000xxxxxxxx0000xx &
1(
1#
12
#19020470
b1011001001001 7
0(
0#
02
#19022137
bx0x001x0x0x0xx00x01xxxxxxxxx0000000xx0xxx0000xxxxxxxx0x000xx &
1(
1#
12
#19023804
b1011001001010 7
0(
0#
02
#19025471
bx0x001x0x0x0xxx0001xxxxxxxxx00000000xxxxx0000xxxxxxxx0x000xx &
1(
1#
12
#19027138
b1011001001011 7
0(
0#
02
#19028805
bx0x001x0x0x0xx00x01x0xxxxxxx000000000xxxx000xxxxxxxxx00000xx &
1(
1#
12
#19030472
b1011001001100 7
0(
0#
02
#19032139
bx0x001x0x0x0xxx0x01x00xxxxxx000000000xxxx0000xxxxxxxx0x000xx &
1(
1#
12
#19033806
b1011001001101 7
0(
0#
02
#19035473
bx0x001x0x0x0xx00xx1x000xxxxx00000000xx0xx0000xxxxxxx000x00xx &
1(
1#
12
#19037140
b1011001001110 7
0(
0#
02
#19038807
bx0x001x0x0x0xx00x01x0000xxxx00000000xx0xx0000xxxxxxx00xx00xx &
1(
1#
12
#19040474
b1011001001111 7
0(
0#
02
#19042141
bx0x001x0x0x0xx0xx01x00000xxx00000000x00xx0000xxxxxxx00xx00xx &
1(
1#
12
#19043808
b1011001010000 7
0(
0#
02
#19045475
bx0x001x0x0x0xx0xx01x000000xx00000000xx00x00000xxxxxx00xx00xx &
1(
1#
12
#19047142
b1011001010001 7
0(
0#
02
#19048809
bx0x001x0x0x0xx00x01x0000000x00000000xx00x00000x0xxxx00xxx0xx &
1(
1#
12
#19050476
b1011001010010 7
0(
0#
02
#19052143
bx0x001x0x0x0xx00x0xx000000000x000000xx0xx00000xxxxxx0xxx00xx &
1(
1#
12
#19053810
b1011001010011 7
0(
0#
02
#19055477
bx0x001x0x0x00x00001x0000000000000000xxxxx000000xxxxx0xxx00xx &
1(
1#
12
#19057144
b1011001010100 7
0(
0#
02
#19058811
bx0x001x0x0x00000x01x0000000000000000xxxxx000000xxxxx0x0xx0xx &
1(
1#
12
#19060478
b1011001010101 7
0(
0#
02
#19062145
bx0x001x0x0x00000x010000000000000x000xxxx000000xxxxxx0x0x0xxx &
1(
1#
12
#19063812
b1011001010110 7
0(
0#
02
#19065479
bx0x001x0x0x00000xx100000000000000000xxxx000000xx0xxx0x0xx0xx &
1(
1#
12
#19067146
b1011001010111 7
0(
0#
02
#19068813
bx0x001x0x0x00000001x00000000000000x0xxx0000000xx0xxx0x0xxxxx &
1(
1#
12
#19070480
b1011001011000 7
0(
0#
02
#19072147
bx0x001x0x0x00000001x000000000000000xxxxx000000x00xxx0x00xxxx &
1(
1#
12
#19073814
b1011001011001 7
0(
0#
02
#19075481
bx0x001x0x0x00000001xx000000000000000xxxx000000x000xx0x0xxx0x &
1(
1#
12
#19077148
b1011001011010 7
0(
0#
02
#19078815
bx0x001x0x0x0000000100x00000000000000xxxx0x0000xx0xxx0x00x00x &
1(
1#
12
#19080482
b1011001011011 7
0(
0#
02
#19082149
bx0x001x0x0x00000001000x0000000000000xxxx0x0000xx0xxx0x00000x &
1(
1#
12
#19083816
b1011001011100 7
0(
0#
02
#19085483
z,
bx0x00zx0x0x000000010000x000000000000xxxxxxx000xx0xxx0x00x00x &
1(
1#
12
#19087150
b1011001011101 7
0(
0#
02
#19088817
bx0x00z00x0x0000000100000x00000000000xxxxxxx000xxxxxx0x0000xx &
1(
1#
12
#19090484
b1011001011110 7
0(
0#
02
#19092151
bx0x00z00x0x00000001000000x0000000000xxxxxxx000xxxx0x0x0000x0 &
1(
1#
12
#19093818
b1011001011111 7
0(
0#
02
#19095485
bx0x00z0000x000000010000000x000000000xxxxx0x000xxx00x0x000xx0 &
1(
1#
12
#19097152
b1011001100000 7
0(
0#
02
#19098819
bx0x00z0000x0000000100000000x00000000xxxxxxxx00xxxx000x0000xx &
1(
1#
12
#19100486
b1011001100001 7
0(
0#
02
#19102153
bx0x00z000000x00000100000000000000000xxxxxxx000xxx00x00000xxx &
1(
1#
12
#19103820
b1011001100010 7
0(
0#
02
#19105487
bx0x00z0000000x0000100000000000000000xxxxx0xx00xxxx0x0x0000x0 &
1(
1#
12
#19107154
b1011001100011 7
0(
0#
02
#19108821
b0xxxx0x00z0000000000001000000000000000000xxxx00x00xxxxxx0x0000x0 &
1(
1#
12
#19110488
b1011001100100 7
0(
0#
02
#19112155
b0xxx0x00z00000000000010000000000000000000xxx00x00xxxx0x000000x0 &
1(
1#
12
#19113822
b1011001100101 7
0(
0#
02
#19115489
b0xx0x00z0000000000x0100000000000000000000xx00x000xxx0x00000000 &
1(
1#
12
#19117156
b1011001100110 7
0(
0#
02
#19118823
b0x0x00z0000000000001000000000000000000000x00x0000xxxx00000000 &
1(
1#
12
#19120490
b1011001100111 7
0(
0#
02
#19122157
b0x00z0000000000001000000000000000000000000000000xxx000000x0 &
1(
1#
12
#19123824
b1011001101000 7
0(
0#
02
#19125491
b0x00z0000000000001x00000000000000000000000x000000x0000000x0 &
1(
1#
12
#19127158
b1011001101001 7
0(
0#
02
#19128825
b0z000000000000100000000000000000000000000000000000000000 &
0+
1(
1#
12
#19130492
b1011001101010 7
0(
0#
02
#19132159
0,
b100000000000000000000000000000000000000000 &
1(
1#
12
#19133826
0%
b0 =
1!
1.
0(
0#
02
#19135493
12
#19137160
02
#19138827
12
#19139826
0)
0/
#19140494
02
#19140826
1$
1"
11
#19141826
b0 &
0;
05
0$
0"
01
#19142161
12
#19142826
1$
1"
11
#19143826
b100000000000000000000000000000000000000000 &
15
0$
0"
01
#19143828
02
#19144826
1$
1"
11
#19145495
12
#19145826
0$
0"
01
#19146826
1$
1"
11
#19147162
02
#19147826
1,
1-
b1000000000000100010000000000000000000000000000000000000 &
16
0$
0"
01
#19148826
1$
1"
11
#19148829
12
#19149826
0$
0"
01
#19150496
02
#19150826
1$
1"
11
#19151826
0,
0-
b0 &
06
05
0$
0"
01
#19152163
12
#19152826
1$
1"
11
#19153826
1,
1-
b1000000000000100010000000000000000000000000000000000000 &
16
15
0$
0"
01
#19153830
02
#19154826
1$
1"
11
#19155497
12
#19155826
0,
0-
b10000000000000000000000000000000000000 &
05
0$
0"
01
#19156826
1$
1"
11
#19157164
02
#19157826
1,
1-
b1000000000000100010000000000000000000000000000000000000 &
15
0$
0"
01
#19158826
1$
1"
11
#19158831
12
#19159826
0,
0-
b100000000000000000000000000000000000000000 &
06
0$
0"
01
#19160498
02
#19160826
1$
1"
11
#19161000
